<?xml version="1.0" encoding="UTF-8" standalone="no"?><gpx xmlns="http://www.topografix.com/GPX/1/1" xmlns:gpxtpx="http://www.garmin.com/xmlschemas/TrackPointExtension/v1" xmlns:xsi="http://www.w3.org/2001/XMLSchema-instance" creator="Suunto app" version="1.1" xsi:schemaLocation="http://www.topografix.com/GPX/1/1 http://www.topografix.com/GPX/1/1/gpx.xsd http://www.garmin.com/xmlschemas/TrackPointExtension/v1 http://www.garmin.com/xmlschemas/TrackPointExtensionv1.xsd"><metadata><name>suuntoapp-TrailRunning-2026-08-02T04-52-53Z</name><desc/><author><name>Tomasz Sendal</name></author></metadata><rte><name>suuntoapp-TrailRunning-2026-08-02T04-52-53Z</name><rtept lat="50.166017" lon="18.559663"><ele>263.6</ele></rtept><rtept lat="50.166027" lon="18.55972"><ele>263.6</ele></rtept><rtept lat="50.16604" lon="18.559772"><ele>263.6</ele></rtept><rtept lat="50.166057" lon="18.559822"><ele>263.6</ele></rtept><rtept lat="50.166067" lon="18.559865"><ele>263.6</ele></rtept><rtept lat="50.166068" lon="18.559907"><ele>263.8</ele></rtept><rtept lat="50.166067" lon="18.559945"><ele>263.8</ele></rtept><rtept lat="50.166065" lon="18.559982"><ele>263.8</ele></rtept><rtept lat="50.166047" lon="18.56002"><ele>263.8</ele></rtept><rtept lat="50.166037" lon="18.560055"><ele>264.0</ele></rtept><rtept lat="50.16602" lon="18.560082"><ele>264.0</ele></rtept><rtept lat="50.165998" lon="18.560107"><ele>264.0</ele></rtept><rtept lat="50.165975" lon="18.560127"><ele>263.8</ele></rtept><rtept lat="50.165952" lon="18.560152"><ele>263.6</ele></rtept><rtept lat="50.165937" lon="18.560182"><ele>263.4</ele></rtept><rtept lat="50.165922" lon="18.560212"><ele>263.4</ele></rtept><rtept lat="50.165902" lon="18.560233"><ele>263.2</ele></rtept><rtept lat="50.165882" lon="18.560257"><ele>263.0</ele></rtept><rtept lat="50.165862" lon="18.56029"><ele>262.8</ele></rtept><rtept lat="50.16584" lon="18.560315"><ele>262.6</ele></rtept><rtept lat="50.165817" lon="18.56034"><ele>262.6</ele></rtept><rtept lat="50.165797" lon="18.56036"><ele>262.4</ele></rtept><rtept lat="50.16578" lon="18.560385"><ele>262.2</ele></rtept><rtept lat="50.16576" lon="18.560402"><ele>262.0</ele></rtept><rtept lat="50.16574" lon="18.560427"><ele>262.0</ele></rtept><rtept lat="50.165722" lon="18.560452"><ele>261.8</ele></rtept><rtept lat="50.165702" lon="18.560477"><ele>261.8</ele></rtept><rtept lat="50.165685" lon="18.560505"><ele>261.8</ele></rtept><rtept lat="50.165667" lon="18.560525"><ele>261.6</ele></rtept><rtept lat="50.165652" lon="18.560547"><ele>261.6</ele></rtept><rtept lat="50.165632" lon="18.560562"><ele>261.6</ele></rtept><rtept lat="50.165617" lon="18.560585"><ele>261.2</ele></rtept><rtept lat="50.165597" lon="18.5606"><ele>261.0</ele></rtept><rtept lat="50.165577" lon="18.560607"><ele>260.8</ele></rtept><rtept lat="50.16556" lon="18.560617"><ele>260.6</ele></rtept><rtept lat="50.165542" lon="18.56062"><ele>260.4</ele></rtept><rtept lat="50.165527" lon="18.560622"><ele>260.2</ele></rtept><rtept lat="50.165492" lon="18.560613"><ele>260.0</ele></rtept><rtept lat="50.165457" lon="18.560602"><ele>259.8</ele></rtept><rtept lat="50.16544" lon="18.560597"><ele>259.8</ele></rtept><rtept lat="50.165397" lon="18.560582"><ele>259.6</ele></rtept><rtept lat="50.165375" lon="18.560577"><ele>259.4</ele></rtept><rtept lat="50.165357" lon="18.56057"><ele>259.4</ele></rtept><rtept lat="50.165332" lon="18.560552"><ele>259.4</ele></rtept><rtept lat="50.165315" lon="18.56053"><ele>259.2</ele></rtept><rtept lat="50.165297" lon="18.560502"><ele>259.2</ele></rtept><rtept lat="50.165277" lon="18.560482"><ele>259.2</ele></rtept><rtept lat="50.165252" lon="18.560457"><ele>259.0</ele></rtept><rtept lat="50.165232" lon="18.560437"><ele>259.0</ele></rtept><rtept lat="50.1652" lon="18.56043"><ele>258.8</ele></rtept><rtept lat="50.165175" lon="18.56042"><ele>258.8</ele></rtept><rtept lat="50.165147" lon="18.560412"><ele>258.8</ele></rtept><rtept lat="50.165122" lon="18.560412"><ele>258.6</ele></rtept><rtept lat="50.165097" lon="18.560412"><ele>258.4</ele></rtept><rtept lat="50.16507" lon="18.560417"><ele>258.4</ele></rtept><rtept lat="50.165047" lon="18.560422"><ele>258.4</ele></rtept><rtept lat="50.165017" lon="18.560427"><ele>258.4</ele></rtept><rtept lat="50.16499" lon="18.560432"><ele>258.2</ele></rtept><rtept lat="50.164965" lon="18.560423"><ele>258.2</ele></rtept><rtept lat="50.164945" lon="18.560405"><ele>258.0</ele></rtept><rtept lat="50.164925" lon="18.560382"><ele>257.8</ele></rtept><rtept lat="50.164902" lon="18.560347"><ele>257.8</ele></rtept><rtept lat="50.164882" lon="18.560315"><ele>257.6</ele></rtept><rtept lat="50.164857" lon="18.560282"><ele>257.6</ele></rtept><rtept lat="50.164822" lon="18.560247"><ele>257.6</ele></rtept><rtept lat="50.164802" lon="18.56021"><ele>257.6</ele></rtept><rtept lat="50.164785" lon="18.560167"><ele>257.6</ele></rtept><rtept lat="50.164772" lon="18.560125"><ele>257.6</ele></rtept><rtept lat="50.164762" lon="18.560092"><ele>257.4</ele></rtept><rtept lat="50.16475" lon="18.560057"><ele>257.4</ele></rtept><rtept lat="50.164735" lon="18.560027"><ele>257.4</ele></rtept><rtept lat="50.164717" lon="18.559997"><ele>257.4</ele></rtept><rtept lat="50.164697" lon="18.559965"><ele>257.2</ele></rtept><rtept lat="50.164677" lon="18.55994"><ele>257.2</ele></rtept><rtept lat="50.164655" lon="18.559927"><ele>257.0</ele></rtept><rtept lat="50.164632" lon="18.559922"><ele>257.0</ele></rtept><rtept lat="50.164642" lon="18.559912"><ele>257.0</ele></rtept><rtept lat="50.164587" lon="18.559945"><ele>256.6</ele></rtept><rtept lat="50.16457" lon="18.559952"><ele>256.4</ele></rtept><rtept lat="50.164547" lon="18.559967"><ele>256.4</ele></rtept><rtept lat="50.16452" lon="18.559982"><ele>256.4</ele></rtept><rtept lat="50.164497" lon="18.559987"><ele>256.2</ele></rtept><rtept lat="50.164472" lon="18.559997"><ele>256.2</ele></rtept><rtept lat="50.164445" lon="18.560012"><ele>256.0</ele></rtept><rtept lat="50.164417" lon="18.560017"><ele>256.0</ele></rtept><rtept lat="50.164392" lon="18.560027"><ele>256.0</ele></rtept><rtept lat="50.164365" lon="18.560042"><ele>255.8</ele></rtept><rtept lat="50.16434" lon="18.560057"><ele>255.6</ele></rtept><rtept lat="50.164312" lon="18.560067"><ele>255.6</ele></rtept><rtept lat="50.16429" lon="18.560075"><ele>255.4</ele></rtept><rtept lat="50.164262" lon="18.560087"><ele>255.4</ele></rtept><rtept lat="50.164237" lon="18.560097"><ele>255.2</ele></rtept><rtept lat="50.164212" lon="18.560107"><ele>255.0</ele></rtept><rtept lat="50.16419" lon="18.560122"><ele>255.0</ele></rtept><rtept lat="50.164167" lon="18.560137"><ele>254.8</ele></rtept><rtept lat="50.164147" lon="18.560152"><ele>254.8</ele></rtept><rtept lat="50.16412" lon="18.560167"><ele>254.6</ele></rtept><rtept lat="50.164095" lon="18.560175"><ele>254.4</ele></rtept><rtept lat="50.164072" lon="18.560185"><ele>254.4</ele></rtept><rtept lat="50.164045" lon="18.560195"><ele>254.2</ele></rtept><rtept lat="50.164017" lon="18.560202"><ele>254.2</ele></rtept><rtept lat="50.163997" lon="18.56021"><ele>254.0</ele></rtept><rtept lat="50.163987" lon="18.560215"><ele>254.0</ele></rtept><rtept lat="50.163977" lon="18.560217"><ele>254.0</ele></rtept><rtept lat="50.163972" lon="18.560227"><ele>253.8</ele></rtept><rtept lat="50.163947" lon="18.56023"><ele>253.6</ele></rtept><rtept lat="50.16391" lon="18.56023"><ele>253.8</ele></rtept><rtept lat="50.16387" lon="18.56025"><ele>253.6</ele></rtept><rtept lat="50.163847" lon="18.56025"><ele>253.6</ele></rtept><rtept lat="50.16383" lon="18.56026"><ele>253.6</ele></rtept><rtept lat="50.163807" lon="18.560265"><ele>253.4</ele></rtept><rtept lat="50.163782" lon="18.56028"><ele>253.2</ele></rtept><rtept lat="50.163757" lon="18.560292"><ele>253.4</ele></rtept><rtept lat="50.163725" lon="18.560297"><ele>253.4</ele></rtept><rtept lat="50.163697" lon="18.560317"><ele>253.4</ele></rtept><rtept lat="50.163672" lon="18.560327"><ele>253.2</ele></rtept><rtept lat="50.163645" lon="18.560337"><ele>253.0</ele></rtept><rtept lat="50.163617" lon="18.560347"><ele>253.0</ele></rtept><rtept lat="50.163597" lon="18.560357"><ele>252.8</ele></rtept><rtept lat="50.163572" lon="18.560367"><ele>252.6</ele></rtept><rtept lat="50.163552" lon="18.560385"><ele>252.6</ele></rtept><rtept lat="50.163527" lon="18.560397"><ele>252.6</ele></rtept><rtept lat="50.163507" lon="18.560415"><ele>252.6</ele></rtept><rtept lat="50.16348" lon="18.560437"><ele>252.6</ele></rtept><rtept lat="50.163462" lon="18.560445"><ele>252.6</ele></rtept><rtept lat="50.16344" lon="18.560458"><ele>252.4</ele></rtept><rtept lat="50.16342" lon="18.560465"><ele>252.4</ele></rtept><rtept lat="50.163395" lon="18.560475"><ele>252.4</ele></rtept><rtept lat="50.16337" lon="18.560477"><ele>252.4</ele></rtept><rtept lat="50.163347" lon="18.56049"><ele>252.4</ele></rtept><rtept lat="50.163327" lon="18.560502"><ele>252.4</ele></rtept><rtept lat="50.163307" lon="18.560517"><ele>252.4</ele></rtept><rtept lat="50.163282" lon="18.560527"><ele>252.4</ele></rtept><rtept lat="50.163252" lon="18.560535"><ele>252.6</ele></rtept><rtept lat="50.163217" lon="18.560542"><ele>252.4</ele></rtept><rtept lat="50.163192" lon="18.560557"><ele>252.4</ele></rtept><rtept lat="50.163165" lon="18.56058"><ele>252.4</ele></rtept><rtept lat="50.163142" lon="18.560587"><ele>252.2</ele></rtept><rtept lat="50.163117" lon="18.560595"><ele>252.2</ele></rtept><rtept lat="50.163102" lon="18.560607"><ele>252.2</ele></rtept><rtept lat="50.163082" lon="18.560625"><ele>252.2</ele></rtept><rtept lat="50.163057" lon="18.560632"><ele>252.2</ele></rtept><rtept lat="50.163035" lon="18.560637"><ele>252.4</ele></rtept><rtept lat="50.163012" lon="18.560642"><ele>252.2</ele></rtept><rtept lat="50.162987" lon="18.560657"><ele>252.2</ele></rtept><rtept lat="50.162962" lon="18.560657"><ele>252.2</ele></rtept><rtept lat="50.162942" lon="18.560667"><ele>252.2</ele></rtept><rtept lat="50.16292" lon="18.560675"><ele>252.2</ele></rtept><rtept lat="50.162902" lon="18.560692"><ele>252.4</ele></rtept><rtept lat="50.162877" lon="18.560705"><ele>252.4</ele></rtept><rtept lat="50.162857" lon="18.560717"><ele>252.4</ele></rtept><rtept lat="50.16284" lon="18.560722"><ele>252.2</ele></rtept><rtept lat="50.162822" lon="18.560725"><ele>252.2</ele></rtept><rtept lat="50.162787" lon="18.560757"><ele>252.2</ele></rtept><rtept lat="50.162767" lon="18.560765"><ele>252.2</ele></rtept><rtept lat="50.162742" lon="18.560767"><ele>252.2</ele></rtept><rtept lat="50.162715" lon="18.56078"><ele>252.2</ele></rtept><rtept lat="50.162687" lon="18.560777"><ele>252.2</ele></rtept><rtept lat="50.162667" lon="18.560782"><ele>252.2</ele></rtept><rtept lat="50.16265" lon="18.56079"><ele>252.2</ele></rtept><rtept lat="50.162617" lon="18.560795"><ele>252.2</ele></rtept><rtept lat="50.162592" lon="18.560792"><ele>252.2</ele></rtept><rtept lat="50.16257" lon="18.5608"><ele>252.2</ele></rtept><rtept lat="50.162547" lon="18.560817"><ele>252.4</ele></rtept><rtept lat="50.16253" lon="18.560837"><ele>252.4</ele></rtept><rtept lat="50.162512" lon="18.560852"><ele>252.2</ele></rtept><rtept lat="50.162492" lon="18.560877"><ele>252.4</ele></rtept><rtept lat="50.162472" lon="18.56089"><ele>252.4</ele></rtept><rtept lat="50.162455" lon="18.560902"><ele>252.4</ele></rtept><rtept lat="50.162432" lon="18.56091"><ele>252.4</ele></rtept><rtept lat="50.162412" lon="18.560912"><ele>252.6</ele></rtept><rtept lat="50.162397" lon="18.560917"><ele>252.6</ele></rtept><rtept lat="50.162375" lon="18.560937"><ele>252.6</ele></rtept><rtept lat="50.162345" lon="18.560945"><ele>252.8</ele></rtept><rtept lat="50.162322" lon="18.560957"><ele>252.8</ele></rtept><rtept lat="50.162302" lon="18.56096"><ele>252.8</ele></rtept><rtept lat="50.16228" lon="18.56097"><ele>252.6</ele></rtept><rtept lat="50.162257" lon="18.560987"><ele>252.6</ele></rtept><rtept lat="50.162232" lon="18.561007"><ele>252.8</ele></rtept><rtept lat="50.1622" lon="18.561022"><ele>252.8</ele></rtept><rtept lat="50.162182" lon="18.561027"><ele>252.8</ele></rtept><rtept lat="50.162157" lon="18.561037"><ele>252.8</ele></rtept><rtept lat="50.162132" lon="18.561032"><ele>253.0</ele></rtept><rtept lat="50.162107" lon="18.561035"><ele>253.0</ele></rtept><rtept lat="50.162082" lon="18.561047"><ele>253.0</ele></rtept><rtept lat="50.162062" lon="18.561057"><ele>253.0</ele></rtept><rtept lat="50.162042" lon="18.561062"><ele>253.0</ele></rtept><rtept lat="50.16203" lon="18.56107"><ele>252.8</ele></rtept><rtept lat="50.162017" lon="18.561077"><ele>252.8</ele></rtept><rtept lat="50.161965" lon="18.561112"><ele>252.8</ele></rtept><rtept lat="50.16194" lon="18.561122"><ele>252.8</ele></rtept><rtept lat="50.161915" lon="18.56113"><ele>252.8</ele></rtept><rtept lat="50.16189" lon="18.561125"><ele>252.8</ele></rtept><rtept lat="50.16187" lon="18.561142"><ele>252.8</ele></rtept><rtept lat="50.161842" lon="18.561155"><ele>252.8</ele></rtept><rtept lat="50.161817" lon="18.561162"><ele>252.8</ele></rtept><rtept lat="50.1618" lon="18.56117"><ele>252.8</ele></rtept><rtept lat="50.16178" lon="18.561182"><ele>252.6</ele></rtept><rtept lat="50.161762" lon="18.561197"><ele>252.6</ele></rtept><rtept lat="50.161737" lon="18.561217"><ele>252.6</ele></rtept><rtept lat="50.161715" lon="18.561235"><ele>252.6</ele></rtept><rtept lat="50.161692" lon="18.561242"><ele>252.6</ele></rtept><rtept lat="50.161672" lon="18.561252"><ele>252.6</ele></rtept><rtept lat="50.161642" lon="18.561257"><ele>252.6</ele></rtept><rtept lat="50.161607" lon="18.561262"><ele>252.8</ele></rtept><rtept lat="50.161577" lon="18.561272"><ele>252.8</ele></rtept><rtept lat="50.161555" lon="18.561292"><ele>252.8</ele></rtept><rtept lat="50.161523" lon="18.561295"><ele>252.8</ele></rtept><rtept lat="50.161507" lon="18.561305"><ele>253.0</ele></rtept><rtept lat="50.161492" lon="18.561312"><ele>253.0</ele></rtept><rtept lat="50.161472" lon="18.561312"><ele>253.0</ele></rtept><rtept lat="50.161427" lon="18.561337"><ele>253.2</ele></rtept><rtept lat="50.161407" lon="18.56135"><ele>253.2</ele></rtept><rtept lat="50.161387" lon="18.561362"><ele>253.2</ele></rtept><rtept lat="50.16136" lon="18.561375"><ele>253.2</ele></rtept><rtept lat="50.161337" lon="18.561382"><ele>253.2</ele></rtept><rtept lat="50.161317" lon="18.561397"><ele>253.2</ele></rtept><rtept lat="50.161302" lon="18.561408"><ele>253.2</ele></rtept><rtept lat="50.16128" lon="18.561427"><ele>253.2</ele></rtept><rtept lat="50.161262" lon="18.56144"><ele>253.2</ele></rtept><rtept lat="50.161237" lon="18.561443"><ele>253.0</ele></rtept><rtept lat="50.161217" lon="18.561455"><ele>253.2</ele></rtept><rtept lat="50.161192" lon="18.561472"><ele>253.2</ele></rtept><rtept lat="50.161172" lon="18.561477"><ele>253.2</ele></rtept><rtept lat="50.161147" lon="18.561492"><ele>253.2</ele></rtept><rtept lat="50.161127" lon="18.561502"><ele>253.2</ele></rtept><rtept lat="50.161102" lon="18.561507"><ele>253.2</ele></rtept><rtept lat="50.161073" lon="18.561512"><ele>253.4</ele></rtept><rtept lat="50.161052" lon="18.561525"><ele>253.4</ele></rtept><rtept lat="50.161025" lon="18.56154"><ele>253.4</ele></rtept><rtept lat="50.160995" lon="18.561555"><ele>253.4</ele></rtept><rtept lat="50.160975" lon="18.561547"><ele>253.4</ele></rtept><rtept lat="50.160962" lon="18.561572"><ele>253.4</ele></rtept><rtept lat="50.160947" lon="18.561592"><ele>253.4</ele></rtept><rtept lat="50.160897" lon="18.561607"><ele>253.4</ele></rtept><rtept lat="50.160877" lon="18.561607"><ele>253.4</ele></rtept><rtept lat="50.160847" lon="18.561617"><ele>253.4</ele></rtept><rtept lat="50.160817" lon="18.561612"><ele>253.4</ele></rtept><rtept lat="50.160787" lon="18.561617"><ele>253.6</ele></rtept><rtept lat="50.16077" lon="18.561622"><ele>253.6</ele></rtept><rtept lat="50.16075" lon="18.561632"><ele>253.6</ele></rtept><rtept lat="50.160725" lon="18.561642"><ele>253.6</ele></rtept><rtept lat="50.160707" lon="18.561655"><ele>253.6</ele></rtept><rtept lat="50.160687" lon="18.561665"><ele>253.8</ele></rtept><rtept lat="50.160662" lon="18.56168"><ele>253.8</ele></rtept><rtept lat="50.160637" lon="18.561682"><ele>253.8</ele></rtept><rtept lat="50.160615" lon="18.561685"><ele>254.0</ele></rtept><rtept lat="50.160595" lon="18.561685"><ele>254.2</ele></rtept><rtept lat="50.160575" lon="18.56169"><ele>254.2</ele></rtept><rtept lat="50.160557" lon="18.561697"><ele>254.2</ele></rtept><rtept lat="50.160537" lon="18.561705"><ele>254.2</ele></rtept><rtept lat="50.160522" lon="18.56171"><ele>254.2</ele></rtept><rtept lat="50.160487" lon="18.561732"><ele>254.2</ele></rtept><rtept lat="50.160465" lon="18.56174"><ele>254.4</ele></rtept><rtept lat="50.16044" lon="18.56175"><ele>254.4</ele></rtept><rtept lat="50.160417" lon="18.561757"><ele>254.6</ele></rtept><rtept lat="50.160395" lon="18.561767"><ele>254.6</ele></rtept><rtept lat="50.160377" lon="18.56177"><ele>254.6</ele></rtept><rtept lat="50.160357" lon="18.561787"><ele>254.8</ele></rtept><rtept lat="50.160337" lon="18.561795"><ele>255.0</ele></rtept><rtept lat="50.160312" lon="18.561807"><ele>255.0</ele></rtept><rtept lat="50.16029" lon="18.561822"><ele>255.0</ele></rtept><rtept lat="50.160272" lon="18.561837"><ele>255.0</ele></rtept><rtept lat="50.160257" lon="18.561847"><ele>255.0</ele></rtept><rtept lat="50.160232" lon="18.561862"><ele>255.0</ele></rtept><rtept lat="50.160217" lon="18.561885"><ele>255.0</ele></rtept><rtept lat="50.160192" lon="18.561897"><ele>255.2</ele></rtept><rtept lat="50.160172" lon="18.561917"><ele>255.2</ele></rtept><rtept lat="50.160147" lon="18.561932"><ele>255.4</ele></rtept><rtept lat="50.160127" lon="18.561957"><ele>255.4</ele></rtept><rtept lat="50.160087" lon="18.561985"><ele>255.6</ele></rtept><rtept lat="50.160072" lon="18.562"><ele>255.6</ele></rtept><rtept lat="50.160035" lon="18.561965"><ele>255.6</ele></rtept><rtept lat="50.160015" lon="18.56197"><ele>255.6</ele></rtept><rtept lat="50.159992" lon="18.561982"><ele>255.8</ele></rtept><rtept lat="50.15997" lon="18.561992"><ele>255.8</ele></rtept><rtept lat="50.159942" lon="18.562"><ele>256.0</ele></rtept><rtept lat="50.15992" lon="18.56201"><ele>256.0</ele></rtept><rtept lat="50.159895" lon="18.562017"><ele>256.2</ele></rtept><rtept lat="50.159877" lon="18.562037"><ele>256.2</ele></rtept><rtept lat="50.159862" lon="18.562047"><ele>256.4</ele></rtept><rtept lat="50.159842" lon="18.562057"><ele>256.4</ele></rtept><rtept lat="50.159827" lon="18.562065"><ele>256.6</ele></rtept><rtept lat="50.15979" lon="18.562062"><ele>257.0</ele></rtept><rtept lat="50.15977" lon="18.562072"><ele>257.2</ele></rtept><rtept lat="50.159752" lon="18.562087"><ele>257.2</ele></rtept><rtept lat="50.159727" lon="18.5621"><ele>257.4</ele></rtept><rtept lat="50.159702" lon="18.562117"><ele>257.4</ele></rtept><rtept lat="50.159677" lon="18.562135"><ele>257.6</ele></rtept><rtept lat="50.15965" lon="18.562142"><ele>257.8</ele></rtept><rtept lat="50.159622" lon="18.56215"><ele>257.8</ele></rtept><rtept lat="50.159602" lon="18.562162"><ele>257.8</ele></rtept><rtept lat="50.159572" lon="18.562177"><ele>257.8</ele></rtept><rtept lat="50.159547" lon="18.562182"><ele>258.0</ele></rtept><rtept lat="50.15953" lon="18.562192"><ele>258.0</ele></rtept><rtept lat="50.159505" lon="18.562207"><ele>258.0</ele></rtept><rtept lat="50.159482" lon="18.562212"><ele>258.2</ele></rtept><rtept lat="50.159455" lon="18.56222"><ele>258.2</ele></rtept><rtept lat="50.159437" lon="18.562222"><ele>258.2</ele></rtept><rtept lat="50.159417" lon="18.562232"><ele>258.2</ele></rtept><rtept lat="50.159392" lon="18.562247"><ele>258.4</ele></rtept><rtept lat="50.15937" lon="18.56226"><ele>258.2</ele></rtept><rtept lat="50.159347" lon="18.562272"><ele>258.2</ele></rtept><rtept lat="50.159328" lon="18.562282"><ele>258.2</ele></rtept><rtept lat="50.159307" lon="18.562297"><ele>258.2</ele></rtept><rtept lat="50.159282" lon="18.562312"><ele>258.2</ele></rtept><rtept lat="50.15926" lon="18.562322"><ele>258.2</ele></rtept><rtept lat="50.159232" lon="18.562337"><ele>258.2</ele></rtept><rtept lat="50.159205" lon="18.562337"><ele>258.2</ele></rtept><rtept lat="50.159182" lon="18.562337"><ele>258.2</ele></rtept><rtept lat="50.159157" lon="18.562342"><ele>258.2</ele></rtept><rtept lat="50.159132" lon="18.562345"><ele>258.2</ele></rtept><rtept lat="50.159112" lon="18.562345"><ele>258.2</ele></rtept><rtept lat="50.159092" lon="18.562342"><ele>258.2</ele></rtept><rtept lat="50.159072" lon="18.56236"><ele>258.4</ele></rtept><rtept lat="50.159052" lon="18.562372"><ele>258.4</ele></rtept><rtept lat="50.159037" lon="18.562382"><ele>258.4</ele></rtept><rtept lat="50.159015" lon="18.562387"><ele>258.4</ele></rtept><rtept lat="50.158995" lon="18.562393"><ele>258.6</ele></rtept><rtept lat="50.15897" lon="18.562405"><ele>258.6</ele></rtept><rtept lat="50.158947" lon="18.56241"><ele>258.6</ele></rtept><rtept lat="50.15893" lon="18.562427"><ele>258.6</ele></rtept><rtept lat="50.15891" lon="18.562442"><ele>258.6</ele></rtept><rtept lat="50.158892" lon="18.562455"><ele>258.8</ele></rtept><rtept lat="50.158877" lon="18.562465"><ele>258.8</ele></rtept><rtept lat="50.158862" lon="18.562472"><ele>258.8</ele></rtept><rtept lat="50.158812" lon="18.562495"><ele>259.0</ele></rtept><rtept lat="50.158782" lon="18.562507"><ele>259.0</ele></rtept><rtept lat="50.158762" lon="18.56252"><ele>259.2</ele></rtept><rtept lat="50.158737" lon="18.562535"><ele>259.2</ele></rtept><rtept lat="50.15872" lon="18.562555"><ele>259.2</ele></rtept><rtept lat="50.158702" lon="18.562565"><ele>259.4</ele></rtept><rtept lat="50.158682" lon="18.562572"><ele>259.4</ele></rtept><rtept lat="50.158657" lon="18.562577"><ele>259.6</ele></rtept><rtept lat="50.15863" lon="18.56258"><ele>259.6</ele></rtept><rtept lat="50.158605" lon="18.562582"><ele>259.6</ele></rtept><rtept lat="50.158577" lon="18.56259"><ele>259.6</ele></rtept><rtept lat="50.158555" lon="18.562605"><ele>259.8</ele></rtept><rtept lat="50.158527" lon="18.562612"><ele>259.8</ele></rtept><rtept lat="50.158502" lon="18.562622"><ele>260.0</ele></rtept><rtept lat="50.158477" lon="18.562632"><ele>260.0</ele></rtept><rtept lat="50.158455" lon="18.56265"><ele>260.2</ele></rtept><rtept lat="50.158437" lon="18.562667"><ele>260.4</ele></rtept><rtept lat="50.158422" lon="18.56269"><ele>260.4</ele></rtept><rtept lat="50.158405" lon="18.562702"><ele>260.6</ele></rtept><rtept lat="50.158385" lon="18.562707"><ele>260.6</ele></rtept><rtept lat="50.158362" lon="18.562715"><ele>260.6</ele></rtept><rtept lat="50.15834" lon="18.56272"><ele>260.8</ele></rtept><rtept lat="50.15832" lon="18.56273"><ele>260.8</ele></rtept><rtept lat="50.158302" lon="18.562742"><ele>260.8</ele></rtept><rtept lat="50.158272" lon="18.562712"><ele>260.8</ele></rtept><rtept lat="50.158257" lon="18.56273"><ele>261.0</ele></rtept><rtept lat="50.158242" lon="18.562742"><ele>261.2</ele></rtept><rtept lat="50.158222" lon="18.562757"><ele>261.4</ele></rtept><rtept lat="50.1582" lon="18.562767"><ele>261.6</ele></rtept><rtept lat="50.158177" lon="18.562767"><ele>261.6</ele></rtept><rtept lat="50.158155" lon="18.562782"><ele>261.8</ele></rtept><rtept lat="50.158132" lon="18.562787"><ele>262.2</ele></rtept><rtept lat="50.15811" lon="18.562815"><ele>262.4</ele></rtept><rtept lat="50.158092" lon="18.562817"><ele>262.4</ele></rtept><rtept lat="50.15807" lon="18.562808"><ele>262.6</ele></rtept><rtept lat="50.158057" lon="18.56284"><ele>262.8</ele></rtept><rtept lat="50.158005" lon="18.562837"><ele>263.2</ele></rtept><rtept lat="50.157987" lon="18.562845"><ele>263.4</ele></rtept><rtept lat="50.157967" lon="18.562852"><ele>263.6</ele></rtept><rtept lat="50.157947" lon="18.562862"><ele>263.8</ele></rtept><rtept lat="50.15793" lon="18.562875"><ele>263.8</ele></rtept><rtept lat="50.157902" lon="18.562907"><ele>264.0</ele></rtept><rtept lat="50.157885" lon="18.562905"><ele>264.2</ele></rtept><rtept lat="50.157862" lon="18.56291"><ele>264.2</ele></rtept><rtept lat="50.15784" lon="18.562925"><ele>264.4</ele></rtept><rtept lat="50.157812" lon="18.562932"><ele>264.4</ele></rtept><rtept lat="50.157792" lon="18.562937"><ele>264.4</ele></rtept><rtept lat="50.157767" lon="18.562955"><ele>264.6</ele></rtept><rtept lat="50.157752" lon="18.56296"><ele>264.6</ele></rtept><rtept lat="50.157737" lon="18.562967"><ele>264.6</ele></rtept><rtept lat="50.15772" lon="18.562982"><ele>264.8</ele></rtept><rtept lat="50.157677" lon="18.563015"><ele>265.0</ele></rtept><rtept lat="50.157657" lon="18.563027"><ele>265.0</ele></rtept><rtept lat="50.157632" lon="18.563027"><ele>265.2</ele></rtept><rtept lat="50.15761" lon="18.563037"><ele>265.4</ele></rtept><rtept lat="50.157587" lon="18.563042"><ele>265.4</ele></rtept><rtept lat="50.157567" lon="18.56305"><ele>265.6</ele></rtept><rtept lat="50.157542" lon="18.56306"><ele>265.8</ele></rtept><rtept lat="50.15752" lon="18.563067"><ele>265.8</ele></rtept><rtept lat="50.157502" lon="18.563072"><ele>266.0</ele></rtept><rtept lat="50.157477" lon="18.563085"><ele>266.0</ele></rtept><rtept lat="50.157455" lon="18.5631"><ele>266.2</ele></rtept><rtept lat="50.157432" lon="18.563115"><ele>266.4</ele></rtept><rtept lat="50.157405" lon="18.563137"><ele>266.6</ele></rtept><rtept lat="50.157382" lon="18.563145"><ele>266.8</ele></rtept><rtept lat="50.157362" lon="18.563147"><ele>266.8</ele></rtept><rtept lat="50.157342" lon="18.563157"><ele>267.0</ele></rtept><rtept lat="50.157322" lon="18.563162"><ele>267.2</ele></rtept><rtept lat="50.157297" lon="18.563172"><ele>267.2</ele></rtept><rtept lat="50.157277" lon="18.563177"><ele>267.4</ele></rtept><rtept lat="50.157252" lon="18.563177"><ele>267.6</ele></rtept><rtept lat="50.157227" lon="18.563185"><ele>267.8</ele></rtept><rtept lat="50.157207" lon="18.563185"><ele>268.0</ele></rtept><rtept lat="50.157182" lon="18.563202"><ele>268.2</ele></rtept><rtept lat="50.157162" lon="18.563222"><ele>268.2</ele></rtept><rtept lat="50.157132" lon="18.563227"><ele>268.4</ele></rtept><rtept lat="50.157105" lon="18.563237"><ele>268.6</ele></rtept><rtept lat="50.15708" lon="18.563247"><ele>268.8</ele></rtept><rtept lat="50.157057" lon="18.563267"><ele>268.8</ele></rtept><rtept lat="50.157042" lon="18.563267"><ele>269.0</ele></rtept><rtept lat="50.157017" lon="18.563267"><ele>269.0</ele></rtept><rtept lat="50.156995" lon="18.563285"><ele>269.2</ele></rtept><rtept lat="50.156975" lon="18.563292"><ele>269.4</ele></rtept><rtept lat="50.156952" lon="18.563297"><ele>269.6</ele></rtept><rtept lat="50.156932" lon="18.563297"><ele>269.8</ele></rtept><rtept lat="50.156905" lon="18.563307"><ele>269.8</ele></rtept><rtept lat="50.15687" lon="18.563332"><ele>270.0</ele></rtept><rtept lat="50.156842" lon="18.563337"><ele>270.2</ele></rtept><rtept lat="50.15682" lon="18.563362"><ele>270.2</ele></rtept><rtept lat="50.156797" lon="18.563372"><ele>270.4</ele></rtept><rtept lat="50.156777" lon="18.563387"><ele>270.4</ele></rtept><rtept lat="50.156765" lon="18.563407"><ele>270.4</ele></rtept><rtept lat="50.156752" lon="18.563413"><ele>270.6</ele></rtept><rtept lat="50.1567" lon="18.563442"><ele>270.8</ele></rtept><rtept lat="50.156682" lon="18.563462"><ele>270.8</ele></rtept><rtept lat="50.156662" lon="18.563467"><ele>270.8</ele></rtept><rtept lat="50.156642" lon="18.563482"><ele>270.8</ele></rtept><rtept lat="50.156625" lon="18.563487"><ele>271.0</ele></rtept><rtept lat="50.156605" lon="18.563495"><ele>271.0</ele></rtept><rtept lat="50.156592" lon="18.5635"><ele>271.2</ele></rtept><rtept lat="50.156557" lon="18.56351"><ele>271.4</ele></rtept><rtept lat="50.156525" lon="18.563525"><ele>271.6</ele></rtept><rtept lat="50.156477" lon="18.563535"><ele>272.0</ele></rtept><rtept lat="50.156465" lon="18.563535"><ele>272.2</ele></rtept><rtept lat="50.156442" lon="18.56355"><ele>272.2</ele></rtept><rtept lat="50.156402" lon="18.563562"><ele>272.4</ele></rtept><rtept lat="50.156385" lon="18.563577"><ele>272.6</ele></rtept><rtept lat="50.15636" lon="18.563592"><ele>272.6</ele></rtept><rtept lat="50.156332" lon="18.563602"><ele>272.8</ele></rtept><rtept lat="50.156312" lon="18.563602"><ele>272.8</ele></rtept><rtept lat="50.156282" lon="18.5636"><ele>273.0</ele></rtept><rtept lat="50.156267" lon="18.563592"><ele>273.2</ele></rtept><rtept lat="50.156242" lon="18.563592"><ele>273.4</ele></rtept><rtept lat="50.156222" lon="18.563597"><ele>273.4</ele></rtept><rtept lat="50.156192" lon="18.563622"><ele>273.6</ele></rtept><rtept lat="50.156167" lon="18.563637"><ele>273.6</ele></rtept><rtept lat="50.156145" lon="18.563652"><ele>273.6</ele></rtept><rtept lat="50.156127" lon="18.563662"><ele>273.6</ele></rtept><rtept lat="50.15611" lon="18.563672"><ele>273.6</ele></rtept><rtept lat="50.156087" lon="18.563685"><ele>273.6</ele></rtept><rtept lat="50.156067" lon="18.563697"><ele>273.6</ele></rtept><rtept lat="50.156045" lon="18.563717"><ele>273.4</ele></rtept><rtept lat="50.156027" lon="18.56374"><ele>273.4</ele></rtept><rtept lat="50.156015" lon="18.563752"><ele>273.4</ele></rtept><rtept lat="50.155997" lon="18.563767"><ele>273.4</ele></rtept><rtept lat="50.155955" lon="18.56377"><ele>273.4</ele></rtept><rtept lat="50.155935" lon="18.563782"><ele>273.4</ele></rtept><rtept lat="50.155912" lon="18.563787"><ele>273.4</ele></rtept><rtept lat="50.155895" lon="18.5638"><ele>273.4</ele></rtept><rtept lat="50.155872" lon="18.563812"><ele>273.4</ele></rtept><rtept lat="50.155842" lon="18.563822"><ele>273.4</ele></rtept><rtept lat="50.155822" lon="18.56384"><ele>273.4</ele></rtept><rtept lat="50.1558" lon="18.563847"><ele>273.4</ele></rtept><rtept lat="50.155785" lon="18.563862"><ele>273.4</ele></rtept><rtept lat="50.155765" lon="18.563875"><ele>273.4</ele></rtept><rtept lat="50.15575" lon="18.563877"><ele>273.2</ele></rtept><rtept lat="50.155702" lon="18.56387"><ele>273.0</ele></rtept><rtept lat="50.155683" lon="18.563875"><ele>273.0</ele></rtept><rtept lat="50.155665" lon="18.563885"><ele>272.8</ele></rtept><rtept lat="50.155637" lon="18.56389"><ele>272.8</ele></rtept><rtept lat="50.155612" lon="18.563897"><ele>272.8</ele></rtept><rtept lat="50.155582" lon="18.563897"><ele>272.6</ele></rtept><rtept lat="50.15556" lon="18.563912"><ele>272.6</ele></rtept><rtept lat="50.15554" lon="18.563915"><ele>272.4</ele></rtept><rtept lat="50.155512" lon="18.563932"><ele>272.4</ele></rtept><rtept lat="50.155485" lon="18.563942"><ele>272.2</ele></rtept><rtept lat="50.155455" lon="18.563962"><ele>272.0</ele></rtept><rtept lat="50.155425" lon="18.563987"><ele>272.0</ele></rtept><rtept lat="50.155402" lon="18.564002"><ele>271.8</ele></rtept><rtept lat="50.155375" lon="18.564012"><ele>271.8</ele></rtept><rtept lat="50.155347" lon="18.564017"><ele>271.6</ele></rtept><rtept lat="50.155327" lon="18.564032"><ele>271.6</ele></rtept><rtept lat="50.155303" lon="18.56404"><ele>271.6</ele></rtept><rtept lat="50.15528" lon="18.564052"><ele>271.4</ele></rtept><rtept lat="50.155252" lon="18.564057"><ele>271.4</ele></rtept><rtept lat="50.155225" lon="18.564062"><ele>271.4</ele></rtept><rtept lat="50.155197" lon="18.564072"><ele>271.4</ele></rtept><rtept lat="50.155175" lon="18.56408"><ele>271.2</ele></rtept><rtept lat="50.15515" lon="18.56409"><ele>271.2</ele></rtept><rtept lat="50.155122" lon="18.564102"><ele>271.2</ele></rtept><rtept lat="50.155092" lon="18.564115"><ele>271.0</ele></rtept><rtept lat="50.155065" lon="18.564127"><ele>271.0</ele></rtept><rtept lat="50.155037" lon="18.56415"><ele>271.0</ele></rtept><rtept lat="50.155012" lon="18.564172"><ele>270.8</ele></rtept><rtept lat="50.15499" lon="18.564197"><ele>270.8</ele></rtept><rtept lat="50.154965" lon="18.564207"><ele>270.8</ele></rtept><rtept lat="50.154942" lon="18.56422"><ele>270.8</ele></rtept><rtept lat="50.154917" lon="18.564237"><ele>270.8</ele></rtept><rtept lat="50.154892" lon="18.564245"><ele>270.8</ele></rtept><rtept lat="50.154867" lon="18.564252"><ele>270.8</ele></rtept><rtept lat="50.15484" lon="18.564267"><ele>270.8</ele></rtept><rtept lat="50.154812" lon="18.564267"><ele>270.8</ele></rtept><rtept lat="50.154783" lon="18.564267"><ele>270.8</ele></rtept><rtept lat="50.154757" lon="18.56427"><ele>270.8</ele></rtept><rtept lat="50.154735" lon="18.564277"><ele>270.8</ele></rtept><rtept lat="50.154717" lon="18.564287"><ele>270.8</ele></rtept><rtept lat="50.154687" lon="18.5643"><ele>270.8</ele></rtept><rtept lat="50.15466" lon="18.564315"><ele>270.8</ele></rtept><rtept lat="50.154632" lon="18.564332"><ele>270.8</ele></rtept><rtept lat="50.154607" lon="18.564355"><ele>270.8</ele></rtept><rtept lat="50.154585" lon="18.564367"><ele>270.8</ele></rtept><rtept lat="50.154558" lon="18.564377"><ele>270.8</ele></rtept><rtept lat="50.154532" lon="18.56438"><ele>270.6</ele></rtept><rtept lat="50.154507" lon="18.56438"><ele>270.6</ele></rtept><rtept lat="50.154485" lon="18.564392"><ele>270.6</ele></rtept><rtept lat="50.15446" lon="18.56441"><ele>270.6</ele></rtept><rtept lat="50.154432" lon="18.564417"><ele>270.6</ele></rtept><rtept lat="50.154402" lon="18.564427"><ele>270.6</ele></rtept><rtept lat="50.154375" lon="18.564447"><ele>270.6</ele></rtept><rtept lat="50.154352" lon="18.56446"><ele>270.4</ele></rtept><rtept lat="50.154332" lon="18.564492"><ele>270.4</ele></rtept><rtept lat="50.154307" lon="18.564502"><ele>270.4</ele></rtept><rtept lat="50.154275" lon="18.564515"><ele>270.2</ele></rtept><rtept lat="50.154247" lon="18.564537"><ele>270.2</ele></rtept><rtept lat="50.154225" lon="18.564547"><ele>270.0</ele></rtept><rtept lat="50.154205" lon="18.564553"><ele>270.0</ele></rtept><rtept lat="50.154182" lon="18.564562"><ele>269.8</ele></rtept><rtept lat="50.154157" lon="18.564567"><ele>269.6</ele></rtept><rtept lat="50.154132" lon="18.564577"><ele>269.4</ele></rtept><rtept lat="50.15411" lon="18.564592"><ele>269.2</ele></rtept><rtept lat="50.154087" lon="18.564612"><ele>269.2</ele></rtept><rtept lat="50.154062" lon="18.56462"><ele>269.0</ele></rtept><rtept lat="50.154037" lon="18.564625"><ele>268.8</ele></rtept><rtept lat="50.154012" lon="18.564637"><ele>268.6</ele></rtept><rtept lat="50.153992" lon="18.564642"><ele>268.4</ele></rtept><rtept lat="50.153965" lon="18.564645"><ele>268.2</ele></rtept><rtept lat="50.153942" lon="18.564655"><ele>268.0</ele></rtept><rtept lat="50.153932" lon="18.564647"><ele>267.8</ele></rtept><rtept lat="50.153912" lon="18.564657"><ele>267.6</ele></rtept><rtept lat="50.153868" lon="18.564672"><ele>267.4</ele></rtept><rtept lat="50.153847" lon="18.56468"><ele>267.2</ele></rtept><rtept lat="50.15382" lon="18.564682"><ele>267.0</ele></rtept><rtept lat="50.153792" lon="18.564697"><ele>266.8</ele></rtept><rtept lat="50.153767" lon="18.564702"><ele>266.6</ele></rtept><rtept lat="50.15374" lon="18.564707"><ele>266.6</ele></rtept><rtept lat="50.153717" lon="18.564712"><ele>266.4</ele></rtept><rtept lat="50.153692" lon="18.564722"><ele>266.2</ele></rtept><rtept lat="50.153667" lon="18.564727"><ele>266.2</ele></rtept><rtept lat="50.153643" lon="18.564737"><ele>266.0</ele></rtept><rtept lat="50.153622" lon="18.564742"><ele>266.0</ele></rtept><rtept lat="50.153597" lon="18.564743"><ele>265.8</ele></rtept><rtept lat="50.15357" lon="18.564765"><ele>265.8</ele></rtept><rtept lat="50.15354" lon="18.564777"><ele>265.8</ele></rtept><rtept lat="50.15351" lon="18.564792"><ele>265.6</ele></rtept><rtept lat="50.153482" lon="18.564805"><ele>265.6</ele></rtept><rtept lat="50.153455" lon="18.564817"><ele>265.4</ele></rtept><rtept lat="50.153422" lon="18.564862"><ele>265.2</ele></rtept><rtept lat="50.153402" lon="18.564875"><ele>265.2</ele></rtept><rtept lat="50.153385" lon="18.564882"><ele>265.0</ele></rtept><rtept lat="50.153377" lon="18.564902"><ele>264.8</ele></rtept><rtept lat="50.153333" lon="18.564892"><ele>264.4</ele></rtept><rtept lat="50.15329" lon="18.564915"><ele>264.2</ele></rtept><rtept lat="50.153267" lon="18.564927"><ele>264.2</ele></rtept><rtept lat="50.153245" lon="18.564933"><ele>264.2</ele></rtept><rtept lat="50.153217" lon="18.564947"><ele>264.2</ele></rtept><rtept lat="50.1532" lon="18.56496"><ele>264.0</ele></rtept><rtept lat="50.153177" lon="18.564968"><ele>264.0</ele></rtept><rtept lat="50.153157" lon="18.56498"><ele>264.0</ele></rtept><rtept lat="50.153137" lon="18.564992"><ele>263.8</ele></rtept><rtept lat="50.153122" lon="18.565002"><ele>263.8</ele></rtept><rtept lat="50.153105" lon="18.565022"><ele>263.6</ele></rtept><rtept lat="50.153092" lon="18.565042"><ele>263.4</ele></rtept><rtept lat="50.153085" lon="18.56504"><ele>263.2</ele></rtept><rtept lat="50.153062" lon="18.565057"><ele>263.0</ele></rtept><rtept lat="50.153052" lon="18.565062"><ele>262.6</ele></rtept><rtept lat="50.153027" lon="18.565075"><ele>261.8</ele></rtept><rtept lat="50.152987" lon="18.565057"><ele>261.4</ele></rtept><rtept lat="50.15294" lon="18.565052"><ele>261.4</ele></rtept><rtept lat="50.152915" lon="18.56505"><ele>261.4</ele></rtept><rtept lat="50.152895" lon="18.565052"><ele>261.4</ele></rtept><rtept lat="50.15288" lon="18.565055"><ele>261.6</ele></rtept><rtept lat="50.152872" lon="18.565062"><ele>261.8</ele></rtept><rtept lat="50.152852" lon="18.565052"><ele>262.0</ele></rtept><rtept lat="50.152813" lon="18.565072"><ele>262.4</ele></rtept><rtept lat="50.152785" lon="18.565077"><ele>263.0</ele></rtept><rtept lat="50.152762" lon="18.565085"><ele>263.4</ele></rtept><rtept lat="50.152737" lon="18.565112"><ele>264.0</ele></rtept><rtept lat="50.152702" lon="18.565152"><ele>264.8</ele></rtept><rtept lat="50.15268" lon="18.565162"><ele>265.2</ele></rtept><rtept lat="50.152657" lon="18.565175"><ele>265.4</ele></rtept><rtept lat="50.152632" lon="18.56519"><ele>265.6</ele></rtept><rtept lat="50.152607" lon="18.565197"><ele>265.8</ele></rtept><rtept lat="50.15258" lon="18.565202"><ele>266.0</ele></rtept><rtept lat="50.15256" lon="18.565202"><ele>266.0</ele></rtept><rtept lat="50.152537" lon="18.565212"><ele>266.0</ele></rtept><rtept lat="50.152512" lon="18.565215"><ele>266.0</ele></rtept><rtept lat="50.15249" lon="18.565235"><ele>266.0</ele></rtept><rtept lat="50.152472" lon="18.565247"><ele>266.2</ele></rtept><rtept lat="50.152452" lon="18.565262"><ele>266.2</ele></rtept><rtept lat="50.152432" lon="18.565267"><ele>266.2</ele></rtept><rtept lat="50.152412" lon="18.565277"><ele>266.2</ele></rtept><rtept lat="50.152387" lon="18.565287"><ele>266.4</ele></rtept><rtept lat="50.152367" lon="18.565297"><ele>266.6</ele></rtept><rtept lat="50.152347" lon="18.565297"><ele>266.6</ele></rtept><rtept lat="50.152327" lon="18.565297"><ele>266.8</ele></rtept><rtept lat="50.152305" lon="18.5653"><ele>266.8</ele></rtept><rtept lat="50.152285" lon="18.565307"><ele>267.0</ele></rtept><rtept lat="50.152262" lon="18.565312"><ele>267.0</ele></rtept><rtept lat="50.15224" lon="18.565322"><ele>267.2</ele></rtept><rtept lat="50.152217" lon="18.565332"><ele>267.4</ele></rtept><rtept lat="50.1522" lon="18.565342"><ele>267.4</ele></rtept><rtept lat="50.152182" lon="18.565347"><ele>267.6</ele></rtept><rtept lat="50.15217" lon="18.565357"><ele>267.6</ele></rtept><rtept lat="50.15213" lon="18.565352"><ele>267.8</ele></rtept><rtept lat="50.15209" lon="18.565372"><ele>267.6</ele></rtept><rtept lat="50.15207" lon="18.565382"><ele>267.6</ele></rtept><rtept lat="50.152047" lon="18.5654"><ele>267.6</ele></rtept><rtept lat="50.152017" lon="18.565415"><ele>267.6</ele></rtept><rtept lat="50.15199" lon="18.565432"><ele>267.6</ele></rtept><rtept lat="50.151972" lon="18.565442"><ele>267.4</ele></rtept><rtept lat="50.151952" lon="18.565447"><ele>267.2</ele></rtept><rtept lat="50.151932" lon="18.56546"><ele>267.0</ele></rtept><rtept lat="50.15191" lon="18.565457"><ele>266.8</ele></rtept><rtept lat="50.151882" lon="18.565467"><ele>266.8</ele></rtept><rtept lat="50.15186" lon="18.565482"><ele>266.6</ele></rtept><rtept lat="50.151832" lon="18.5655"><ele>266.4</ele></rtept><rtept lat="50.151795" lon="18.565485"><ele>266.4</ele></rtept><rtept lat="50.151767" lon="18.565492"><ele>266.2</ele></rtept><rtept lat="50.151742" lon="18.565512"><ele>266.0</ele></rtept><rtept lat="50.15172" lon="18.565527"><ele>265.8</ele></rtept><rtept lat="50.151687" lon="18.565538"><ele>265.8</ele></rtept><rtept lat="50.151667" lon="18.565542"><ele>265.6</ele></rtept><rtept lat="50.151637" lon="18.56555"><ele>265.4</ele></rtept><rtept lat="50.151612" lon="18.565552"><ele>265.4</ele></rtept><rtept lat="50.151585" lon="18.565562"><ele>265.2</ele></rtept><rtept lat="50.151562" lon="18.565572"><ele>265.2</ele></rtept><rtept lat="50.151537" lon="18.565572"><ele>265.0</ele></rtept><rtept lat="50.151512" lon="18.56558"><ele>265.0</ele></rtept><rtept lat="50.151492" lon="18.56559"><ele>264.8</ele></rtept><rtept lat="50.151482" lon="18.56561"><ele>264.8</ele></rtept><rtept lat="50.151462" lon="18.565617"><ele>264.8</ele></rtept><rtept lat="50.151427" lon="18.565652"><ele>264.6</ele></rtept><rtept lat="50.15141" lon="18.56566"><ele>264.6</ele></rtept><rtept lat="50.151385" lon="18.56567"><ele>264.4</ele></rtept><rtept lat="50.15137" lon="18.565677"><ele>264.4</ele></rtept><rtept lat="50.15136" lon="18.565677"><ele>264.2</ele></rtept><rtept lat="50.151357" lon="18.565672"><ele>264.2</ele></rtept><rtept lat="50.151305" lon="18.56567"><ele>263.4</ele></rtept><rtept lat="50.151265" lon="18.565687"><ele>263.2</ele></rtept><rtept lat="50.151257" lon="18.565667"><ele>263.4</ele></rtept><rtept lat="50.151237" lon="18.565667"><ele>263.2</ele></rtept><rtept lat="50.15121" lon="18.565685"><ele>263.0</ele></rtept><rtept lat="50.151172" lon="18.565725"><ele>263.0</ele></rtept><rtept lat="50.151155" lon="18.565737"><ele>263.2</ele></rtept><rtept lat="50.151138" lon="18.565742"><ele>263.4</ele></rtept><rtept lat="50.151122" lon="18.565745"><ele>263.6</ele></rtept><rtept lat="50.151072" lon="18.565755"><ele>264.0</ele></rtept><rtept lat="50.15105" lon="18.56576"><ele>264.0</ele></rtept><rtept lat="50.151022" lon="18.56577"><ele>264.4</ele></rtept><rtept lat="50.150997" lon="18.565787"><ele>264.4</ele></rtept><rtept lat="50.150975" lon="18.5658"><ele>264.6</ele></rtept><rtept lat="50.150952" lon="18.565807"><ele>264.8</ele></rtept><rtept lat="50.150937" lon="18.565807"><ele>264.8</ele></rtept><rtept lat="50.15092" lon="18.565817"><ele>265.2</ele></rtept><rtept lat="50.150877" lon="18.565807"><ele>265.6</ele></rtept><rtept lat="50.150867" lon="18.565805"><ele>265.6</ele></rtept><rtept lat="50.150847" lon="18.565805"><ele>265.8</ele></rtept><rtept lat="50.150817" lon="18.565815"><ele>266.0</ele></rtept><rtept lat="50.150772" lon="18.565837"><ele>266.6</ele></rtept><rtept lat="50.150757" lon="18.565857"><ele>266.6</ele></rtept><rtept lat="50.150742" lon="18.565877"><ele>266.6</ele></rtept><rtept lat="50.150722" lon="18.565897"><ele>266.8</ele></rtept><rtept lat="50.150697" lon="18.56591"><ele>267.0</ele></rtept><rtept lat="50.150672" lon="18.565917"><ele>267.2</ele></rtept><rtept lat="50.150647" lon="18.565937"><ele>267.4</ele></rtept><rtept lat="50.150622" lon="18.565942"><ele>267.4</ele></rtept><rtept lat="50.1506" lon="18.56596"><ele>267.6</ele></rtept><rtept lat="50.150575" lon="18.565965"><ele>267.6</ele></rtept><rtept lat="50.15055" lon="18.565972"><ele>267.6</ele></rtept><rtept lat="50.150522" lon="18.565985"><ele>267.8</ele></rtept><rtept lat="50.150495" lon="18.565992"><ele>267.8</ele></rtept><rtept lat="50.150467" lon="18.565997"><ele>267.8</ele></rtept><rtept lat="50.15045" lon="18.566017"><ele>267.8</ele></rtept><rtept lat="50.150432" lon="18.566027"><ele>267.8</ele></rtept><rtept lat="50.150412" lon="18.566017"><ele>267.8</ele></rtept><rtept lat="50.150392" lon="18.566022"><ele>268.0</ele></rtept><rtept lat="50.150382" lon="18.566027"><ele>268.0</ele></rtept><rtept lat="50.150347" lon="18.566047"><ele>268.4</ele></rtept><rtept lat="50.150305" lon="18.566067"><ele>268.6</ele></rtept><rtept lat="50.150282" lon="18.566077"><ele>268.6</ele></rtept><rtept lat="50.150257" lon="18.566082"><ele>268.8</ele></rtept><rtept lat="50.150242" lon="18.566112"><ele>268.8</ele></rtept><rtept lat="50.150217" lon="18.566127"><ele>268.8</ele></rtept><rtept lat="50.150185" lon="18.566132"><ele>269.0</ele></rtept><rtept lat="50.150167" lon="18.566143"><ele>269.0</ele></rtept><rtept lat="50.150147" lon="18.566152"><ele>269.4</ele></rtept><rtept lat="50.15013" lon="18.566157"><ele>269.4</ele></rtept><rtept lat="50.150112" lon="18.566167"><ele>269.4</ele></rtept><rtept lat="50.150097" lon="18.566178"><ele>269.6</ele></rtept><rtept lat="50.15007" lon="18.566215"><ele>269.8</ele></rtept><rtept lat="50.150025" lon="18.566227"><ele>270.0</ele></rtept><rtept lat="50.150007" lon="18.566227"><ele>270.0</ele></rtept><rtept lat="50.149987" lon="18.566245"><ele>270.0</ele></rtept><rtept lat="50.149967" lon="18.566242"><ele>270.2</ele></rtept><rtept lat="50.149947" lon="18.566232"><ele>270.2</ele></rtept><rtept lat="50.149927" lon="18.566232"><ele>270.2</ele></rtept><rtept lat="50.149905" lon="18.566247"><ele>270.2</ele></rtept><rtept lat="50.14988" lon="18.566265"><ele>270.2</ele></rtept><rtept lat="50.149857" lon="18.56627"><ele>270.2</ele></rtept><rtept lat="50.149845" lon="18.566282"><ele>270.2</ele></rtept><rtept lat="50.149827" lon="18.566297"><ele>270.2</ele></rtept><rtept lat="50.14977" lon="18.566322"><ele>270.0</ele></rtept><rtept lat="50.149752" lon="18.566332"><ele>270.0</ele></rtept><rtept lat="50.149737" lon="18.566347"><ele>270.0</ele></rtept><rtept lat="50.149722" lon="18.566355"><ele>269.8</ele></rtept><rtept lat="50.149692" lon="18.566402"><ele>269.8</ele></rtept><rtept lat="50.149685" lon="18.566447"><ele>269.8</ele></rtept><rtept lat="50.14965" lon="18.566482"><ele>269.6</ele></rtept><rtept lat="50.149637" lon="18.566507"><ele>269.6</ele></rtept><rtept lat="50.14961" lon="18.56652"><ele>269.8</ele></rtept><rtept lat="50.149592" lon="18.56654"><ele>269.8</ele></rtept><rtept lat="50.149577" lon="18.566567"><ele>269.8</ele></rtept><rtept lat="50.149552" lon="18.566587"><ele>269.8</ele></rtept><rtept lat="50.149532" lon="18.566612"><ele>269.8</ele></rtept><rtept lat="50.14952" lon="18.566635"><ele>269.8</ele></rtept><rtept lat="50.149492" lon="18.566675"><ele>270.0</ele></rtept><rtept lat="50.149467" lon="18.566707"><ele>270.0</ele></rtept><rtept lat="50.149447" lon="18.566747"><ele>269.8</ele></rtept><rtept lat="50.149432" lon="18.566775"><ele>269.8</ele></rtept><rtept lat="50.149417" lon="18.566792"><ele>269.8</ele></rtept><rtept lat="50.149407" lon="18.566802"><ele>269.8</ele></rtept><rtept lat="50.149362" lon="18.566825"><ele>270.0</ele></rtept><rtept lat="50.149347" lon="18.566845"><ele>270.2</ele></rtept><rtept lat="50.149335" lon="18.566855"><ele>270.2</ele></rtept><rtept lat="50.149302" lon="18.566887"><ele>270.4</ele></rtept><rtept lat="50.149262" lon="18.566917"><ele>270.6</ele></rtept><rtept lat="50.149242" lon="18.56693"><ele>270.8</ele></rtept><rtept lat="50.149222" lon="18.566937"><ele>271.0</ele></rtept><rtept lat="50.149202" lon="18.566947"><ele>271.0</ele></rtept><rtept lat="50.149182" lon="18.566962"><ele>271.0</ele></rtept><rtept lat="50.149152" lon="18.566972"><ele>271.0</ele></rtept><rtept lat="50.149125" lon="18.566977"><ele>271.0</ele></rtept><rtept lat="50.149095" lon="18.56699"><ele>271.0</ele></rtept><rtept lat="50.149067" lon="18.566997"><ele>271.2</ele></rtept><rtept lat="50.149032" lon="18.567002"><ele>271.2</ele></rtept><rtept lat="50.149007" lon="18.567007"><ele>271.4</ele></rtept><rtept lat="50.14898" lon="18.567007"><ele>271.6</ele></rtept><rtept lat="50.148952" lon="18.567017"><ele>271.8</ele></rtept><rtept lat="50.14892" lon="18.567032"><ele>272.0</ele></rtept><rtept lat="50.148892" lon="18.567037"><ele>272.2</ele></rtept><rtept lat="50.14887" lon="18.567037"><ele>272.2</ele></rtept><rtept lat="50.148852" lon="18.567047"><ele>272.4</ele></rtept><rtept lat="50.148832" lon="18.567067"><ele>272.4</ele></rtept><rtept lat="50.148817" lon="18.567077"><ele>272.6</ele></rtept><rtept lat="50.148797" lon="18.567072"><ele>272.6</ele></rtept><rtept lat="50.148737" lon="18.567057"><ele>272.8</ele></rtept><rtept lat="50.148717" lon="18.567042"><ele>273.0</ele></rtept><rtept lat="50.148727" lon="18.566962"><ele>273.0</ele></rtept><rtept lat="50.148707" lon="18.566925"><ele>273.0</ele></rtept><rtept lat="50.148697" lon="18.566892"><ele>273.2</ele></rtept><rtept lat="50.148685" lon="18.566847"><ele>273.2</ele></rtept><rtept lat="50.148672" lon="18.566812"><ele>273.0</ele></rtept><rtept lat="50.148655" lon="18.56678"><ele>273.0</ele></rtept><rtept lat="50.148627" lon="18.566727"><ele>273.0</ele></rtept><rtept lat="50.148627" lon="18.566682"><ele>273.0</ele></rtept><rtept lat="50.148632" lon="18.566642"><ele>273.0</ele></rtept><rtept lat="50.148625" lon="18.566597"><ele>273.0</ele></rtept><rtept lat="50.148625" lon="18.566555"><ele>272.8</ele></rtept><rtept lat="50.148625" lon="18.566512"><ele>272.8</ele></rtept><rtept lat="50.148632" lon="18.566462"><ele>272.8</ele></rtept><rtept lat="50.148637" lon="18.566417"><ele>272.8</ele></rtept><rtept lat="50.14864" lon="18.566375"><ele>272.6</ele></rtept><rtept lat="50.148642" lon="18.56634"><ele>272.6</ele></rtept><rtept lat="50.148647" lon="18.566298"><ele>272.6</ele></rtept><rtept lat="50.14865" lon="18.566262"><ele>272.6</ele></rtept><rtept lat="50.148647" lon="18.566217"><ele>272.6</ele></rtept><rtept lat="50.148652" lon="18.566178"><ele>272.6</ele></rtept><rtept lat="50.14866" lon="18.566147"><ele>272.6</ele></rtept><rtept lat="50.148672" lon="18.566117"><ele>272.8</ele></rtept><rtept lat="50.148687" lon="18.566095"><ele>272.8</ele></rtept><rtept lat="50.14869" lon="18.566062"><ele>273.0</ele></rtept><rtept lat="50.148692" lon="18.566037"><ele>273.0</ele></rtept><rtept lat="50.148692" lon="18.566012"><ele>273.0</ele></rtept><rtept lat="50.14873" lon="18.56591"><ele>273.2</ele></rtept><rtept lat="50.148737" lon="18.565877"><ele>273.2</ele></rtept><rtept lat="50.148742" lon="18.565852"><ele>273.2</ele></rtept><rtept lat="50.148742" lon="18.565827"><ele>273.4</ele></rtept><rtept lat="50.148747" lon="18.56576"><ele>273.4</ele></rtept><rtept lat="50.148742" lon="18.565717"><ele>273.4</ele></rtept><rtept lat="50.148737" lon="18.565682"><ele>273.4</ele></rtept><rtept lat="50.148737" lon="18.565642"><ele>273.4</ele></rtept><rtept lat="50.148737" lon="18.565605"><ele>273.2</ele></rtept><rtept lat="50.148742" lon="18.565567"><ele>273.2</ele></rtept><rtept lat="50.148747" lon="18.565538"><ele>273.2</ele></rtept><rtept lat="50.148752" lon="18.565507"><ele>273.2</ele></rtept><rtept lat="50.148762" lon="18.565472"><ele>273.2</ele></rtept><rtept lat="50.148772" lon="18.56544"><ele>273.2</ele></rtept><rtept lat="50.148782" lon="18.565412"><ele>273.2</ele></rtept><rtept lat="50.148785" lon="18.56537"><ele>273.2</ele></rtept><rtept lat="50.148782" lon="18.565337"><ele>273.4</ele></rtept><rtept lat="50.14878" lon="18.565313"><ele>273.4</ele></rtept><rtept lat="50.148777" lon="18.56528"><ele>273.6</ele></rtept><rtept lat="50.14881" lon="18.565237"><ele>273.6</ele></rtept><rtept lat="50.14881" lon="18.565202"><ele>273.8</ele></rtept><rtept lat="50.148817" lon="18.565155"><ele>273.8</ele></rtept><rtept lat="50.148817" lon="18.565112"><ele>273.6</ele></rtept><rtept lat="50.148815" lon="18.565077"><ele>273.8</ele></rtept><rtept lat="50.148815" lon="18.56504"><ele>273.8</ele></rtept><rtept lat="50.148812" lon="18.565002"><ele>273.8</ele></rtept><rtept lat="50.148807" lon="18.564957"><ele>273.8</ele></rtept><rtept lat="50.148827" lon="18.564915"><ele>273.8</ele></rtept><rtept lat="50.148812" lon="18.564882"><ele>273.8</ele></rtept><rtept lat="50.148802" lon="18.564847"><ele>273.6</ele></rtept><rtept lat="50.148788" lon="18.564817"><ele>273.6</ele></rtept><rtept lat="50.14878" lon="18.564782"><ele>273.6</ele></rtept><rtept lat="50.148767" lon="18.564752"><ele>273.8</ele></rtept><rtept lat="50.148755" lon="18.564715"><ele>273.8</ele></rtept><rtept lat="50.148745" lon="18.56468"><ele>273.8</ele></rtept><rtept lat="50.148727" lon="18.564637"><ele>273.8</ele></rtept><rtept lat="50.148717" lon="18.564607"><ele>273.8</ele></rtept><rtept lat="50.148712" lon="18.564577"><ele>273.6</ele></rtept><rtept lat="50.148705" lon="18.56455"><ele>273.4</ele></rtept><rtept lat="50.148695" lon="18.564522"><ele>273.2</ele></rtept><rtept lat="50.148692" lon="18.564492"><ele>273.0</ele></rtept><rtept lat="50.148687" lon="18.564457"><ele>272.8</ele></rtept><rtept lat="50.148687" lon="18.564427"><ele>272.6</ele></rtept><rtept lat="50.148702" lon="18.564352"><ele>272.6</ele></rtept><rtept lat="50.148695" lon="18.564317"><ele>272.4</ele></rtept><rtept lat="50.148692" lon="18.564285"><ele>272.2</ele></rtept><rtept lat="50.148687" lon="18.564247"><ele>272.0</ele></rtept><rtept lat="50.148682" lon="18.56422"><ele>271.8</ele></rtept><rtept lat="50.14868" lon="18.564187"><ele>271.8</ele></rtept><rtept lat="50.148672" lon="18.564157"><ele>271.6</ele></rtept><rtept lat="50.14867" lon="18.56413"><ele>271.6</ele></rtept><rtept lat="50.148675" lon="18.564097"><ele>271.4</ele></rtept><rtept lat="50.148672" lon="18.564062"><ele>271.4</ele></rtept><rtept lat="50.148667" lon="18.564027"><ele>271.6</ele></rtept><rtept lat="50.148662" lon="18.563997"><ele>271.6</ele></rtept><rtept lat="50.14866" lon="18.563962"><ele>271.6</ele></rtept><rtept lat="50.148655" lon="18.563927"><ele>271.6</ele></rtept><rtept lat="50.148647" lon="18.563887"><ele>271.6</ele></rtept><rtept lat="50.148655" lon="18.563852"><ele>271.6</ele></rtept><rtept lat="50.148662" lon="18.56381"><ele>271.6</ele></rtept><rtept lat="50.148652" lon="18.563757"><ele>271.6</ele></rtept><rtept lat="50.148692" lon="18.563695"><ele>271.6</ele></rtept><rtept lat="50.14869" lon="18.563665"><ele>271.8</ele></rtept><rtept lat="50.148682" lon="18.563627"><ele>271.8</ele></rtept><rtept lat="50.148692" lon="18.563607"><ele>271.6</ele></rtept><rtept lat="50.14868" lon="18.56358"><ele>271.6</ele></rtept><rtept lat="50.148707" lon="18.563552"><ele>271.6</ele></rtept><rtept lat="50.148717" lon="18.563507"><ele>271.6</ele></rtept><rtept lat="50.14873" lon="18.563477"><ele>271.6</ele></rtept><rtept lat="50.148752" lon="18.563452"><ele>271.4</ele></rtept><rtept lat="50.14875" lon="18.56343"><ele>271.2</ele></rtept><rtept lat="50.148762" lon="18.563367"><ele>271.4</ele></rtept><rtept lat="50.148782" lon="18.563312"><ele>271.4</ele></rtept><rtept lat="50.148792" lon="18.563265"><ele>271.6</ele></rtept><rtept lat="50.148815" lon="18.563212"><ele>271.6</ele></rtept><rtept lat="50.148817" lon="18.56317"><ele>271.8</ele></rtept><rtept lat="50.14886" lon="18.563117"><ele>271.8</ele></rtept><rtept lat="50.14887" lon="18.56308"><ele>271.6</ele></rtept><rtept lat="50.148877" lon="18.563045"><ele>271.6</ele></rtept><rtept lat="50.148873" lon="18.563007"><ele>271.6</ele></rtept><rtept lat="50.148867" lon="18.562972"><ele>271.6</ele></rtept><rtept lat="50.148867" lon="18.56294"><ele>271.4</ele></rtept><rtept lat="50.148865" lon="18.562902"><ele>271.4</ele></rtept><rtept lat="50.148862" lon="18.562865"><ele>271.4</ele></rtept><rtept lat="50.148865" lon="18.56282"><ele>271.4</ele></rtept><rtept lat="50.14887" lon="18.56277"><ele>271.2</ele></rtept><rtept lat="50.148887" lon="18.56275"><ele>271.2</ele></rtept><rtept lat="50.148907" lon="18.562722"><ele>271.2</ele></rtept><rtept lat="50.148922" lon="18.56271"><ele>271.2</ele></rtept><rtept lat="50.14895" lon="18.562687"><ele>271.0</ele></rtept><rtept lat="50.148977" lon="18.562667"><ele>271.0</ele></rtept><rtept lat="50.149002" lon="18.56266"><ele>271.0</ele></rtept><rtept lat="50.149025" lon="18.562655"><ele>271.0</ele></rtept><rtept lat="50.149065" lon="18.562637"><ele>270.8</ele></rtept><rtept lat="50.14912" lon="18.562652"><ele>270.8</ele></rtept><rtept lat="50.149142" lon="18.562637"><ele>270.6</ele></rtept><rtept lat="50.149167" lon="18.56263"><ele>270.4</ele></rtept><rtept lat="50.149187" lon="18.562625"><ele>270.2</ele></rtept><rtept lat="50.149217" lon="18.562625"><ele>270.0</ele></rtept><rtept lat="50.14924" lon="18.562615"><ele>270.0</ele></rtept><rtept lat="50.149265" lon="18.56261"><ele>269.8</ele></rtept><rtept lat="50.149282" lon="18.562595"><ele>269.8</ele></rtept><rtept lat="50.14931" lon="18.562582"><ele>269.6</ele></rtept><rtept lat="50.149332" lon="18.562572"><ele>269.4</ele></rtept><rtept lat="50.149347" lon="18.562555"><ele>269.2</ele></rtept><rtept lat="50.149367" lon="18.562537"><ele>269.0</ele></rtept><rtept lat="50.149387" lon="18.56252"><ele>269.0</ele></rtept><rtept lat="50.149407" lon="18.562507"><ele>268.8</ele></rtept><rtept lat="50.149415" lon="18.562497"><ele>268.6</ele></rtept><rtept lat="50.149412" lon="18.562487"><ele>268.6</ele></rtept><rtept lat="50.149422" lon="18.562462"><ele>268.4</ele></rtept><rtept lat="50.149412" lon="18.562437"><ele>268.4</ele></rtept><rtept lat="50.1494" lon="18.562367"><ele>268.6</ele></rtept><rtept lat="50.149402" lon="18.562342"><ele>268.6</ele></rtept><rtept lat="50.149445" lon="18.562342"><ele>268.4</ele></rtept><rtept lat="50.149455" lon="18.562355"><ele>268.4</ele></rtept><rtept lat="50.149477" lon="18.56235"><ele>268.4</ele></rtept><rtept lat="50.149492" lon="18.562292"><ele>268.2</ele></rtept><rtept lat="50.149492" lon="18.562302"><ele>268.0</ele></rtept><rtept lat="50.14952" lon="18.562255"><ele>267.8</ele></rtept><rtept lat="50.149502" lon="18.562185"><ele>267.8</ele></rtept><rtept lat="50.149505" lon="18.562112"><ele>267.8</ele></rtept><rtept lat="50.1495" lon="18.562077"><ele>268.0</ele></rtept><rtept lat="50.149497" lon="18.562047"><ele>268.0</ele></rtept><rtept lat="50.1495" lon="18.562007"><ele>268.0</ele></rtept><rtept lat="50.149497" lon="18.561977"><ele>268.0</ele></rtept><rtept lat="50.14949" lon="18.56195"><ele>268.0</ele></rtept><rtept lat="50.149487" lon="18.561922"><ele>268.2</ele></rtept><rtept lat="50.149487" lon="18.561897"><ele>268.2</ele></rtept><rtept lat="50.149502" lon="18.561832"><ele>267.8</ele></rtept><rtept lat="50.149502" lon="18.56181"><ele>267.8</ele></rtept><rtept lat="50.1495" lon="18.561782"><ele>267.8</ele></rtept><rtept lat="50.149497" lon="18.561692"><ele>267.8</ele></rtept><rtept lat="50.1495" lon="18.561647"><ele>268.0</ele></rtept><rtept lat="50.149502" lon="18.561597"><ele>268.0</ele></rtept><rtept lat="50.149502" lon="18.561555"><ele>268.2</ele></rtept><rtept lat="50.149502" lon="18.561517"><ele>268.2</ele></rtept><rtept lat="50.149505" lon="18.561467"><ele>268.2</ele></rtept><rtept lat="50.14951" lon="18.561425"><ele>268.2</ele></rtept><rtept lat="50.149512" lon="18.561382"><ele>268.4</ele></rtept><rtept lat="50.149512" lon="18.561337"><ele>268.4</ele></rtept><rtept lat="50.149512" lon="18.561297"><ele>268.4</ele></rtept><rtept lat="50.149512" lon="18.561257"><ele>268.4</ele></rtept><rtept lat="50.149517" lon="18.561212"><ele>268.4</ele></rtept><rtept lat="50.14952" lon="18.561175"><ele>268.4</ele></rtept><rtept lat="50.149522" lon="18.561137"><ele>268.6</ele></rtept><rtept lat="50.149527" lon="18.561085"><ele>268.6</ele></rtept><rtept lat="50.149527" lon="18.561052"><ele>268.6</ele></rtept><rtept lat="50.149522" lon="18.561017"><ele>268.6</ele></rtept><rtept lat="50.149512" lon="18.560982"><ele>268.6</ele></rtept><rtept lat="50.149502" lon="18.56096"><ele>268.8</ele></rtept><rtept lat="50.1495" lon="18.560945"><ele>268.8</ele></rtept><rtept lat="50.149472" lon="18.560925"><ele>269.2</ele></rtept><rtept lat="50.149432" lon="18.560922"><ele>269.4</ele></rtept><rtept lat="50.149417" lon="18.560917"><ele>269.6</ele></rtept><rtept lat="50.149397" lon="18.56091"><ele>270.0</ele></rtept><rtept lat="50.149377" lon="18.560907"><ele>270.0</ele></rtept><rtept lat="50.14936" lon="18.560905"><ele>270.2</ele></rtept><rtept lat="50.149337" lon="18.5609"><ele>270.2</ele></rtept><rtept lat="50.149322" lon="18.560895"><ele>270.2</ele></rtept><rtept lat="50.149305" lon="18.560892"><ele>270.4</ele></rtept><rtept lat="50.149287" lon="18.560887"><ele>270.6</ele></rtept><rtept lat="50.149253" lon="18.56087"><ele>270.8</ele></rtept><rtept lat="50.149217" lon="18.560845"><ele>271.2</ele></rtept><rtept lat="50.1492" lon="18.560827"><ele>271.2</ele></rtept><rtept lat="50.149177" lon="18.560817"><ele>271.2</ele></rtept><rtept lat="50.149157" lon="18.560812"><ele>271.4</ele></rtept><rtept lat="50.149137" lon="18.560802"><ele>271.6</ele></rtept><rtept lat="50.149117" lon="18.560792"><ele>271.8</ele></rtept><rtept lat="50.149102" lon="18.560782"><ele>272.0</ele></rtept><rtept lat="50.149085" lon="18.56077"><ele>272.0</ele></rtept><rtept lat="50.149067" lon="18.560757"><ele>272.2</ele></rtept><rtept lat="50.149052" lon="18.560752"><ele>272.4</ele></rtept><rtept lat="50.149022" lon="18.560742"><ele>272.6</ele></rtept><rtept lat="50.148992" lon="18.560742"><ele>273.0</ele></rtept><rtept lat="50.148957" lon="18.560755"><ele>273.4</ele></rtept><rtept lat="50.148922" lon="18.560762"><ele>273.8</ele></rtept><rtept lat="50.148907" lon="18.560767"><ele>274.0</ele></rtept><rtept lat="50.148882" lon="18.560767"><ele>274.6</ele></rtept><rtept lat="50.148855" lon="18.560775"><ele>275.2</ele></rtept><rtept lat="50.148822" lon="18.560792"><ele>275.4</ele></rtept><rtept lat="50.148792" lon="18.560782"><ele>275.8</ele></rtept><rtept lat="50.148757" lon="18.560792"><ele>276.2</ele></rtept><rtept lat="50.148737" lon="18.560792"><ele>276.4</ele></rtept><rtept lat="50.148725" lon="18.560792"><ele>276.8</ele></rtept><rtept lat="50.14871" lon="18.56079"><ele>277.2</ele></rtept><rtept lat="50.148685" lon="18.560792"><ele>277.8</ele></rtept><rtept lat="50.148675" lon="18.5608"><ele>278.6</ele></rtept><rtept lat="50.148637" lon="18.560827"><ele>279.8</ele></rtept><rtept lat="50.148612" lon="18.560847"><ele>280.4</ele></rtept><rtept lat="50.148582" lon="18.560862"><ele>281.0</ele></rtept><rtept lat="50.148552" lon="18.560872"><ele>281.6</ele></rtept><rtept lat="50.148517" lon="18.560892"><ele>282.2</ele></rtept><rtept lat="50.14848" lon="18.56091"><ele>282.8</ele></rtept><rtept lat="50.148472" lon="18.560902"><ele>283.2</ele></rtept><rtept lat="50.14844" lon="18.5609"><ele>284.0</ele></rtept><rtept lat="50.1484" lon="18.560897"><ele>284.6</ele></rtept><rtept lat="50.148382" lon="18.560897"><ele>285.0</ele></rtept><rtept lat="50.14836" lon="18.560907"><ele>285.4</ele></rtept><rtept lat="50.148342" lon="18.560922"><ele>285.6</ele></rtept><rtept lat="50.148327" lon="18.560937"><ele>286.0</ele></rtept><rtept lat="50.148312" lon="18.560957"><ele>286.2</ele></rtept><rtept lat="50.148295" lon="18.560972"><ele>286.6</ele></rtept><rtept lat="50.148285" lon="18.560992"><ele>286.6</ele></rtept><rtept lat="50.148277" lon="18.561012"><ele>286.8</ele></rtept><rtept lat="50.148257" lon="18.561063"><ele>287.2</ele></rtept><rtept lat="50.14825" lon="18.561097"><ele>287.4</ele></rtept><rtept lat="50.14824" lon="18.561122"><ele>287.4</ele></rtept><rtept lat="50.14823" lon="18.561152"><ele>287.6</ele></rtept><rtept lat="50.148222" lon="18.561183"><ele>287.6</ele></rtept><rtept lat="50.148212" lon="18.561212"><ele>287.8</ele></rtept><rtept lat="50.148202" lon="18.561237"><ele>287.8</ele></rtept><rtept lat="50.148192" lon="18.561262"><ele>288.0</ele></rtept><rtept lat="50.14818" lon="18.561282"><ele>288.0</ele></rtept><rtept lat="50.148167" lon="18.561297"><ele>288.2</ele></rtept><rtept lat="50.148137" lon="18.561335"><ele>288.4</ele></rtept><rtept lat="50.1481" lon="18.561357"><ele>288.8</ele></rtept><rtept lat="50.148082" lon="18.561362"><ele>289.0</ele></rtept><rtept lat="50.148062" lon="18.561372"><ele>289.0</ele></rtept><rtept lat="50.148047" lon="18.561385"><ele>289.2</ele></rtept><rtept lat="50.14803" lon="18.561397"><ele>289.6</ele></rtept><rtept lat="50.148017" lon="18.561412"><ele>289.6</ele></rtept><rtept lat="50.148017" lon="18.561407"><ele>289.8</ele></rtept><rtept lat="50.14798" lon="18.561472"><ele>290.2</ele></rtept><rtept lat="50.14797" lon="18.561487"><ele>290.2</ele></rtept><rtept lat="50.147942" lon="18.561532"><ele>290.2</ele></rtept><rtept lat="50.147935" lon="18.561552"><ele>290.2</ele></rtept><rtept lat="50.147927" lon="18.56157"><ele>290.2</ele></rtept><rtept lat="50.147907" lon="18.561627"><ele>290.2</ele></rtept><rtept lat="50.147897" lon="18.561652"><ele>290.0</ele></rtept><rtept lat="50.147888" lon="18.56167"><ele>289.8</ele></rtept><rtept lat="50.147882" lon="18.561687"><ele>289.8</ele></rtept><rtept lat="50.147882" lon="18.561727"><ele>289.6</ele></rtept><rtept lat="50.147875" lon="18.561767"><ele>289.4</ele></rtept><rtept lat="50.147882" lon="18.561802"><ele>289.2</ele></rtept><rtept lat="50.147882" lon="18.561862"><ele>289.2</ele></rtept><rtept lat="50.147872" lon="18.561922"><ele>289.2</ele></rtept><rtept lat="50.14787" lon="18.561957"><ele>289.4</ele></rtept><rtept lat="50.14787" lon="18.56199"><ele>289.4</ele></rtept><rtept lat="50.147867" lon="18.562025"><ele>289.4</ele></rtept><rtept lat="50.147865" lon="18.56206"><ele>289.4</ele></rtept><rtept lat="50.147857" lon="18.562092"><ele>289.6</ele></rtept><rtept lat="50.14785" lon="18.562122"><ele>289.4</ele></rtept><rtept lat="50.14784" lon="18.562152"><ele>289.4</ele></rtept><rtept lat="50.147825" lon="18.562182"><ele>289.4</ele></rtept><rtept lat="50.14782" lon="18.562215"><ele>289.4</ele></rtept><rtept lat="50.147817" lon="18.562242"><ele>289.4</ele></rtept><rtept lat="50.147817" lon="18.562275"><ele>289.4</ele></rtept><rtept lat="50.147817" lon="18.562305"><ele>289.4</ele></rtept><rtept lat="50.147825" lon="18.562337"><ele>289.4</ele></rtept><rtept lat="50.147832" lon="18.562362"><ele>289.4</ele></rtept><rtept lat="50.147837" lon="18.562397"><ele>289.6</ele></rtept><rtept lat="50.14783" lon="18.562427"><ele>289.6</ele></rtept><rtept lat="50.147827" lon="18.562465"><ele>289.6</ele></rtept><rtept lat="50.147827" lon="18.562495"><ele>289.8</ele></rtept><rtept lat="50.147822" lon="18.56253"><ele>289.8</ele></rtept><rtept lat="50.147817" lon="18.56256"><ele>289.8</ele></rtept><rtept lat="50.147807" lon="18.562597"><ele>289.8</ele></rtept><rtept lat="50.1478" lon="18.56263"><ele>290.0</ele></rtept><rtept lat="50.147792" lon="18.56266"><ele>290.0</ele></rtept><rtept lat="50.147785" lon="18.562687"><ele>290.2</ele></rtept><rtept lat="50.147777" lon="18.562707"><ele>290.2</ele></rtept><rtept lat="50.147762" lon="18.562717"><ele>290.2</ele></rtept><rtept lat="50.147727" lon="18.562752"><ele>290.4</ele></rtept><rtept lat="50.147715" lon="18.562777"><ele>290.6</ele></rtept><rtept lat="50.147702" lon="18.562805"><ele>290.6</ele></rtept><rtept lat="50.14769" lon="18.562832"><ele>290.8</ele></rtept><rtept lat="50.147682" lon="18.562862"><ele>290.8</ele></rtept><rtept lat="50.147675" lon="18.562905"><ele>290.8</ele></rtept><rtept lat="50.147672" lon="18.562937"><ele>290.8</ele></rtept><rtept lat="50.147672" lon="18.56297"><ele>290.8</ele></rtept><rtept lat="50.147667" lon="18.563005"><ele>290.8</ele></rtept><rtept lat="50.147662" lon="18.563047"><ele>290.6</ele></rtept><rtept lat="50.147662" lon="18.56308"><ele>290.6</ele></rtept><rtept lat="50.147665" lon="18.563117"><ele>290.4</ele></rtept><rtept lat="50.147665" lon="18.563157"><ele>290.4</ele></rtept><rtept lat="50.147665" lon="18.563192"><ele>290.4</ele></rtept><rtept lat="50.14767" lon="18.563227"><ele>290.2</ele></rtept><rtept lat="50.147675" lon="18.563262"><ele>290.2</ele></rtept><rtept lat="50.14768" lon="18.563297"><ele>290.2</ele></rtept><rtept lat="50.147682" lon="18.563337"><ele>290.0</ele></rtept><rtept lat="50.147682" lon="18.563378"><ele>290.0</ele></rtept><rtept lat="50.147685" lon="18.56342"><ele>289.8</ele></rtept><rtept lat="50.14769" lon="18.563462"><ele>289.8</ele></rtept><rtept lat="50.147692" lon="18.5635"><ele>289.8</ele></rtept><rtept lat="50.147692" lon="18.563532"><ele>289.6</ele></rtept><rtept lat="50.147692" lon="18.563568"><ele>289.6</ele></rtept><rtept lat="50.147692" lon="18.563607"><ele>289.6</ele></rtept><rtept lat="50.147692" lon="18.563645"><ele>289.6</ele></rtept><rtept lat="50.147692" lon="18.563677"><ele>289.6</ele></rtept><rtept lat="50.1477" lon="18.563712"><ele>289.6</ele></rtept><rtept lat="50.147705" lon="18.563752"><ele>289.6</ele></rtept><rtept lat="50.147707" lon="18.563785"><ele>289.6</ele></rtept><rtept lat="50.147712" lon="18.563832"><ele>289.4</ele></rtept><rtept lat="50.14773" lon="18.563857"><ele>289.2</ele></rtept><rtept lat="50.147733" lon="18.563882"><ele>289.2</ele></rtept><rtept lat="50.147742" lon="18.563912"><ele>289.0</ele></rtept><rtept lat="50.14775" lon="18.563948"><ele>288.8</ele></rtept><rtept lat="50.14775" lon="18.563982"><ele>288.6</ele></rtept><rtept lat="50.14776" lon="18.564015"><ele>288.4</ele></rtept><rtept lat="50.147762" lon="18.56407"><ele>288.0</ele></rtept><rtept lat="50.14778" lon="18.564112"><ele>287.8</ele></rtept><rtept lat="50.147792" lon="18.564147"><ele>287.6</ele></rtept><rtept lat="50.147802" lon="18.564187"><ele>287.6</ele></rtept><rtept lat="50.147812" lon="18.564227"><ele>287.4</ele></rtept><rtept lat="50.14782" lon="18.564262"><ele>287.2</ele></rtept><rtept lat="50.147822" lon="18.564312"><ele>287.2</ele></rtept><rtept lat="50.14782" lon="18.564357"><ele>287.0</ele></rtept><rtept lat="50.147817" lon="18.564397"><ele>287.0</ele></rtept><rtept lat="50.147817" lon="18.564447"><ele>286.8</ele></rtept><rtept lat="50.147817" lon="18.564487"><ele>286.8</ele></rtept><rtept lat="50.147817" lon="18.56453"><ele>286.6</ele></rtept><rtept lat="50.14782" lon="18.564572"><ele>286.4</ele></rtept><rtept lat="50.147832" lon="18.564615"><ele>286.2</ele></rtept><rtept lat="50.147847" lon="18.564652"><ele>286.0</ele></rtept><rtept lat="50.147862" lon="18.564682"><ele>286.0</ele></rtept><rtept lat="50.147877" lon="18.564705"><ele>285.8</ele></rtept><rtept lat="50.147892" lon="18.564722"><ele>285.8</ele></rtept><rtept lat="50.147912" lon="18.564737"><ele>285.8</ele></rtept><rtept lat="50.147932" lon="18.564755"><ele>285.8</ele></rtept><rtept lat="50.147952" lon="18.564767"><ele>286.0</ele></rtept><rtept lat="50.147982" lon="18.564782"><ele>285.8</ele></rtept><rtept lat="50.148012" lon="18.5648"><ele>285.8</ele></rtept><rtept lat="50.148037" lon="18.56481"><ele>285.6</ele></rtept><rtept lat="50.148055" lon="18.564835"><ele>285.4</ele></rtept><rtept lat="50.148067" lon="18.56486"><ele>285.2</ele></rtept><rtept lat="50.148077" lon="18.564872"><ele>285.0</ele></rtept><rtept lat="50.148087" lon="18.56489"><ele>285.0</ele></rtept><rtept lat="50.148107" lon="18.564907"><ele>285.6</ele></rtept><rtept lat="50.148132" lon="18.564887"><ele>286.2</ele></rtept><rtept lat="50.148175" lon="18.564882"><ele>286.2</ele></rtept><rtept lat="50.14819" lon="18.564892"><ele>286.2</ele></rtept><rtept lat="50.14821" lon="18.564905"><ele>286.2</ele></rtept><rtept lat="50.148225" lon="18.564917"><ele>286.2</ele></rtept><rtept lat="50.148237" lon="18.56493"><ele>286.2</ele></rtept><rtept lat="50.148267" lon="18.564972"><ele>286.4</ele></rtept><rtept lat="50.148297" lon="18.565017"><ele>286.4</ele></rtept><rtept lat="50.148312" lon="18.565042"><ele>286.4</ele></rtept><rtept lat="50.148327" lon="18.565072"><ele>286.6</ele></rtept><rtept lat="50.148335" lon="18.565097"><ele>286.8</ele></rtept><rtept lat="50.148345" lon="18.565122"><ele>286.8</ele></rtept><rtept lat="50.148352" lon="18.565157"><ele>287.0</ele></rtept><rtept lat="50.148357" lon="18.565192"><ele>287.0</ele></rtept><rtept lat="50.148357" lon="18.565225"><ele>287.0</ele></rtept><rtept lat="50.148357" lon="18.565265"><ele>287.0</ele></rtept><rtept lat="50.14836" lon="18.565312"><ele>286.8</ele></rtept><rtept lat="50.14836" lon="18.565357"><ele>286.6</ele></rtept><rtept lat="50.148355" lon="18.565402"><ele>286.4</ele></rtept><rtept lat="50.148347" lon="18.565445"><ele>286.2</ele></rtept><rtept lat="50.148337" lon="18.56549"><ele>285.8</ele></rtept><rtept lat="50.148325" lon="18.565535"><ele>285.6</ele></rtept><rtept lat="50.148322" lon="18.56558"><ele>285.4</ele></rtept><rtept lat="50.148315" lon="18.565627"><ele>285.0</ele></rtept><rtept lat="50.148307" lon="18.565672"><ele>284.8</ele></rtept><rtept lat="50.148297" lon="18.565715"><ele>284.6</ele></rtept><rtept lat="50.148287" lon="18.565752"><ele>284.2</ele></rtept><rtept lat="50.148277" lon="18.565792"><ele>284.2</ele></rtept><rtept lat="50.148262" lon="18.565825"><ele>284.2</ele></rtept><rtept lat="50.14825" lon="18.56586"><ele>284.2</ele></rtept><rtept lat="50.148242" lon="18.565892"><ele>284.2</ele></rtept><rtept lat="50.148232" lon="18.56593"><ele>284.0</ele></rtept><rtept lat="50.148225" lon="18.565962"><ele>284.0</ele></rtept><rtept lat="50.148215" lon="18.565995"><ele>284.0</ele></rtept><rtept lat="50.148207" lon="18.566025"><ele>284.0</ele></rtept><rtept lat="50.148207" lon="18.566057"><ele>283.8</ele></rtept><rtept lat="50.148207" lon="18.56609"><ele>283.8</ele></rtept><rtept lat="50.14821" lon="18.566122"><ele>283.8</ele></rtept><rtept lat="50.148212" lon="18.566157"><ele>283.8</ele></rtept><rtept lat="50.148212" lon="18.566197"><ele>283.8</ele></rtept><rtept lat="50.148217" lon="18.566237"><ele>283.6</ele></rtept><rtept lat="50.148225" lon="18.566277"><ele>283.4</ele></rtept><rtept lat="50.148227" lon="18.566317"><ele>283.0</ele></rtept><rtept lat="50.148227" lon="18.566355"><ele>282.8</ele></rtept><rtept lat="50.148232" lon="18.56639"><ele>282.6</ele></rtept><rtept lat="50.148232" lon="18.566425"><ele>282.4</ele></rtept><rtept lat="50.148232" lon="18.566457"><ele>282.2</ele></rtept><rtept lat="50.148232" lon="18.566495"><ele>282.0</ele></rtept><rtept lat="50.148235" lon="18.566532"><ele>281.6</ele></rtept><rtept lat="50.148232" lon="18.566575"><ele>281.4</ele></rtept><rtept lat="50.148237" lon="18.566617"><ele>281.2</ele></rtept><rtept lat="50.148242" lon="18.566657"><ele>281.0</ele></rtept><rtept lat="50.14825" lon="18.566692"><ele>280.8</ele></rtept><rtept lat="50.148257" lon="18.566725"><ele>280.6</ele></rtept><rtept lat="50.14826" lon="18.566747"><ele>280.4</ele></rtept><rtept lat="50.148262" lon="18.566762"><ele>280.4</ele></rtept><rtept lat="50.14826" lon="18.566795"><ele>280.4</ele></rtept><rtept lat="50.148262" lon="18.566837"><ele>280.4</ele></rtept><rtept lat="50.148257" lon="18.566882"><ele>280.2</ele></rtept><rtept lat="50.148247" lon="18.566925"><ele>280.2</ele></rtept><rtept lat="50.148232" lon="18.566972"><ele>280.2</ele></rtept><rtept lat="50.14823" lon="18.567017"><ele>280.2</ele></rtept><rtept lat="50.14823" lon="18.567062"><ele>280.0</ele></rtept><rtept lat="50.148227" lon="18.56711"><ele>279.8</ele></rtept><rtept lat="50.14823" lon="18.56717"><ele>279.6</ele></rtept><rtept lat="50.14823" lon="18.567205"><ele>279.6</ele></rtept><rtept lat="50.148225" lon="18.567232"><ele>279.6</ele></rtept><rtept lat="50.148222" lon="18.56726"><ele>279.6</ele></rtept><rtept lat="50.148222" lon="18.567282"><ele>279.6</ele></rtept><rtept lat="50.148227" lon="18.567335"><ele>279.6</ele></rtept><rtept lat="50.148217" lon="18.567377"><ele>279.6</ele></rtept><rtept lat="50.148212" lon="18.56743"><ele>279.6</ele></rtept><rtept lat="50.148202" lon="18.567477"><ele>279.6</ele></rtept><rtept lat="50.148197" lon="18.567525"><ele>279.6</ele></rtept><rtept lat="50.148183" lon="18.567565"><ele>279.6</ele></rtept><rtept lat="50.14818" lon="18.567612"><ele>279.8</ele></rtept><rtept lat="50.148175" lon="18.567655"><ele>280.0</ele></rtept><rtept lat="50.148172" lon="18.567702"><ele>280.2</ele></rtept><rtept lat="50.148167" lon="18.56775"><ele>280.2</ele></rtept><rtept lat="50.148167" lon="18.567795"><ele>280.4</ele></rtept><rtept lat="50.148162" lon="18.567835"><ele>280.4</ele></rtept><rtept lat="50.148167" lon="18.56788"><ele>280.6</ele></rtept><rtept lat="50.14816" lon="18.567923"><ele>280.6</ele></rtept><rtept lat="50.14816" lon="18.567972"><ele>280.6</ele></rtept><rtept lat="50.148165" lon="18.568022"><ele>280.6</ele></rtept><rtept lat="50.148165" lon="18.568072"><ele>280.6</ele></rtept><rtept lat="50.148165" lon="18.568122"><ele>280.6</ele></rtept><rtept lat="50.148162" lon="18.56817"><ele>280.6</ele></rtept><rtept lat="50.148167" lon="18.568217"><ele>280.4</ele></rtept><rtept lat="50.148162" lon="18.568262"><ele>280.4</ele></rtept><rtept lat="50.148167" lon="18.56831"><ele>280.4</ele></rtept><rtept lat="50.148167" lon="18.56836"><ele>280.4</ele></rtept><rtept lat="50.148167" lon="18.568407"><ele>280.4</ele></rtept><rtept lat="50.148162" lon="18.56845"><ele>280.2</ele></rtept><rtept lat="50.148162" lon="18.568493"><ele>280.4</ele></rtept><rtept lat="50.148152" lon="18.568535"><ele>280.4</ele></rtept><rtept lat="50.148135" lon="18.568562"><ele>280.4</ele></rtept><rtept lat="50.148097" lon="18.568567"><ele>280.6</ele></rtept><rtept lat="50.14806" lon="18.568552"><ele>280.6</ele></rtept><rtept lat="50.148017" lon="18.568528"><ele>280.8</ele></rtept><rtept lat="50.147995" lon="18.56852"><ele>280.8</ele></rtept><rtept lat="50.147972" lon="18.568507"><ele>280.8</ele></rtept><rtept lat="50.14795" lon="18.568502"><ele>280.8</ele></rtept><rtept lat="50.147927" lon="18.568492"><ele>280.8</ele></rtept><rtept lat="50.147915" lon="18.568497"><ele>280.8</ele></rtept><rtept lat="50.147897" lon="18.568497"><ele>280.8</ele></rtept><rtept lat="50.147852" lon="18.568487"><ele>280.8</ele></rtept><rtept lat="50.14784" lon="18.56849"><ele>280.6</ele></rtept><rtept lat="50.147827" lon="18.568487"><ele>280.6</ele></rtept><rtept lat="50.147795" lon="18.568482"><ele>280.8</ele></rtept><rtept lat="50.147767" lon="18.56848"><ele>280.8</ele></rtept><rtept lat="50.14772" lon="18.56847"><ele>280.8</ele></rtept><rtept lat="50.147692" lon="18.568465"><ele>280.6</ele></rtept><rtept lat="50.147667" lon="18.568455"><ele>280.6</ele></rtept><rtept lat="50.147642" lon="18.568442"><ele>280.6</ele></rtept><rtept lat="50.147617" lon="18.56843"><ele>280.6</ele></rtept><rtept lat="50.14759" lon="18.568417"><ele>280.6</ele></rtept><rtept lat="50.147562" lon="18.568397"><ele>280.6</ele></rtept><rtept lat="50.147537" lon="18.568382"><ele>280.6</ele></rtept><rtept lat="50.147508" lon="18.568357"><ele>280.4</ele></rtept><rtept lat="50.147487" lon="18.568337"><ele>280.4</ele></rtept><rtept lat="50.147462" lon="18.568322"><ele>280.4</ele></rtept><rtept lat="50.147437" lon="18.568302"><ele>280.4</ele></rtept><rtept lat="50.147417" lon="18.568285"><ele>280.4</ele></rtept><rtept lat="50.147397" lon="18.568267"><ele>280.4</ele></rtept><rtept lat="50.147372" lon="18.568252"><ele>280.2</ele></rtept><rtept lat="50.14735" lon="18.568242"><ele>280.2</ele></rtept><rtept lat="50.147322" lon="18.56823"><ele>280.2</ele></rtept><rtept lat="50.147292" lon="18.568222"><ele>280.2</ele></rtept><rtept lat="50.147267" lon="18.568212"><ele>280.2</ele></rtept><rtept lat="50.147237" lon="18.568197"><ele>280.2</ele></rtept><rtept lat="50.147207" lon="18.56819"><ele>280.2</ele></rtept><rtept lat="50.147187" lon="18.568192"><ele>280.2</ele></rtept><rtept lat="50.147165" lon="18.56818"><ele>280.2</ele></rtept><rtept lat="50.147142" lon="18.568182"><ele>280.2</ele></rtept><rtept lat="50.14712" lon="18.568187"><ele>280.2</ele></rtept><rtept lat="50.147097" lon="18.568187"><ele>280.2</ele></rtept><rtept lat="50.147072" lon="18.568197"><ele>280.0</ele></rtept><rtept lat="50.147057" lon="18.568192"><ele>280.2</ele></rtept><rtept lat="50.147035" lon="18.568197"><ele>280.2</ele></rtept><rtept lat="50.147017" lon="18.568195"><ele>280.4</ele></rtept><rtept lat="50.147" lon="18.568197"><ele>280.4</ele></rtept><rtept lat="50.14698" lon="18.568192"><ele>280.4</ele></rtept><rtept lat="50.146937" lon="18.568187"><ele>280.4</ele></rtept><rtept lat="50.146917" lon="18.56818"><ele>280.4</ele></rtept><rtept lat="50.146897" lon="18.568182"><ele>280.4</ele></rtept><rtept lat="50.146875" lon="18.568187"><ele>280.4</ele></rtept><rtept lat="50.146855" lon="18.568187"><ele>280.2</ele></rtept><rtept lat="50.146835" lon="18.568185"><ele>280.2</ele></rtept><rtept lat="50.14681" lon="18.568177"><ele>280.2</ele></rtept><rtept lat="50.146782" lon="18.568172"><ele>280.4</ele></rtept><rtept lat="50.146757" lon="18.56817"><ele>280.2</ele></rtept><rtept lat="50.146742" lon="18.568167"><ele>280.2</ele></rtept><rtept lat="50.14672" lon="18.568135"><ele>280.4</ele></rtept><rtept lat="50.146702" lon="18.568127"><ele>280.4</ele></rtept><rtept lat="50.146685" lon="18.568122"><ele>280.4</ele></rtept><rtept lat="50.146662" lon="18.568112"><ele>280.4</ele></rtept><rtept lat="50.146637" lon="18.568102"><ele>280.4</ele></rtept><rtept lat="50.146617" lon="18.568092"><ele>280.6</ele></rtept><rtept lat="50.146597" lon="18.568078"><ele>280.6</ele></rtept><rtept lat="50.14658" lon="18.568062"><ele>280.8</ele></rtept><rtept lat="50.146565" lon="18.568047"><ele>281.0</ele></rtept><rtept lat="50.146547" lon="18.568032"><ele>281.0</ele></rtept><rtept lat="50.146523" lon="18.568017"><ele>281.0</ele></rtept><rtept lat="50.146497" lon="18.568"><ele>281.2</ele></rtept><rtept lat="50.146475" lon="18.567987"><ele>281.2</ele></rtept><rtept lat="50.146452" lon="18.567967"><ele>281.2</ele></rtept><rtept lat="50.146432" lon="18.567945"><ele>281.2</ele></rtept><rtept lat="50.146407" lon="18.567917"><ele>281.4</ele></rtept><rtept lat="50.146385" lon="18.567905"><ele>281.6</ele></rtept><rtept lat="50.146362" lon="18.567887"><ele>281.6</ele></rtept><rtept lat="50.14634" lon="18.567872"><ele>281.8</ele></rtept><rtept lat="50.146317" lon="18.567855"><ele>281.8</ele></rtept><rtept lat="50.146292" lon="18.567832"><ele>282.0</ele></rtept><rtept lat="50.146275" lon="18.567822"><ele>282.0</ele></rtept><rtept lat="50.146257" lon="18.567807"><ele>282.0</ele></rtept><rtept lat="50.146232" lon="18.567787"><ele>282.2</ele></rtept><rtept lat="50.146212" lon="18.567767"><ele>282.2</ele></rtept><rtept lat="50.146187" lon="18.567747"><ele>282.4</ele></rtept><rtept lat="50.146165" lon="18.567722"><ele>282.6</ele></rtept><rtept lat="50.146147" lon="18.567698"><ele>282.6</ele></rtept><rtept lat="50.146127" lon="18.567677"><ele>282.8</ele></rtept><rtept lat="50.146112" lon="18.567652"><ele>282.8</ele></rtept><rtept lat="50.146092" lon="18.567632"><ele>282.8</ele></rtept><rtept lat="50.14608" lon="18.567617"><ele>283.0</ele></rtept><rtept lat="50.146067" lon="18.567597"><ele>283.2</ele></rtept><rtept lat="50.146052" lon="18.567575"><ele>283.2</ele></rtept><rtept lat="50.146025" lon="18.567527"><ele>283.6</ele></rtept><rtept lat="50.146007" lon="18.567512"><ele>283.6</ele></rtept><rtept lat="50.145987" lon="18.56749"><ele>283.8</ele></rtept><rtept lat="50.145967" lon="18.56747"><ele>283.8</ele></rtept><rtept lat="50.14595" lon="18.567457"><ele>284.0</ele></rtept><rtept lat="50.145927" lon="18.567442"><ele>284.2</ele></rtept><rtept lat="50.145907" lon="18.567425"><ele>284.2</ele></rtept><rtept lat="50.145882" lon="18.567415"><ele>284.4</ele></rtept><rtept lat="50.145862" lon="18.567397"><ele>284.4</ele></rtept><rtept lat="50.145842" lon="18.56739"><ele>284.6</ele></rtept><rtept lat="50.145822" lon="18.567377"><ele>284.8</ele></rtept><rtept lat="50.145802" lon="18.567362"><ele>284.8</ele></rtept><rtept lat="50.145782" lon="18.567345"><ele>284.8</ele></rtept><rtept lat="50.145762" lon="18.567318"><ele>285.2</ele></rtept><rtept lat="50.145742" lon="18.567297"><ele>285.2</ele></rtept><rtept lat="50.145715" lon="18.567277"><ele>285.4</ele></rtept><rtept lat="50.145697" lon="18.56726"><ele>285.6</ele></rtept><rtept lat="50.145682" lon="18.567242"><ele>285.8</ele></rtept><rtept lat="50.145655" lon="18.56722"><ele>286.0</ele></rtept><rtept lat="50.145637" lon="18.5672"><ele>286.2</ele></rtept><rtept lat="50.14562" lon="18.567175"><ele>286.4</ele></rtept><rtept lat="50.1456" lon="18.567147"><ele>286.8</ele></rtept><rtept lat="50.145582" lon="18.56712"><ele>286.8</ele></rtept><rtept lat="50.145562" lon="18.567092"><ele>287.0</ele></rtept><rtept lat="50.145545" lon="18.567072"><ele>287.2</ele></rtept><rtept lat="50.14553" lon="18.567062"><ele>287.4</ele></rtept><rtept lat="50.145512" lon="18.567045"><ele>287.6</ele></rtept><rtept lat="50.145492" lon="18.56703"><ele>287.8</ele></rtept><rtept lat="50.145475" lon="18.567012"><ele>288.0</ele></rtept><rtept lat="50.145465" lon="18.567002"><ele>288.0</ele></rtept><rtept lat="50.14545" lon="18.566992"><ele>288.2</ele></rtept><rtept lat="50.145407" lon="18.566967"><ele>288.6</ele></rtept><rtept lat="50.145387" lon="18.56696"><ele>289.0</ele></rtept><rtept lat="50.145372" lon="18.566947"><ele>289.2</ele></rtept><rtept lat="50.145357" lon="18.566935"><ele>289.4</ele></rtept><rtept lat="50.14533" lon="18.566907"><ele>290.0</ele></rtept><rtept lat="50.145297" lon="18.566877"><ele>290.4</ele></rtept><rtept lat="50.145285" lon="18.566867"><ele>290.6</ele></rtept><rtept lat="50.145245" lon="18.566842"><ele>291.2</ele></rtept><rtept lat="50.145225" lon="18.566837"><ele>291.4</ele></rtept><rtept lat="50.145202" lon="18.566827"><ele>291.4</ele></rtept><rtept lat="50.145175" lon="18.566822"><ele>291.6</ele></rtept><rtept lat="50.14515" lon="18.566815"><ele>291.8</ele></rtept><rtept lat="50.145125" lon="18.566805"><ele>291.8</ele></rtept><rtept lat="50.145097" lon="18.566792"><ele>291.8</ele></rtept><rtept lat="50.145072" lon="18.566777"><ele>292.0</ele></rtept><rtept lat="50.145042" lon="18.566767"><ele>292.0</ele></rtept><rtept lat="50.145017" lon="18.566762"><ele>292.0</ele></rtept><rtept lat="50.144997" lon="18.566755"><ele>292.0</ele></rtept><rtept lat="50.144982" lon="18.566752"><ele>292.0</ele></rtept><rtept lat="50.144967" lon="18.566747"><ele>291.8</ele></rtept><rtept lat="50.144932" lon="18.566735"><ele>291.8</ele></rtept><rtept lat="50.144902" lon="18.566717"><ele>291.8</ele></rtept><rtept lat="50.144867" lon="18.566705"><ele>291.8</ele></rtept><rtept lat="50.144832" lon="18.566672"><ele>291.8</ele></rtept><rtept lat="50.14482" lon="18.566652"><ele>291.8</ele></rtept><rtept lat="50.144807" lon="18.566627"><ele>291.8</ele></rtept><rtept lat="50.144792" lon="18.566607"><ele>291.8</ele></rtept><rtept lat="50.144775" lon="18.566585"><ele>291.8</ele></rtept><rtept lat="50.144752" lon="18.566567"><ele>291.8</ele></rtept><rtept lat="50.14473" lon="18.566545"><ele>291.8</ele></rtept><rtept lat="50.144707" lon="18.566523"><ele>291.8</ele></rtept><rtept lat="50.144687" lon="18.566507"><ele>292.0</ele></rtept><rtept lat="50.144672" lon="18.566492"><ele>292.0</ele></rtept><rtept lat="50.144662" lon="18.566485"><ele>292.0</ele></rtept><rtept lat="50.144637" lon="18.566437"><ele>292.2</ele></rtept><rtept lat="50.144595" lon="18.566407"><ele>292.2</ele></rtept><rtept lat="50.144572" lon="18.5664"><ele>292.4</ele></rtept><rtept lat="50.144547" lon="18.566387"><ele>292.4</ele></rtept><rtept lat="50.144525" lon="18.566368"><ele>292.6</ele></rtept><rtept lat="50.144505" lon="18.566352"><ele>292.6</ele></rtept><rtept lat="50.144482" lon="18.566337"><ele>292.8</ele></rtept><rtept lat="50.144462" lon="18.566322"><ele>292.8</ele></rtept><rtept lat="50.144437" lon="18.566305"><ele>292.8</ele></rtept><rtept lat="50.14441" lon="18.566292"><ele>293.0</ele></rtept><rtept lat="50.144387" lon="18.566275"><ele>292.8</ele></rtept><rtept lat="50.144362" lon="18.56626"><ele>293.0</ele></rtept><rtept lat="50.144337" lon="18.566242"><ele>293.0</ele></rtept><rtept lat="50.144315" lon="18.566227"><ele>292.8</ele></rtept><rtept lat="50.144285" lon="18.566222"><ele>292.8</ele></rtept><rtept lat="50.144257" lon="18.566205"><ele>292.8</ele></rtept><rtept lat="50.144232" lon="18.566187"><ele>292.6</ele></rtept><rtept lat="50.144212" lon="18.566177"><ele>292.6</ele></rtept><rtept lat="50.144192" lon="18.566167"><ele>292.4</ele></rtept><rtept lat="50.144172" lon="18.566157"><ele>292.4</ele></rtept><rtept lat="50.144152" lon="18.566147"><ele>292.2</ele></rtept><rtept lat="50.144137" lon="18.566137"><ele>292.2</ele></rtept><rtept lat="50.144117" lon="18.566117"><ele>292.2</ele></rtept><rtept lat="50.1441" lon="18.5661"><ele>292.0</ele></rtept><rtept lat="50.144085" lon="18.566082"><ele>292.0</ele></rtept><rtept lat="50.14406" lon="18.566057"><ele>292.0</ele></rtept><rtept lat="50.14403" lon="18.566042"><ele>292.2</ele></rtept><rtept lat="50.144002" lon="18.566027"><ele>292.0</ele></rtept><rtept lat="50.143985" lon="18.566007"><ele>292.0</ele></rtept><rtept lat="50.143957" lon="18.56599"><ele>292.0</ele></rtept><rtept lat="50.143935" lon="18.565977"><ele>292.0</ele></rtept><rtept lat="50.143912" lon="18.565965"><ele>292.0</ele></rtept><rtept lat="50.14389" lon="18.565947"><ele>292.0</ele></rtept><rtept lat="50.143863" lon="18.565937"><ele>291.8</ele></rtept><rtept lat="50.14384" lon="18.565925"><ele>291.8</ele></rtept><rtept lat="50.143812" lon="18.565912"><ele>291.8</ele></rtept><rtept lat="50.143792" lon="18.565907"><ele>291.8</ele></rtept><rtept lat="50.143767" lon="18.565895"><ele>291.6</ele></rtept><rtept lat="50.143747" lon="18.565885"><ele>291.6</ele></rtept><rtept lat="50.143727" lon="18.565872"><ele>291.6</ele></rtept><rtept lat="50.143707" lon="18.565862"><ele>291.4</ele></rtept><rtept lat="50.14368" lon="18.565845"><ele>291.2</ele></rtept><rtept lat="50.14366" lon="18.56583"><ele>291.2</ele></rtept><rtept lat="50.143638" lon="18.565822"><ele>291.0</ele></rtept><rtept lat="50.143617" lon="18.565807"><ele>291.0</ele></rtept><rtept lat="50.143597" lon="18.565792"><ele>291.0</ele></rtept><rtept lat="50.14358" lon="18.56578"><ele>290.8</ele></rtept><rtept lat="50.143552" lon="18.56577"><ele>290.8</ele></rtept><rtept lat="50.14353" lon="18.565767"><ele>290.8</ele></rtept><rtept lat="50.143502" lon="18.565757"><ele>290.8</ele></rtept><rtept lat="50.143482" lon="18.56574"><ele>290.8</ele></rtept><rtept lat="50.14346" lon="18.565732"><ele>290.6</ele></rtept><rtept lat="50.143437" lon="18.565722"><ele>290.6</ele></rtept><rtept lat="50.143417" lon="18.565712"><ele>290.4</ele></rtept><rtept lat="50.143402" lon="18.565702"><ele>290.4</ele></rtept><rtept lat="50.143382" lon="18.565692"><ele>290.4</ele></rtept><rtept lat="50.143357" lon="18.565675"><ele>290.2</ele></rtept><rtept lat="50.143335" lon="18.565662"><ele>290.2</ele></rtept><rtept lat="50.14331" lon="18.565647"><ele>290.0</ele></rtept><rtept lat="50.143287" lon="18.565632"><ele>290.0</ele></rtept><rtept lat="50.143262" lon="18.56562"><ele>289.8</ele></rtept><rtept lat="50.143237" lon="18.565605"><ele>289.6</ele></rtept><rtept lat="50.143212" lon="18.565592"><ele>289.6</ele></rtept><rtept lat="50.143192" lon="18.565582"><ele>289.6</ele></rtept><rtept lat="50.14317" lon="18.56558"><ele>289.4</ele></rtept><rtept lat="50.143147" lon="18.56557"><ele>289.4</ele></rtept><rtept lat="50.143127" lon="18.565537"><ele>289.4</ele></rtept><rtept lat="50.143107" lon="18.565522"><ele>289.2</ele></rtept><rtept lat="50.143085" lon="18.565507"><ele>289.2</ele></rtept><rtept lat="50.143057" lon="18.565492"><ele>289.0</ele></rtept><rtept lat="50.143037" lon="18.565462"><ele>289.0</ele></rtept><rtept lat="50.143012" lon="18.565445"><ele>288.8</ele></rtept><rtept lat="50.14299" lon="18.565432"><ele>288.8</ele></rtept><rtept lat="50.14297" lon="18.565427"><ele>288.6</ele></rtept><rtept lat="50.142942" lon="18.565395"><ele>288.6</ele></rtept><rtept lat="50.14292" lon="18.56538"><ele>288.6</ele></rtept><rtept lat="50.142895" lon="18.565362"><ele>288.4</ele></rtept><rtept lat="50.142867" lon="18.565348"><ele>288.2</ele></rtept><rtept lat="50.14284" lon="18.565332"><ele>288.0</ele></rtept><rtept lat="50.142812" lon="18.565312"><ele>288.0</ele></rtept><rtept lat="50.142792" lon="18.565295"><ele>288.0</ele></rtept><rtept lat="50.142772" lon="18.56528"><ele>287.8</ele></rtept><rtept lat="50.14275" lon="18.565272"><ele>287.8</ele></rtept><rtept lat="50.142722" lon="18.565257"><ele>287.8</ele></rtept><rtept lat="50.142697" lon="18.565245"><ele>287.8</ele></rtept><rtept lat="50.142672" lon="18.565232"><ele>287.6</ele></rtept><rtept lat="50.142647" lon="18.56523"><ele>287.6</ele></rtept><rtept lat="50.142617" lon="18.565222"><ele>287.4</ele></rtept><rtept lat="50.142587" lon="18.56521"><ele>287.4</ele></rtept><rtept lat="50.142562" lon="18.565192"><ele>287.4</ele></rtept><rtept lat="50.142542" lon="18.565172"><ele>287.4</ele></rtept><rtept lat="50.142517" lon="18.565162"><ele>287.4</ele></rtept><rtept lat="50.142487" lon="18.565152"><ele>287.2</ele></rtept><rtept lat="50.14246" lon="18.56514"><ele>287.2</ele></rtept><rtept lat="50.142442" lon="18.565117"><ele>287.0</ele></rtept><rtept lat="50.142422" lon="18.565097"><ele>287.0</ele></rtept><rtept lat="50.142407" lon="18.565075"><ele>286.8</ele></rtept><rtept lat="50.14239" lon="18.565055"><ele>286.8</ele></rtept><rtept lat="50.142367" lon="18.56503"><ele>286.6</ele></rtept><rtept lat="50.142345" lon="18.565005"><ele>286.6</ele></rtept><rtept lat="50.142322" lon="18.56498"><ele>286.6</ele></rtept><rtept lat="50.142302" lon="18.56496"><ele>286.4</ele></rtept><rtept lat="50.142287" lon="18.564942"><ele>286.4</ele></rtept><rtept lat="50.142272" lon="18.56492"><ele>286.2</ele></rtept><rtept lat="50.142255" lon="18.564902"><ele>286.2</ele></rtept><rtept lat="50.142237" lon="18.56488"><ele>286.0</ele></rtept><rtept lat="50.142207" lon="18.564857"><ele>286.0</ele></rtept><rtept lat="50.142182" lon="18.56484"><ele>285.8</ele></rtept><rtept lat="50.142157" lon="18.564812"><ele>285.8</ele></rtept><rtept lat="50.142127" lon="18.564782"><ele>285.6</ele></rtept><rtept lat="50.142102" lon="18.564757"><ele>285.6</ele></rtept><rtept lat="50.14207" lon="18.564717"><ele>285.6</ele></rtept><rtept lat="50.142047" lon="18.564705"><ele>285.6</ele></rtept><rtept lat="50.14203" lon="18.564685"><ele>285.6</ele></rtept><rtept lat="50.141995" lon="18.564647"><ele>285.4</ele></rtept><rtept lat="50.141978" lon="18.564637"><ele>285.4</ele></rtept><rtept lat="50.141962" lon="18.564622"><ele>285.4</ele></rtept><rtept lat="50.141942" lon="18.56461"><ele>285.4</ele></rtept><rtept lat="50.141902" lon="18.564577"><ele>285.2</ele></rtept><rtept lat="50.14188" lon="18.56456"><ele>285.0</ele></rtept><rtept lat="50.141855" lon="18.56456"><ele>285.0</ele></rtept><rtept lat="50.141822" lon="18.564565"><ele>285.0</ele></rtept><rtept lat="50.1418" lon="18.56457"><ele>285.0</ele></rtept><rtept lat="50.141782" lon="18.564572"><ele>285.0</ele></rtept><rtept lat="50.141757" lon="18.564567"><ele>285.0</ele></rtept><rtept lat="50.141737" lon="18.564565"><ele>285.0</ele></rtept><rtept lat="50.141717" lon="18.564552"><ele>285.0</ele></rtept><rtept lat="50.141692" lon="18.56456"><ele>285.0</ele></rtept><rtept lat="50.141667" lon="18.564562"><ele>285.2</ele></rtept><rtept lat="50.141637" lon="18.564553"><ele>285.0</ele></rtept><rtept lat="50.141612" lon="18.56454"><ele>284.8</ele></rtept><rtept lat="50.141582" lon="18.564537"><ele>284.8</ele></rtept><rtept lat="50.141557" lon="18.564535"><ele>284.8</ele></rtept><rtept lat="50.141535" lon="18.56453"><ele>284.8</ele></rtept><rtept lat="50.14151" lon="18.564527"><ele>284.8</ele></rtept><rtept lat="50.141482" lon="18.564522"><ele>284.8</ele></rtept><rtept lat="50.141452" lon="18.564522"><ele>284.8</ele></rtept><rtept lat="50.141427" lon="18.564517"><ele>285.0</ele></rtept><rtept lat="50.141405" lon="18.564512"><ele>284.8</ele></rtept><rtept lat="50.141382" lon="18.564512"><ele>284.8</ele></rtept><rtept lat="50.141357" lon="18.564512"><ele>284.8</ele></rtept><rtept lat="50.141337" lon="18.564512"><ele>284.8</ele></rtept><rtept lat="50.141315" lon="18.564507"><ele>284.6</ele></rtept><rtept lat="50.141295" lon="18.564512"><ele>284.6</ele></rtept><rtept lat="50.141277" lon="18.564522"><ele>284.6</ele></rtept><rtept lat="50.141257" lon="18.564527"><ele>284.6</ele></rtept><rtept lat="50.141237" lon="18.56454"><ele>284.6</ele></rtept><rtept lat="50.141217" lon="18.564553"><ele>284.4</ele></rtept><rtept lat="50.141192" lon="18.564562"><ele>284.4</ele></rtept><rtept lat="50.14117" lon="18.564567"><ele>284.4</ele></rtept><rtept lat="50.141157" lon="18.564577"><ele>284.4</ele></rtept><rtept lat="50.141137" lon="18.564587"><ele>284.2</ele></rtept><rtept lat="50.141095" lon="18.564612"><ele>284.0</ele></rtept><rtept lat="50.141077" lon="18.564627"><ele>283.8</ele></rtept><rtept lat="50.141057" lon="18.56464"><ele>283.8</ele></rtept><rtept lat="50.141032" lon="18.564652"><ele>283.6</ele></rtept><rtept lat="50.141007" lon="18.56466"><ele>283.4</ele></rtept><rtept lat="50.140987" lon="18.56468"><ele>283.2</ele></rtept><rtept lat="50.140957" lon="18.564682"><ele>283.2</ele></rtept><rtept lat="50.140937" lon="18.564697"><ele>283.0</ele></rtept><rtept lat="50.140915" lon="18.564707"><ele>283.0</ele></rtept><rtept lat="50.140887" lon="18.564717"><ele>282.8</ele></rtept><rtept lat="50.140862" lon="18.564725"><ele>282.6</ele></rtept><rtept lat="50.140842" lon="18.564737"><ele>282.6</ele></rtept><rtept lat="50.140827" lon="18.564727"><ele>282.4</ele></rtept><rtept lat="50.140807" lon="18.56473"><ele>282.2</ele></rtept><rtept lat="50.140762" lon="18.564742"><ele>281.8</ele></rtept><rtept lat="50.140745" lon="18.564752"><ele>281.8</ele></rtept><rtept lat="50.140725" lon="18.56476"><ele>281.6</ele></rtept><rtept lat="50.1407" lon="18.564765"><ele>281.4</ele></rtept><rtept lat="50.140677" lon="18.564777"><ele>281.2</ele></rtept><rtept lat="50.140657" lon="18.564787"><ele>281.0</ele></rtept><rtept lat="50.140632" lon="18.564792"><ele>281.0</ele></rtept><rtept lat="50.140613" lon="18.564802"><ele>280.8</ele></rtept><rtept lat="50.140597" lon="18.564807"><ele>280.6</ele></rtept><rtept lat="50.140575" lon="18.564817"><ele>280.4</ele></rtept><rtept lat="50.140547" lon="18.564827"><ele>280.4</ele></rtept><rtept lat="50.140527" lon="18.564857"><ele>280.2</ele></rtept><rtept lat="50.140507" lon="18.564867"><ele>280.0</ele></rtept><rtept lat="50.140492" lon="18.564872"><ele>279.8</ele></rtept><rtept lat="50.140482" lon="18.56488"><ele>279.8</ele></rtept><rtept lat="50.140445" lon="18.564877"><ele>279.4</ele></rtept><rtept lat="50.140402" lon="18.564902"><ele>279.0</ele></rtept><rtept lat="50.14038" lon="18.564905"><ele>278.8</ele></rtept><rtept lat="50.14036" lon="18.56491"><ele>278.6</ele></rtept><rtept lat="50.140337" lon="18.564917"><ele>278.4</ele></rtept><rtept lat="50.140317" lon="18.564922"><ele>278.0</ele></rtept><rtept lat="50.140295" lon="18.564925"><ele>277.8</ele></rtept><rtept lat="50.140277" lon="18.56493"><ele>277.6</ele></rtept><rtept lat="50.140255" lon="18.564937"><ele>277.2</ele></rtept><rtept lat="50.140227" lon="18.564955"><ele>277.0</ele></rtept><rtept lat="50.140202" lon="18.564972"><ele>276.8</ele></rtept><rtept lat="50.140177" lon="18.564997"><ele>276.6</ele></rtept><rtept lat="50.140147" lon="18.565012"><ele>276.4</ele></rtept><rtept lat="50.140122" lon="18.565035"><ele>276.2</ele></rtept><rtept lat="50.140097" lon="18.565047"><ele>275.8</ele></rtept><rtept lat="50.140077" lon="18.565057"><ele>275.6</ele></rtept><rtept lat="50.14006" lon="18.565067"><ele>275.2</ele></rtept><rtept lat="50.140037" lon="18.56508"><ele>275.2</ele></rtept><rtept lat="50.140008" lon="18.565087"><ele>275.0</ele></rtept><rtept lat="50.139987" lon="18.5651"><ele>274.6</ele></rtept><rtept lat="50.13997" lon="18.565115"><ele>274.4</ele></rtept><rtept lat="50.139947" lon="18.565122"><ele>274.2</ele></rtept><rtept lat="50.139932" lon="18.565142"><ele>274.2</ele></rtept><rtept lat="50.139912" lon="18.565147"><ele>273.8</ele></rtept><rtept lat="50.139885" lon="18.565157"><ele>273.6</ele></rtept><rtept lat="50.139867" lon="18.565172"><ele>273.6</ele></rtept><rtept lat="50.139842" lon="18.565182"><ele>273.4</ele></rtept><rtept lat="50.139817" lon="18.565187"><ele>273.4</ele></rtept><rtept lat="50.139795" lon="18.565192"><ele>273.2</ele></rtept><rtept lat="50.13977" lon="18.565202"><ele>273.0</ele></rtept><rtept lat="50.139742" lon="18.565215"><ele>272.8</ele></rtept><rtept lat="50.139712" lon="18.565225"><ele>272.6</ele></rtept><rtept lat="50.13968" lon="18.565242"><ele>272.6</ele></rtept><rtept lat="50.13966" lon="18.565252"><ele>272.2</ele></rtept><rtept lat="50.139632" lon="18.565267"><ele>272.0</ele></rtept><rtept lat="50.139602" lon="18.565277"><ele>272.0</ele></rtept><rtept lat="50.139577" lon="18.56528"><ele>271.8</ele></rtept><rtept lat="50.13956" lon="18.565287"><ele>271.6</ele></rtept><rtept lat="50.13954" lon="18.565297"><ele>271.6</ele></rtept><rtept lat="50.13951" lon="18.565327"><ele>271.4</ele></rtept><rtept lat="50.139487" lon="18.565335"><ele>271.2</ele></rtept><rtept lat="50.139462" lon="18.56534"><ele>271.2</ele></rtept><rtept lat="50.139435" lon="18.565347"><ele>270.8</ele></rtept><rtept lat="50.139412" lon="18.565352"><ele>270.8</ele></rtept><rtept lat="50.139387" lon="18.565352"><ele>270.6</ele></rtept><rtept lat="50.139365" lon="18.565357"><ele>270.6</ele></rtept><rtept lat="50.139347" lon="18.565362"><ele>270.4</ele></rtept><rtept lat="50.139327" lon="18.565367"><ele>270.2</ele></rtept><rtept lat="50.139302" lon="18.565375"><ele>270.2</ele></rtept><rtept lat="50.139277" lon="18.565395"><ele>270.2</ele></rtept><rtept lat="50.139255" lon="18.565422"><ele>270.0</ele></rtept><rtept lat="50.139232" lon="18.565437"><ele>270.0</ele></rtept><rtept lat="50.139212" lon="18.565445"><ele>269.8</ele></rtept><rtept lat="50.139192" lon="18.565457"><ele>269.8</ele></rtept><rtept lat="50.139167" lon="18.565467"><ele>269.8</ele></rtept><rtept lat="50.139147" lon="18.565482"><ele>269.6</ele></rtept><rtept lat="50.139132" lon="18.565497"><ele>269.4</ele></rtept><rtept lat="50.139112" lon="18.565512"><ele>269.4</ele></rtept><rtept lat="50.139085" lon="18.565527"><ele>269.2</ele></rtept><rtept lat="50.139057" lon="18.565538"><ele>269.2</ele></rtept><rtept lat="50.139032" lon="18.565552"><ele>269.2</ele></rtept><rtept lat="50.139012" lon="18.565572"><ele>269.0</ele></rtept><rtept lat="50.138985" lon="18.565585"><ele>268.8</ele></rtept><rtept lat="50.138962" lon="18.565592"><ele>268.6</ele></rtept><rtept lat="50.138937" lon="18.565605"><ele>268.4</ele></rtept><rtept lat="50.138912" lon="18.565612"><ele>268.2</ele></rtept><rtept lat="50.138887" lon="18.56563"><ele>268.0</ele></rtept><rtept lat="50.138862" lon="18.565617"><ele>268.0</ele></rtept><rtept lat="50.138832" lon="18.565632"><ele>267.8</ele></rtept><rtept lat="50.138812" lon="18.565642"><ele>267.6</ele></rtept><rtept lat="50.138797" lon="18.565655"><ele>267.4</ele></rtept><rtept lat="50.138777" lon="18.565665"><ele>267.2</ele></rtept><rtept lat="50.138755" lon="18.565677"><ele>267.0</ele></rtept><rtept lat="50.138732" lon="18.565692"><ele>267.0</ele></rtept><rtept lat="50.138707" lon="18.565702"><ele>266.8</ele></rtept><rtept lat="50.138682" lon="18.565717"><ele>266.8</ele></rtept><rtept lat="50.13866" lon="18.565732"><ele>266.6</ele></rtept><rtept lat="50.138637" lon="18.565747"><ele>266.6</ele></rtept><rtept lat="50.138615" lon="18.565767"><ele>266.4</ele></rtept><rtept lat="50.138592" lon="18.56579"><ele>266.2</ele></rtept><rtept lat="50.138572" lon="18.5658"><ele>266.0</ele></rtept><rtept lat="50.138552" lon="18.5658"><ele>266.0</ele></rtept><rtept lat="50.138527" lon="18.56581"><ele>265.8</ele></rtept><rtept lat="50.138502" lon="18.565822"><ele>265.8</ele></rtept><rtept lat="50.138472" lon="18.565842"><ele>265.6</ele></rtept><rtept lat="50.13845" lon="18.565857"><ele>265.4</ele></rtept><rtept lat="50.138427" lon="18.565872"><ele>265.2</ele></rtept><rtept lat="50.138402" lon="18.565887"><ele>265.0</ele></rtept><rtept lat="50.13838" lon="18.565902"><ele>264.8</ele></rtept><rtept lat="50.138357" lon="18.565907"><ele>264.6</ele></rtept><rtept lat="50.138333" lon="18.565912"><ele>264.4</ele></rtept><rtept lat="50.138315" lon="18.565925"><ele>264.2</ele></rtept><rtept lat="50.138292" lon="18.565937"><ele>264.0</ele></rtept><rtept lat="50.138262" lon="18.565942"><ele>263.8</ele></rtept><rtept lat="50.138232" lon="18.565953"><ele>263.6</ele></rtept><rtept lat="50.1382" lon="18.565957"><ele>263.4</ele></rtept><rtept lat="50.138172" lon="18.565967"><ele>263.0</ele></rtept><rtept lat="50.138147" lon="18.565972"><ele>262.8</ele></rtept><rtept lat="50.138122" lon="18.565987"><ele>262.8</ele></rtept><rtept lat="50.138097" lon="18.565992"><ele>262.6</ele></rtept><rtept lat="50.13807" lon="18.565997"><ele>262.4</ele></rtept><rtept lat="50.138047" lon="18.566007"><ele>262.2</ele></rtept><rtept lat="50.138022" lon="18.566015"><ele>262.0</ele></rtept><rtept lat="50.137995" lon="18.566027"><ele>262.0</ele></rtept><rtept lat="50.137965" lon="18.566045"><ele>262.0</ele></rtept><rtept lat="50.13794" lon="18.56606"><ele>262.0</ele></rtept><rtept lat="50.13792" lon="18.566067"><ele>262.0</ele></rtept><rtept lat="50.137897" lon="18.56608"><ele>262.0</ele></rtept><rtept lat="50.137872" lon="18.566085"><ele>262.0</ele></rtept><rtept lat="50.137847" lon="18.566097"><ele>262.0</ele></rtept><rtept lat="50.13782" lon="18.566115"><ele>262.0</ele></rtept><rtept lat="50.137787" lon="18.566132"><ele>262.0</ele></rtept><rtept lat="50.13776" lon="18.566143"><ele>262.0</ele></rtept><rtept lat="50.137735" lon="18.566157"><ele>262.0</ele></rtept><rtept lat="50.137712" lon="18.566162"><ele>262.0</ele></rtept><rtept lat="50.137692" lon="18.566172"><ele>262.0</ele></rtept><rtept lat="50.137672" lon="18.566187"><ele>262.0</ele></rtept><rtept lat="50.137647" lon="18.566197"><ele>261.8</ele></rtept><rtept lat="50.137617" lon="18.566215"><ele>261.8</ele></rtept><rtept lat="50.137592" lon="18.566225"><ele>261.8</ele></rtept><rtept lat="50.13757" lon="18.56624"><ele>261.6</ele></rtept><rtept lat="50.137542" lon="18.566257"><ele>261.6</ele></rtept><rtept lat="50.137517" lon="18.566267"><ele>261.6</ele></rtept><rtept lat="50.137487" lon="18.566277"><ele>261.4</ele></rtept><rtept lat="50.137457" lon="18.566287"><ele>261.4</ele></rtept><rtept lat="50.137432" lon="18.566298"><ele>261.4</ele></rtept><rtept lat="50.13741" lon="18.566307"><ele>261.4</ele></rtept><rtept lat="50.137382" lon="18.566317"><ele>261.4</ele></rtept><rtept lat="50.137355" lon="18.566322"><ele>261.4</ele></rtept><rtept lat="50.137332" lon="18.566322"><ele>261.2</ele></rtept><rtept lat="50.137307" lon="18.566325"><ele>261.2</ele></rtept><rtept lat="50.137282" lon="18.566333"><ele>261.2</ele></rtept><rtept lat="50.137262" lon="18.566342"><ele>261.0</ele></rtept><rtept lat="50.13724" lon="18.566345"><ele>261.0</ele></rtept><rtept lat="50.137215" lon="18.56635"><ele>260.8</ele></rtept><rtept lat="50.137192" lon="18.566357"><ele>260.8</ele></rtept><rtept lat="50.137167" lon="18.566372"><ele>260.8</ele></rtept><rtept lat="50.137142" lon="18.566385"><ele>260.6</ele></rtept><rtept lat="50.137117" lon="18.566395"><ele>260.6</ele></rtept><rtept lat="50.137092" lon="18.56641"><ele>260.6</ele></rtept><rtept lat="50.137067" lon="18.566432"><ele>260.4</ele></rtept><rtept lat="50.137037" lon="18.566447"><ele>260.4</ele></rtept><rtept lat="50.137015" lon="18.566465"><ele>260.4</ele></rtept><rtept lat="50.136995" lon="18.566477"><ele>260.2</ele></rtept><rtept lat="50.136968" lon="18.566487"><ele>260.2</ele></rtept><rtept lat="50.136947" lon="18.566495"><ele>260.2</ele></rtept><rtept lat="50.136922" lon="18.56651"><ele>260.2</ele></rtept><rtept lat="50.136902" lon="18.566522"><ele>260.2</ele></rtept><rtept lat="50.136877" lon="18.566532"><ele>260.2</ele></rtept><rtept lat="50.136852" lon="18.566542"><ele>260.2</ele></rtept><rtept lat="50.136825" lon="18.56655"><ele>260.2</ele></rtept><rtept lat="50.136795" lon="18.566555"><ele>260.2</ele></rtept><rtept lat="50.136772" lon="18.566562"><ele>260.2</ele></rtept><rtept lat="50.136743" lon="18.56657"><ele>260.2</ele></rtept><rtept lat="50.136717" lon="18.566577"><ele>260.2</ele></rtept><rtept lat="50.136692" lon="18.566582"><ele>260.2</ele></rtept><rtept lat="50.136673" lon="18.566585"><ele>260.2</ele></rtept><rtept lat="50.136652" lon="18.56659"><ele>260.2</ele></rtept><rtept lat="50.13663" lon="18.566597"><ele>260.2</ele></rtept><rtept lat="50.136602" lon="18.566607"><ele>260.2</ele></rtept><rtept lat="50.136577" lon="18.566617"><ele>260.2</ele></rtept><rtept lat="50.13655" lon="18.566627"><ele>260.2</ele></rtept><rtept lat="50.136522" lon="18.566637"><ele>260.2</ele></rtept><rtept lat="50.136497" lon="18.566645"><ele>260.2</ele></rtept><rtept lat="50.13647" lon="18.566637"><ele>260.2</ele></rtept><rtept lat="50.136445" lon="18.566645"><ele>260.0</ele></rtept><rtept lat="50.136425" lon="18.566652"><ele>260.0</ele></rtept><rtept lat="50.136402" lon="18.566662"><ele>260.0</ele></rtept><rtept lat="50.13638" lon="18.566672"><ele>260.0</ele></rtept><rtept lat="50.136362" lon="18.566682"><ele>260.0</ele></rtept><rtept lat="50.136342" lon="18.566702"><ele>259.8</ele></rtept><rtept lat="50.136322" lon="18.566717"><ele>259.8</ele></rtept><rtept lat="50.1363" lon="18.566732"><ele>259.8</ele></rtept><rtept lat="50.136272" lon="18.566748"><ele>259.6</ele></rtept><rtept lat="50.136242" lon="18.56677"><ele>259.4</ele></rtept><rtept lat="50.136217" lon="18.566785"><ele>259.4</ele></rtept><rtept lat="50.136187" lon="18.566807"><ele>259.4</ele></rtept><rtept lat="50.136162" lon="18.566817"><ele>259.2</ele></rtept><rtept lat="50.136137" lon="18.566832"><ele>259.0</ele></rtept><rtept lat="50.13611" lon="18.566845"><ele>259.0</ele></rtept><rtept lat="50.136085" lon="18.566865"><ele>258.8</ele></rtept><rtept lat="50.13606" lon="18.566887"><ele>258.6</ele></rtept><rtept lat="50.136037" lon="18.566907"><ele>258.4</ele></rtept><rtept lat="50.136017" lon="18.566912"><ele>258.4</ele></rtept><rtept lat="50.135997" lon="18.566912"><ele>258.2</ele></rtept><rtept lat="50.135977" lon="18.566912"><ele>258.2</ele></rtept><rtept lat="50.135952" lon="18.566915"><ele>258.0</ele></rtept><rtept lat="50.135922" lon="18.56692"><ele>257.8</ele></rtept><rtept lat="50.135895" lon="18.566932"><ele>257.8</ele></rtept><rtept lat="50.135867" lon="18.566935"><ele>257.6</ele></rtept><rtept lat="50.135842" lon="18.566942"><ele>257.6</ele></rtept><rtept lat="50.135815" lon="18.566932"><ele>257.4</ele></rtept><rtept lat="50.135787" lon="18.566942"><ele>257.2</ele></rtept><rtept lat="50.135758" lon="18.566947"><ele>257.0</ele></rtept><rtept lat="50.135732" lon="18.566917"><ele>257.0</ele></rtept><rtept lat="50.1357" lon="18.566917"><ele>256.8</ele></rtept><rtept lat="50.135672" lon="18.566942"><ele>256.8</ele></rtept><rtept lat="50.135647" lon="18.566952"><ele>256.8</ele></rtept><rtept lat="50.13562" lon="18.56697"><ele>256.8</ele></rtept><rtept lat="50.135597" lon="18.566987"><ele>256.8</ele></rtept><rtept lat="50.135577" lon="18.56701"><ele>256.8</ele></rtept><rtept lat="50.135552" lon="18.567022"><ele>257.0</ele></rtept><rtept lat="50.135522" lon="18.567032"><ele>257.0</ele></rtept><rtept lat="50.135497" lon="18.567042"><ele>257.0</ele></rtept><rtept lat="50.135472" lon="18.56705"><ele>257.0</ele></rtept><rtept lat="50.135445" lon="18.567062"><ele>257.0</ele></rtept><rtept lat="50.135422" lon="18.56708"><ele>257.0</ele></rtept><rtept lat="50.135397" lon="18.567092"><ele>257.0</ele></rtept><rtept lat="50.135377" lon="18.567112"><ele>257.0</ele></rtept><rtept lat="50.135352" lon="18.567128"><ele>257.0</ele></rtept><rtept lat="50.135327" lon="18.567145"><ele>256.8</ele></rtept><rtept lat="50.135302" lon="18.567155"><ele>256.8</ele></rtept><rtept lat="50.135277" lon="18.567162"><ele>256.8</ele></rtept><rtept lat="50.135257" lon="18.56717"><ele>256.8</ele></rtept><rtept lat="50.135237" lon="18.567177"><ele>256.8</ele></rtept><rtept lat="50.135212" lon="18.567187"><ele>256.6</ele></rtept><rtept lat="50.135185" lon="18.567197"><ele>256.6</ele></rtept><rtept lat="50.135162" lon="18.567202"><ele>256.6</ele></rtept><rtept lat="50.135137" lon="18.567212"><ele>256.6</ele></rtept><rtept lat="50.135115" lon="18.567227"><ele>256.6</ele></rtept><rtept lat="50.135095" lon="18.56724"><ele>256.6</ele></rtept><rtept lat="50.135072" lon="18.56725"><ele>256.4</ele></rtept><rtept lat="50.13505" lon="18.567262"><ele>256.4</ele></rtept><rtept lat="50.135032" lon="18.567275"><ele>256.4</ele></rtept><rtept lat="50.135012" lon="18.567282"><ele>256.4</ele></rtept><rtept lat="50.13499" lon="18.567297"><ele>256.4</ele></rtept><rtept lat="50.13497" lon="18.567312"><ele>256.4</ele></rtept><rtept lat="50.13495" lon="18.567327"><ele>256.4</ele></rtept><rtept lat="50.134927" lon="18.567345"><ele>256.4</ele></rtept><rtept lat="50.134907" lon="18.56736"><ele>256.4</ele></rtept><rtept lat="50.134892" lon="18.56737"><ele>256.2</ele></rtept><rtept lat="50.134877" lon="18.56738"><ele>256.2</ele></rtept><rtept lat="50.13486" lon="18.56739"><ele>256.2</ele></rtept><rtept lat="50.13482" lon="18.567402"><ele>256.2</ele></rtept><rtept lat="50.134797" lon="18.567415"><ele>256.2</ele></rtept><rtept lat="50.134777" lon="18.56742"><ele>256.2</ele></rtept><rtept lat="50.134757" lon="18.567417"><ele>256.2</ele></rtept><rtept lat="50.134732" lon="18.567417"><ele>256.2</ele></rtept><rtept lat="50.134715" lon="18.567422"><ele>256.2</ele></rtept><rtept lat="50.13469" lon="18.567437"><ele>256.0</ele></rtept><rtept lat="50.134665" lon="18.567452"><ele>256.0</ele></rtept><rtept lat="50.13464" lon="18.567467"><ele>255.8</ele></rtept><rtept lat="50.134617" lon="18.567482"><ele>255.8</ele></rtept><rtept lat="50.134597" lon="18.5675"><ele>255.6</ele></rtept><rtept lat="50.134577" lon="18.567512"><ele>255.6</ele></rtept><rtept lat="50.134562" lon="18.56752"><ele>255.6</ele></rtept><rtept lat="50.134545" lon="18.567522"><ele>255.6</ele></rtept><rtept lat="50.134492" lon="18.567537"><ele>255.4</ele></rtept><rtept lat="50.134467" lon="18.567543"><ele>255.4</ele></rtept><rtept lat="50.13444" lon="18.567557"><ele>255.4</ele></rtept><rtept lat="50.134412" lon="18.567567"><ele>255.4</ele></rtept><rtept lat="50.134387" lon="18.567582"><ele>255.4</ele></rtept><rtept lat="50.13436" lon="18.567597"><ele>255.4</ele></rtept><rtept lat="50.134332" lon="18.567612"><ele>255.4</ele></rtept><rtept lat="50.134302" lon="18.567627"><ele>255.6</ele></rtept><rtept lat="50.134275" lon="18.567637"><ele>255.6</ele></rtept><rtept lat="50.13425" lon="18.567647"><ele>255.6</ele></rtept><rtept lat="50.134227" lon="18.567657"><ele>255.6</ele></rtept><rtept lat="50.1342" lon="18.567662"><ele>255.8</ele></rtept><rtept lat="50.134168" lon="18.567665"><ele>255.8</ele></rtept><rtept lat="50.134142" lon="18.567672"><ele>255.8</ele></rtept><rtept lat="50.134117" lon="18.567677"><ele>255.8</ele></rtept><rtept lat="50.134097" lon="18.567687"><ele>255.8</ele></rtept><rtept lat="50.134075" lon="18.567698"><ele>256.0</ele></rtept><rtept lat="50.13405" lon="18.567712"><ele>256.0</ele></rtept><rtept lat="50.134025" lon="18.567732"><ele>256.0</ele></rtept><rtept lat="50.134002" lon="18.567747"><ele>256.0</ele></rtept><rtept lat="50.133977" lon="18.567757"><ele>256.0</ele></rtept><rtept lat="50.133955" lon="18.567767"><ele>256.0</ele></rtept><rtept lat="50.133927" lon="18.56777"><ele>256.0</ele></rtept><rtept lat="50.133902" lon="18.567777"><ele>256.2</ele></rtept><rtept lat="50.13388" lon="18.567787"><ele>256.2</ele></rtept><rtept lat="50.133852" lon="18.567797"><ele>256.0</ele></rtept><rtept lat="50.133832" lon="18.567817"><ele>256.0</ele></rtept><rtept lat="50.133812" lon="18.567837"><ele>256.2</ele></rtept><rtept lat="50.133785" lon="18.56785"><ele>256.2</ele></rtept><rtept lat="50.133762" lon="18.56786"><ele>256.2</ele></rtept><rtept lat="50.13374" lon="18.567872"><ele>256.2</ele></rtept><rtept lat="50.133712" lon="18.567885"><ele>256.2</ele></rtept><rtept lat="50.133687" lon="18.567902"><ele>256.2</ele></rtept><rtept lat="50.133667" lon="18.567912"><ele>256.2</ele></rtept><rtept lat="50.133652" lon="18.567917"><ele>256.2</ele></rtept><rtept lat="50.133632" lon="18.567935"><ele>256.2</ele></rtept><rtept lat="50.133612" lon="18.567952"><ele>256.2</ele></rtept><rtept lat="50.133587" lon="18.567982"><ele>256.4</ele></rtept><rtept lat="50.133562" lon="18.568002"><ele>256.4</ele></rtept><rtept lat="50.133537" lon="18.568022"><ele>256.4</ele></rtept><rtept lat="50.133505" lon="18.56805"><ele>256.4</ele></rtept><rtept lat="50.133475" lon="18.568072"><ele>256.4</ele></rtept><rtept lat="50.133447" lon="18.568097"><ele>256.6</ele></rtept><rtept lat="50.133427" lon="18.568113"><ele>256.6</ele></rtept><rtept lat="50.133407" lon="18.568132"><ele>256.6</ele></rtept><rtept lat="50.133385" lon="18.568147"><ele>256.8</ele></rtept><rtept lat="50.133362" lon="18.568162"><ele>256.8</ele></rtept><rtept lat="50.133338" lon="18.568172"><ele>256.8</ele></rtept><rtept lat="50.133322" lon="18.568187"><ele>256.8</ele></rtept><rtept lat="50.133307" lon="18.56821"><ele>257.0</ele></rtept><rtept lat="50.13329" lon="18.568237"><ele>257.2</ele></rtept><rtept lat="50.133277" lon="18.568262"><ele>257.2</ele></rtept><rtept lat="50.133272" lon="18.568295"><ele>257.2</ele></rtept><rtept lat="50.133262" lon="18.568322"><ele>257.4</ele></rtept><rtept lat="50.133252" lon="18.568355"><ele>257.6</ele></rtept><rtept lat="50.133247" lon="18.568387"><ele>257.6</ele></rtept><rtept lat="50.133237" lon="18.568412"><ele>257.8</ele></rtept><rtept lat="50.133237" lon="18.568447"><ele>257.8</ele></rtept><rtept lat="50.133227" lon="18.568477"><ele>258.0</ele></rtept><rtept lat="50.13321" lon="18.568492"><ele>258.2</ele></rtept><rtept lat="50.133197" lon="18.56851"><ele>258.2</ele></rtept><rtept lat="50.133187" lon="18.568527"><ele>258.4</ele></rtept><rtept lat="50.133162" lon="18.568562"><ele>258.6</ele></rtept><rtept lat="50.133125" lon="18.568627"><ele>258.8</ele></rtept><rtept lat="50.133113" lon="18.568662"><ele>258.8</ele></rtept><rtept lat="50.1331" lon="18.568687"><ele>259.0</ele></rtept><rtept lat="50.133085" lon="18.568717"><ele>259.2</ele></rtept><rtept lat="50.133072" lon="18.56875"><ele>259.4</ele></rtept><rtept lat="50.133062" lon="18.568777"><ele>259.6</ele></rtept><rtept lat="50.133042" lon="18.568802"><ele>259.6</ele></rtept><rtept lat="50.133027" lon="18.56883"><ele>259.8</ele></rtept><rtept lat="50.133015" lon="18.568857"><ele>259.8</ele></rtept><rtept lat="50.133002" lon="18.568887"><ele>260.0</ele></rtept><rtept lat="50.132987" lon="18.568917"><ele>260.0</ele></rtept><rtept lat="50.132972" lon="18.568942"><ele>260.0</ele></rtept><rtept lat="50.132957" lon="18.568972"><ele>260.2</ele></rtept><rtept lat="50.132942" lon="18.569"><ele>260.2</ele></rtept><rtept lat="50.132927" lon="18.569032"><ele>260.4</ele></rtept><rtept lat="50.132915" lon="18.569062"><ele>260.4</ele></rtept><rtept lat="50.132905" lon="18.569097"><ele>260.4</ele></rtept><rtept lat="50.13289" lon="18.569125"><ele>260.6</ele></rtept><rtept lat="50.132873" lon="18.569147"><ele>260.8</ele></rtept><rtept lat="50.132862" lon="18.569175"><ele>261.0</ele></rtept><rtept lat="50.132847" lon="18.569197"><ele>261.0</ele></rtept><rtept lat="50.132837" lon="18.569227"><ele>261.2</ele></rtept><rtept lat="50.132825" lon="18.569253"><ele>261.2</ele></rtept><rtept lat="50.13281" lon="18.569282"><ele>261.4</ele></rtept><rtept lat="50.132797" lon="18.569307"><ele>261.4</ele></rtept><rtept lat="50.132785" lon="18.56933"><ele>261.6</ele></rtept><rtept lat="50.132772" lon="18.569352"><ele>261.6</ele></rtept><rtept lat="50.13276" lon="18.56938"><ele>261.8</ele></rtept><rtept lat="50.132745" lon="18.569407"><ele>262.0</ele></rtept><rtept lat="50.132727" lon="18.569427"><ele>262.0</ele></rtept><rtept lat="50.13271" lon="18.569455"><ele>262.0</ele></rtept><rtept lat="50.13269" lon="18.569478"><ele>262.2</ele></rtept><rtept lat="50.13267" lon="18.569502"><ele>262.0</ele></rtept><rtept lat="50.132652" lon="18.569522"><ele>262.0</ele></rtept><rtept lat="50.132635" lon="18.56955"><ele>262.0</ele></rtept><rtept lat="50.132622" lon="18.569582"><ele>261.8</ele></rtept><rtept lat="50.132607" lon="18.569612"><ele>261.8</ele></rtept><rtept lat="50.132595" lon="18.569637"><ele>261.6</ele></rtept><rtept lat="50.132578" lon="18.569665"><ele>261.6</ele></rtept><rtept lat="50.132567" lon="18.56969"><ele>261.6</ele></rtept><rtept lat="50.132552" lon="18.569717"><ele>261.4</ele></rtept><rtept lat="50.132537" lon="18.569737"><ele>261.4</ele></rtept><rtept lat="50.13252" lon="18.569762"><ele>261.2</ele></rtept><rtept lat="50.13251" lon="18.569785"><ele>261.2</ele></rtept><rtept lat="50.132507" lon="18.569797"><ele>261.2</ele></rtept><rtept lat="50.132492" lon="18.569827"><ele>261.2</ele></rtept><rtept lat="50.132477" lon="18.569852"><ele>261.2</ele></rtept><rtept lat="50.132455" lon="18.569882"><ele>261.0</ele></rtept><rtept lat="50.13244" lon="18.569905"><ele>260.8</ele></rtept><rtept lat="50.132427" lon="18.569932"><ele>261.0</ele></rtept><rtept lat="50.13242" lon="18.56996"><ele>260.8</ele></rtept><rtept lat="50.132417" lon="18.569995"><ele>260.8</ele></rtept><rtept lat="50.13243" lon="18.570027"><ele>260.8</ele></rtept><rtept lat="50.132437" lon="18.570062"><ele>260.8</ele></rtept><rtept lat="50.13245" lon="18.570092"><ele>261.0</ele></rtept><rtept lat="50.132462" lon="18.570117"><ele>261.0</ele></rtept><rtept lat="50.132475" lon="18.570142"><ele>261.0</ele></rtept><rtept lat="50.13249" lon="18.570165"><ele>260.8</ele></rtept><rtept lat="50.132512" lon="18.570182"><ele>260.8</ele></rtept><rtept lat="50.132532" lon="18.570217"><ele>260.8</ele></rtept><rtept lat="50.132542" lon="18.570242"><ele>260.8</ele></rtept><rtept lat="50.132567" lon="18.570262"><ele>261.0</ele></rtept><rtept lat="50.132595" lon="18.570282"><ele>261.0</ele></rtept><rtept lat="50.132607" lon="18.570292"><ele>261.2</ele></rtept><rtept lat="50.132657" lon="18.570325"><ele>261.4</ele></rtept><rtept lat="50.132667" lon="18.570327"><ele>261.6</ele></rtept><rtept lat="50.132707" lon="18.570347"><ele>261.6</ele></rtept><rtept lat="50.13276" lon="18.570372"><ele>261.6</ele></rtept><rtept lat="50.132782" lon="18.570392"><ele>261.6</ele></rtept><rtept lat="50.132802" lon="18.570412"><ele>261.8</ele></rtept><rtept lat="50.132822" lon="18.570427"><ele>261.8</ele></rtept><rtept lat="50.132845" lon="18.570445"><ele>262.0</ele></rtept><rtept lat="50.132865" lon="18.57046"><ele>262.0</ele></rtept><rtept lat="50.132885" lon="18.57048"><ele>262.2</ele></rtept><rtept lat="50.132902" lon="18.570502"><ele>262.2</ele></rtept><rtept lat="50.132917" lon="18.57052"><ele>262.4</ele></rtept><rtept lat="50.132937" lon="18.57054"><ele>262.4</ele></rtept><rtept lat="50.132962" lon="18.570555"><ele>262.6</ele></rtept><rtept lat="50.132985" lon="18.570572"><ele>262.8</ele></rtept><rtept lat="50.133005" lon="18.57059"><ele>262.8</ele></rtept><rtept lat="50.133027" lon="18.570607"><ele>263.0</ele></rtept><rtept lat="50.133047" lon="18.570632"><ele>263.0</ele></rtept><rtept lat="50.133065" lon="18.570652"><ele>263.2</ele></rtept><rtept lat="50.13308" lon="18.570667"><ele>263.4</ele></rtept><rtept lat="50.133102" lon="18.57068"><ele>263.4</ele></rtept><rtept lat="50.133113" lon="18.570697"><ele>263.4</ele></rtept><rtept lat="50.133127" lon="18.57072"><ele>263.4</ele></rtept><rtept lat="50.133147" lon="18.570737"><ele>263.6</ele></rtept><rtept lat="50.133165" lon="18.57076"><ele>263.6</ele></rtept><rtept lat="50.133182" lon="18.570787"><ele>263.8</ele></rtept><rtept lat="50.133207" lon="18.570812"><ele>264.0</ele></rtept><rtept lat="50.13323" lon="18.570832"><ele>264.0</ele></rtept><rtept lat="50.133253" lon="18.57085"><ele>264.2</ele></rtept><rtept lat="50.133267" lon="18.570867"><ele>264.4</ele></rtept><rtept lat="50.133285" lon="18.570887"><ele>264.4</ele></rtept><rtept lat="50.133302" lon="18.570907"><ele>264.6</ele></rtept><rtept lat="50.13332" lon="18.570927"><ele>264.6</ele></rtept><rtept lat="50.133335" lon="18.570945"><ele>264.8</ele></rtept><rtept lat="50.133347" lon="18.57096"><ele>264.8</ele></rtept><rtept lat="50.133357" lon="18.57097"><ele>265.0</ele></rtept><rtept lat="50.133385" lon="18.570997"><ele>265.2</ele></rtept><rtept lat="50.133412" lon="18.571033"><ele>265.4</ele></rtept><rtept lat="50.133432" lon="18.571042"><ele>265.4</ele></rtept><rtept lat="50.13344" lon="18.571062"><ele>265.4</ele></rtept><rtept lat="50.133455" lon="18.571087"><ele>265.4</ele></rtept><rtept lat="50.133475" lon="18.57111"><ele>265.4</ele></rtept><rtept lat="50.133482" lon="18.571145"><ele>265.4</ele></rtept><rtept lat="50.133495" lon="18.571175"><ele>265.4</ele></rtept><rtept lat="50.133512" lon="18.571202"><ele>265.6</ele></rtept><rtept lat="50.13353" lon="18.571223"><ele>265.6</ele></rtept><rtept lat="50.133562" lon="18.571247"><ele>265.6</ele></rtept><rtept lat="50.133587" lon="18.57127"><ele>265.6</ele></rtept><rtept lat="50.133607" lon="18.571297"><ele>265.6</ele></rtept><rtept lat="50.133625" lon="18.571322"><ele>265.8</ele></rtept><rtept lat="50.133642" lon="18.571347"><ele>265.6</ele></rtept><rtept lat="50.133655" lon="18.571375"><ele>265.8</ele></rtept><rtept lat="50.133672" lon="18.571413"><ele>265.8</ele></rtept><rtept lat="50.133692" lon="18.571448"><ele>265.8</ele></rtept><rtept lat="50.133722" lon="18.57149"><ele>266.0</ele></rtept><rtept lat="50.133737" lon="18.571505"><ele>266.2</ele></rtept><rtept lat="50.133755" lon="18.571522"><ele>266.2</ele></rtept><rtept lat="50.133772" lon="18.571542"><ele>266.2</ele></rtept><rtept lat="50.133792" lon="18.571557"><ele>266.4</ele></rtept><rtept lat="50.133812" lon="18.571572"><ele>266.2</ele></rtept><rtept lat="50.13383" lon="18.57159"><ele>266.2</ele></rtept><rtept lat="50.133852" lon="18.571615"><ele>266.2</ele></rtept><rtept lat="50.133872" lon="18.571627"><ele>266.0</ele></rtept><rtept lat="50.133892" lon="18.57165"><ele>266.0</ele></rtept><rtept lat="50.133922" lon="18.571677"><ele>266.2</ele></rtept><rtept lat="50.133943" lon="18.571702"><ele>266.0</ele></rtept><rtept lat="50.133967" lon="18.571732"><ele>266.0</ele></rtept><rtept lat="50.13399" lon="18.571752"><ele>266.2</ele></rtept><rtept lat="50.134012" lon="18.571782"><ele>266.2</ele></rtept><rtept lat="50.134032" lon="18.571802"><ele>266.2</ele></rtept><rtept lat="50.134057" lon="18.571822"><ele>266.2</ele></rtept><rtept lat="50.134082" lon="18.571842"><ele>266.2</ele></rtept><rtept lat="50.134102" lon="18.571863"><ele>266.2</ele></rtept><rtept lat="50.134125" lon="18.571885"><ele>266.2</ele></rtept><rtept lat="50.134145" lon="18.5719"><ele>266.2</ele></rtept><rtept lat="50.134172" lon="18.571912"><ele>266.2</ele></rtept><rtept lat="50.134197" lon="18.571927"><ele>266.4</ele></rtept><rtept lat="50.13422" lon="18.571945"><ele>266.4</ele></rtept><rtept lat="50.134232" lon="18.571965"><ele>266.4</ele></rtept><rtept lat="50.134255" lon="18.571987"><ele>266.4</ele></rtept><rtept lat="50.13427" lon="18.572007"><ele>266.6</ele></rtept><rtept lat="50.134277" lon="18.572042"><ele>266.6</ele></rtept><rtept lat="50.134292" lon="18.57206"><ele>266.6</ele></rtept><rtept lat="50.134315" lon="18.572087"><ele>266.6</ele></rtept><rtept lat="50.134332" lon="18.572107"><ele>266.6</ele></rtept><rtept lat="50.13435" lon="18.572122"><ele>266.6</ele></rtept><rtept lat="50.134367" lon="18.572147"><ele>266.6</ele></rtept><rtept lat="50.134382" lon="18.572165"><ele>266.6</ele></rtept><rtept lat="50.134402" lon="18.572185"><ele>266.8</ele></rtept><rtept lat="50.134422" lon="18.572202"><ele>266.8</ele></rtept><rtept lat="50.134442" lon="18.572227"><ele>266.8</ele></rtept><rtept lat="50.134467" lon="18.572252"><ele>266.8</ele></rtept><rtept lat="50.134485" lon="18.572278"><ele>267.0</ele></rtept><rtept lat="50.134502" lon="18.572312"><ele>267.0</ele></rtept><rtept lat="50.134515" lon="18.572337"><ele>266.8</ele></rtept><rtept lat="50.134532" lon="18.572357"><ele>266.8</ele></rtept><rtept lat="50.134555" lon="18.572385"><ele>266.8</ele></rtept><rtept lat="50.134575" lon="18.572402"><ele>266.8</ele></rtept><rtept lat="50.134595" lon="18.572427"><ele>266.8</ele></rtept><rtept lat="50.134618" lon="18.57245"><ele>266.8</ele></rtept><rtept lat="50.134647" lon="18.572482"><ele>266.8</ele></rtept><rtept lat="50.134677" lon="18.572517"><ele>266.8</ele></rtept><rtept lat="50.1347" lon="18.572547"><ele>267.0</ele></rtept><rtept lat="50.134725" lon="18.572592"><ele>267.0</ele></rtept><rtept lat="50.13475" lon="18.572627"><ele>266.8</ele></rtept><rtept lat="50.13477" lon="18.572658"><ele>267.0</ele></rtept><rtept lat="50.13479" lon="18.572685"><ele>267.0</ele></rtept><rtept lat="50.134807" lon="18.57271"><ele>267.2</ele></rtept><rtept lat="50.134827" lon="18.572732"><ele>267.2</ele></rtept><rtept lat="50.13484" lon="18.572767"><ele>267.2</ele></rtept><rtept lat="50.134857" lon="18.57279"><ele>267.2</ele></rtept><rtept lat="50.134875" lon="18.572812"><ele>267.2</ele></rtept><rtept lat="50.13489" lon="18.572832"><ele>267.2</ele></rtept><rtept lat="50.134907" lon="18.572852"><ele>267.2</ele></rtept><rtept lat="50.134922" lon="18.572865"><ele>267.4</ele></rtept><rtept lat="50.13494" lon="18.57288"><ele>267.4</ele></rtept><rtept lat="50.134957" lon="18.57292"><ele>267.4</ele></rtept><rtept lat="50.134977" lon="18.572942"><ele>267.6</ele></rtept><rtept lat="50.134992" lon="18.572962"><ele>267.6</ele></rtept><rtept lat="50.135017" lon="18.572987"><ele>267.6</ele></rtept><rtept lat="50.135042" lon="18.57301"><ele>267.6</ele></rtept><rtept lat="50.135065" lon="18.57303"><ele>267.6</ele></rtept><rtept lat="50.135092" lon="18.573052"><ele>267.6</ele></rtept><rtept lat="50.135122" lon="18.57308"><ele>267.6</ele></rtept><rtept lat="50.135145" lon="18.573107"><ele>267.6</ele></rtept><rtept lat="50.135165" lon="18.57313"><ele>267.6</ele></rtept><rtept lat="50.135182" lon="18.57315"><ele>267.6</ele></rtept><rtept lat="50.135207" lon="18.573177"><ele>267.6</ele></rtept><rtept lat="50.135222" lon="18.573207"><ele>267.6</ele></rtept><rtept lat="50.135242" lon="18.573228"><ele>267.6</ele></rtept><rtept lat="50.135262" lon="18.573252"><ele>267.6</ele></rtept><rtept lat="50.135282" lon="18.573267"><ele>267.6</ele></rtept><rtept lat="50.135302" lon="18.57329"><ele>267.6</ele></rtept><rtept lat="50.135317" lon="18.57331"><ele>267.6</ele></rtept><rtept lat="50.135332" lon="18.573332"><ele>267.6</ele></rtept><rtept lat="50.13535" lon="18.573342"><ele>267.6</ele></rtept><rtept lat="50.135372" lon="18.573357"><ele>267.6</ele></rtept><rtept lat="50.135387" lon="18.573375"><ele>267.6</ele></rtept><rtept lat="50.135407" lon="18.573383"><ele>267.6</ele></rtept><rtept lat="50.13543" lon="18.573395"><ele>267.6</ele></rtept><rtept lat="50.135452" lon="18.573412"><ele>267.6</ele></rtept><rtept lat="50.135475" lon="18.573427"><ele>267.6</ele></rtept><rtept lat="50.135495" lon="18.573442"><ele>267.6</ele></rtept><rtept lat="50.135515" lon="18.573453"><ele>267.6</ele></rtept><rtept lat="50.135532" lon="18.573475"><ele>267.6</ele></rtept><rtept lat="50.135552" lon="18.573502"><ele>267.6</ele></rtept><rtept lat="50.135572" lon="18.573525"><ele>267.6</ele></rtept><rtept lat="50.135592" lon="18.57355"><ele>267.6</ele></rtept><rtept lat="50.135607" lon="18.573575"><ele>267.8</ele></rtept><rtept lat="50.135632" lon="18.573595"><ele>267.8</ele></rtept><rtept lat="50.13565" lon="18.573617"><ele>267.6</ele></rtept><rtept lat="50.135677" lon="18.573635"><ele>267.6</ele></rtept><rtept lat="50.1357" lon="18.573647"><ele>267.6</ele></rtept><rtept lat="50.135732" lon="18.573675"><ele>267.6</ele></rtept><rtept lat="50.135765" lon="18.5737"><ele>267.6</ele></rtept><rtept lat="50.135787" lon="18.573722"><ele>267.6</ele></rtept><rtept lat="50.135812" lon="18.57375"><ele>267.6</ele></rtept><rtept lat="50.135842" lon="18.573782"><ele>267.6</ele></rtept><rtept lat="50.135867" lon="18.573802"><ele>267.6</ele></rtept><rtept lat="50.135892" lon="18.573827"><ele>267.6</ele></rtept><rtept lat="50.135917" lon="18.573833"><ele>267.6</ele></rtept><rtept lat="50.135942" lon="18.573852"><ele>267.8</ele></rtept><rtept lat="50.135967" lon="18.573872"><ele>267.6</ele></rtept><rtept lat="50.135987" lon="18.573895"><ele>267.6</ele></rtept><rtept lat="50.136007" lon="18.573915"><ele>267.8</ele></rtept><rtept lat="50.136022" lon="18.573925"><ele>267.8</ele></rtept><rtept lat="50.136042" lon="18.573945"><ele>267.8</ele></rtept><rtept lat="50.136067" lon="18.573967"><ele>267.6</ele></rtept><rtept lat="50.13609" lon="18.573982"><ele>267.8</ele></rtept><rtept lat="50.136112" lon="18.57401"><ele>267.6</ele></rtept><rtept lat="50.136132" lon="18.574027"><ele>267.6</ele></rtept><rtept lat="50.136157" lon="18.574047"><ele>267.8</ele></rtept><rtept lat="50.136177" lon="18.574065"><ele>267.8</ele></rtept><rtept lat="50.136202" lon="18.574097"><ele>267.8</ele></rtept><rtept lat="50.136232" lon="18.574127"><ele>267.8</ele></rtept><rtept lat="50.136252" lon="18.57415"><ele>267.6</ele></rtept><rtept lat="50.136275" lon="18.574172"><ele>267.6</ele></rtept><rtept lat="50.136293" lon="18.574182"><ele>267.6</ele></rtept><rtept lat="50.136315" lon="18.574197"><ele>267.6</ele></rtept><rtept lat="50.13634" lon="18.574217"><ele>267.8</ele></rtept><rtept lat="50.136352" lon="18.574242"><ele>267.8</ele></rtept><rtept lat="50.13637" lon="18.574262"><ele>267.8</ele></rtept><rtept lat="50.136392" lon="18.574282"><ele>267.8</ele></rtept><rtept lat="50.136417" lon="18.574295"><ele>267.8</ele></rtept><rtept lat="50.136442" lon="18.574312"><ele>267.8</ele></rtept><rtept lat="50.136462" lon="18.57433"><ele>268.0</ele></rtept><rtept lat="50.13648" lon="18.574347"><ele>268.0</ele></rtept><rtept lat="50.136495" lon="18.574367"><ele>268.0</ele></rtept><rtept lat="50.136517" lon="18.574385"><ele>268.0</ele></rtept><rtept lat="50.136542" lon="18.574407"><ele>268.2</ele></rtept><rtept lat="50.136565" lon="18.574427"><ele>268.2</ele></rtept><rtept lat="50.136582" lon="18.57445"><ele>268.2</ele></rtept><rtept lat="50.1366" lon="18.574465"><ele>268.2</ele></rtept><rtept lat="50.136617" lon="18.574485"><ele>268.2</ele></rtept><rtept lat="50.136637" lon="18.574502"><ele>268.2</ele></rtept><rtept lat="50.136657" lon="18.574522"><ele>268.2</ele></rtept><rtept lat="50.13668" lon="18.574547"><ele>268.2</ele></rtept><rtept lat="50.136702" lon="18.574567"><ele>268.2</ele></rtept><rtept lat="50.13673" lon="18.57459"><ele>268.2</ele></rtept><rtept lat="50.136752" lon="18.574612"><ele>268.2</ele></rtept><rtept lat="50.136767" lon="18.574628"><ele>268.2</ele></rtept><rtept lat="50.136787" lon="18.57465"><ele>268.2</ele></rtept><rtept lat="50.136807" lon="18.574662"><ele>268.2</ele></rtept><rtept lat="50.136827" lon="18.574675"><ele>268.2</ele></rtept><rtept lat="50.136847" lon="18.574692"><ele>268.2</ele></rtept><rtept lat="50.136867" lon="18.574707"><ele>268.2</ele></rtept><rtept lat="50.136892" lon="18.574722"><ele>268.2</ele></rtept><rtept lat="50.136912" lon="18.574737"><ele>268.2</ele></rtept><rtept lat="50.136937" lon="18.574757"><ele>268.2</ele></rtept><rtept lat="50.136957" lon="18.574777"><ele>268.2</ele></rtept><rtept lat="50.136975" lon="18.574797"><ele>268.2</ele></rtept><rtept lat="50.13699" lon="18.574815"><ele>268.2</ele></rtept><rtept lat="50.13701" lon="18.574827"><ele>268.2</ele></rtept><rtept lat="50.137027" lon="18.574845"><ele>268.2</ele></rtept><rtept lat="50.13705" lon="18.574865"><ele>268.2</ele></rtept><rtept lat="50.137072" lon="18.574887"><ele>268.0</ele></rtept><rtept lat="50.137092" lon="18.574907"><ele>268.2</ele></rtept><rtept lat="50.137117" lon="18.574922"><ele>268.2</ele></rtept><rtept lat="50.137137" lon="18.574947"><ele>268.2</ele></rtept><rtept lat="50.137157" lon="18.574965"><ele>268.0</ele></rtept><rtept lat="50.137182" lon="18.574987"><ele>268.2</ele></rtept><rtept lat="50.137205" lon="18.575005"><ele>268.2</ele></rtept><rtept lat="50.137222" lon="18.575022"><ele>268.2</ele></rtept><rtept lat="50.13725" lon="18.57504"><ele>268.2</ele></rtept><rtept lat="50.137277" lon="18.575055"><ele>268.2</ele></rtept><rtept lat="50.1373" lon="18.575072"><ele>268.2</ele></rtept><rtept lat="50.137325" lon="18.575082"><ele>268.2</ele></rtept><rtept lat="50.137347" lon="18.575092"><ele>268.2</ele></rtept><rtept lat="50.13737" lon="18.575105"><ele>268.2</ele></rtept><rtept lat="50.137392" lon="18.575122"><ele>268.4</ele></rtept><rtept lat="50.137415" lon="18.57514"><ele>268.4</ele></rtept><rtept lat="50.137432" lon="18.575155"><ele>268.4</ele></rtept><rtept lat="50.137452" lon="18.575172"><ele>268.6</ele></rtept><rtept lat="50.137475" lon="18.575195"><ele>268.6</ele></rtept><rtept lat="50.137497" lon="18.575212"><ele>268.6</ele></rtept><rtept lat="50.137522" lon="18.575227"><ele>268.6</ele></rtept><rtept lat="50.137547" lon="18.575242"><ele>268.6</ele></rtept><rtept lat="50.137572" lon="18.575257"><ele>268.6</ele></rtept><rtept lat="50.137595" lon="18.57527"><ele>268.6</ele></rtept><rtept lat="50.137617" lon="18.57528"><ele>268.6</ele></rtept><rtept lat="50.137637" lon="18.575292"><ele>268.6</ele></rtept><rtept lat="50.137662" lon="18.575302"><ele>268.8</ele></rtept><rtept lat="50.137682" lon="18.575322"><ele>268.8</ele></rtept><rtept lat="50.137707" lon="18.575335"><ele>268.8</ele></rtept><rtept lat="50.137732" lon="18.575352"><ele>268.8</ele></rtept><rtept lat="50.137757" lon="18.575362"><ele>268.6</ele></rtept><rtept lat="50.13778" lon="18.575372"><ele>268.6</ele></rtept><rtept lat="50.137807" lon="18.575382"><ele>268.8</ele></rtept><rtept lat="50.137832" lon="18.575392"><ele>268.8</ele></rtept><rtept lat="50.137852" lon="18.5754"><ele>269.0</ele></rtept><rtept lat="50.137877" lon="18.575415"><ele>269.0</ele></rtept><rtept lat="50.137892" lon="18.575437"><ele>269.2</ele></rtept><rtept lat="50.137915" lon="18.575452"><ele>269.2</ele></rtept><rtept lat="50.137937" lon="18.575462"><ele>269.2</ele></rtept><rtept lat="50.137952" lon="18.575462"><ele>269.2</ele></rtept><rtept lat="50.13797" lon="18.575477"><ele>269.2</ele></rtept><rtept lat="50.137987" lon="18.575477"><ele>269.2</ele></rtept><rtept lat="50.13802" lon="18.575497"><ele>269.0</ele></rtept><rtept lat="50.138065" lon="18.575532"><ele>269.2</ele></rtept><rtept lat="50.138095" lon="18.575557"><ele>269.2</ele></rtept><rtept lat="50.138117" lon="18.575572"><ele>269.0</ele></rtept><rtept lat="50.138137" lon="18.575592"><ele>269.0</ele></rtept><rtept lat="50.138157" lon="18.575605"><ele>269.0</ele></rtept><rtept lat="50.138177" lon="18.57561"><ele>269.0</ele></rtept><rtept lat="50.138202" lon="18.575622"><ele>269.2</ele></rtept><rtept lat="50.138225" lon="18.575637"><ele>269.2</ele></rtept><rtept lat="50.13825" lon="18.575652"><ele>269.2</ele></rtept><rtept lat="50.138272" lon="18.57567"><ele>269.2</ele></rtept><rtept lat="50.138297" lon="18.575687"><ele>269.2</ele></rtept><rtept lat="50.138322" lon="18.57571"><ele>269.2</ele></rtept><rtept lat="50.138347" lon="18.575727"><ele>269.2</ele></rtept><rtept lat="50.138372" lon="18.575737"><ele>269.2</ele></rtept><rtept lat="50.138395" lon="18.575747"><ele>269.4</ele></rtept><rtept lat="50.138417" lon="18.575762"><ele>269.4</ele></rtept><rtept lat="50.138442" lon="18.575772"><ele>269.6</ele></rtept><rtept lat="50.138467" lon="18.575785"><ele>269.6</ele></rtept><rtept lat="50.138487" lon="18.575797"><ele>269.6</ele></rtept><rtept lat="50.13851" lon="18.575815"><ele>269.6</ele></rtept><rtept lat="50.138535" lon="18.575827"><ele>269.8</ele></rtept><rtept lat="50.138557" lon="18.575842"><ele>269.8</ele></rtept><rtept lat="50.138577" lon="18.575867"><ele>270.0</ele></rtept><rtept lat="50.13859" lon="18.575882"><ele>270.0</ele></rtept><rtept lat="50.138605" lon="18.575907"><ele>270.0</ele></rtept><rtept lat="50.138617" lon="18.575927"><ele>270.2</ele></rtept><rtept lat="50.138657" lon="18.57598"><ele>270.4</ele></rtept><rtept lat="50.138682" lon="18.576012"><ele>270.6</ele></rtept><rtept lat="50.13871" lon="18.576037"><ele>270.6</ele></rtept><rtept lat="50.138735" lon="18.576062"><ele>270.8</ele></rtept><rtept lat="50.13876" lon="18.576085"><ele>270.8</ele></rtept><rtept lat="50.138782" lon="18.576107"><ele>271.0</ele></rtept><rtept lat="50.138802" lon="18.576122"><ele>271.0</ele></rtept><rtept lat="50.138822" lon="18.576137"><ele>271.2</ele></rtept><rtept lat="50.138842" lon="18.576157"><ele>271.2</ele></rtept><rtept lat="50.13886" lon="18.576172"><ele>271.4</ele></rtept><rtept lat="50.138877" lon="18.57619"><ele>271.4</ele></rtept><rtept lat="50.138892" lon="18.576205"><ele>271.6</ele></rtept><rtept lat="50.138907" lon="18.576227"><ele>271.8</ele></rtept><rtept lat="50.138927" lon="18.576247"><ele>271.8</ele></rtept><rtept lat="50.138952" lon="18.576262"><ele>272.0</ele></rtept><rtept lat="50.13898" lon="18.576275"><ele>272.0</ele></rtept><rtept lat="50.139005" lon="18.576287"><ele>272.0</ele></rtept><rtept lat="50.139023" lon="18.576302"><ele>272.0</ele></rtept><rtept lat="50.139042" lon="18.576335"><ele>272.0</ele></rtept><rtept lat="50.139062" lon="18.576355"><ele>272.0</ele></rtept><rtept lat="50.139087" lon="18.576362"><ele>271.8</ele></rtept><rtept lat="50.139112" lon="18.576372"><ele>272.0</ele></rtept><rtept lat="50.139127" lon="18.57637"><ele>272.0</ele></rtept><rtept lat="50.139147" lon="18.57636"><ele>272.0</ele></rtept><rtept lat="50.139167" lon="18.57635"><ele>272.2</ele></rtept><rtept lat="50.139187" lon="18.576342"><ele>272.2</ele></rtept><rtept lat="50.139207" lon="18.576335"><ele>272.2</ele></rtept><rtept lat="50.139227" lon="18.57632"><ele>272.2</ele></rtept><rtept lat="50.139242" lon="18.576312"><ele>272.2</ele></rtept><rtept lat="50.139257" lon="18.576292"><ele>272.2</ele></rtept><rtept lat="50.139275" lon="18.576287"><ele>272.4</ele></rtept><rtept lat="50.139317" lon="18.57626"><ele>272.4</ele></rtept><rtept lat="50.139337" lon="18.576252"><ele>272.4</ele></rtept><rtept lat="50.139352" lon="18.57623"><ele>272.4</ele></rtept><rtept lat="50.139372" lon="18.576212"><ele>272.4</ele></rtept><rtept lat="50.13939" lon="18.576202"><ele>272.6</ele></rtept><rtept lat="50.139403" lon="18.576187"><ele>272.6</ele></rtept><rtept lat="50.139422" lon="18.576182"><ele>272.8</ele></rtept><rtept lat="50.139462" lon="18.576165"><ele>272.8</ele></rtept><rtept lat="50.139477" lon="18.576155"><ele>272.8</ele></rtept><rtept lat="50.139497" lon="18.576145"><ele>272.8</ele></rtept><rtept lat="50.13954" lon="18.57613"><ele>273.0</ele></rtept><rtept lat="50.139562" lon="18.576117"><ele>273.2</ele></rtept><rtept lat="50.13959" lon="18.576112"><ele>273.0</ele></rtept><rtept lat="50.139617" lon="18.57611"><ele>273.0</ele></rtept><rtept lat="50.139645" lon="18.57611"><ele>273.0</ele></rtept><rtept lat="50.139667" lon="18.576107"><ele>273.0</ele></rtept><rtept lat="50.139687" lon="18.576102"><ele>273.0</ele></rtept><rtept lat="50.139707" lon="18.576097"><ele>273.0</ele></rtept><rtept lat="50.139727" lon="18.576082"><ele>273.0</ele></rtept><rtept lat="50.139752" lon="18.576072"><ele>273.0</ele></rtept><rtept lat="50.139765" lon="18.576065"><ele>273.2</ele></rtept><rtept lat="50.139787" lon="18.576062"><ele>273.2</ele></rtept><rtept lat="50.139807" lon="18.576052"><ele>273.0</ele></rtept><rtept lat="50.139827" lon="18.57604"><ele>273.0</ele></rtept><rtept lat="50.139852" lon="18.576035"><ele>273.0</ele></rtept><rtept lat="50.139872" lon="18.576027"><ele>273.0</ele></rtept><rtept lat="50.139887" lon="18.576012"><ele>272.8</ele></rtept><rtept lat="50.139902" lon="18.576007"><ele>272.8</ele></rtept><rtept lat="50.139947" lon="18.575967"><ele>272.6</ele></rtept><rtept lat="50.139967" lon="18.57595"><ele>272.6</ele></rtept><rtept lat="50.13999" lon="18.575942"><ele>272.6</ele></rtept><rtept lat="50.140017" lon="18.57593"><ele>272.4</ele></rtept><rtept lat="50.140042" lon="18.575917"><ele>272.4</ele></rtept><rtept lat="50.140072" lon="18.57591"><ele>272.4</ele></rtept><rtept lat="50.140102" lon="18.5759"><ele>272.4</ele></rtept><rtept lat="50.140125" lon="18.57589"><ele>272.4</ele></rtept><rtept lat="50.140142" lon="18.57588"><ele>272.4</ele></rtept><rtept lat="50.140167" lon="18.575862"><ele>272.2</ele></rtept><rtept lat="50.140195" lon="18.575847"><ele>272.2</ele></rtept><rtept lat="50.14022" lon="18.57583"><ele>272.2</ele></rtept><rtept lat="50.140247" lon="18.575817"><ele>272.2</ele></rtept><rtept lat="50.14027" lon="18.575797"><ele>272.0</ele></rtept><rtept lat="50.140297" lon="18.575772"><ele>272.0</ele></rtept><rtept lat="50.140317" lon="18.575755"><ele>272.0</ele></rtept><rtept lat="50.140337" lon="18.575735"><ele>272.0</ele></rtept><rtept lat="50.14036" lon="18.575725"><ele>272.0</ele></rtept><rtept lat="50.140377" lon="18.575717"><ele>272.0</ele></rtept><rtept lat="50.1404" lon="18.575707"><ele>272.0</ele></rtept><rtept lat="50.140422" lon="18.575695"><ele>271.8</ele></rtept><rtept lat="50.140447" lon="18.575682"><ele>271.8</ele></rtept><rtept lat="50.140472" lon="18.575665"><ele>271.8</ele></rtept><rtept lat="50.140497" lon="18.575647"><ele>271.6</ele></rtept><rtept lat="50.14052" lon="18.57564"><ele>271.4</ele></rtept><rtept lat="50.140547" lon="18.575625"><ele>271.4</ele></rtept><rtept lat="50.140577" lon="18.575607"><ele>271.2</ele></rtept><rtept lat="50.140602" lon="18.575597"><ele>271.0</ele></rtept><rtept lat="50.140632" lon="18.575585"><ele>270.8</ele></rtept><rtept lat="50.140652" lon="18.575582"><ele>270.6</ele></rtept><rtept lat="50.14068" lon="18.575577"><ele>270.4</ele></rtept><rtept lat="50.140707" lon="18.575572"><ele>270.4</ele></rtept><rtept lat="50.14073" lon="18.575567"><ele>270.2</ele></rtept><rtept lat="50.140752" lon="18.575562"><ele>270.2</ele></rtept><rtept lat="50.140772" lon="18.575555"><ele>270.0</ele></rtept><rtept lat="50.140787" lon="18.575542"><ele>270.0</ele></rtept><rtept lat="50.140802" lon="18.575532"><ele>269.8</ele></rtept><rtept lat="50.140832" lon="18.575507"><ele>269.6</ele></rtept><rtept lat="50.140885" lon="18.575497"><ele>269.4</ele></rtept><rtept lat="50.140908" lon="18.575482"><ele>269.4</ele></rtept><rtept lat="50.140932" lon="18.575472"><ele>269.2</ele></rtept><rtept lat="50.140957" lon="18.575472"><ele>269.2</ele></rtept><rtept lat="50.140982" lon="18.575472"><ele>269.2</ele></rtept><rtept lat="50.140997" lon="18.57546"><ele>269.2</ele></rtept><rtept lat="50.141017" lon="18.575457"><ele>269.2</ele></rtept><rtept lat="50.141042" lon="18.575452"><ele>269.2</ele></rtept><rtept lat="50.141067" lon="18.57545"><ele>269.0</ele></rtept><rtept lat="50.141087" lon="18.575447"><ele>269.0</ele></rtept><rtept lat="50.141102" lon="18.575447"><ele>269.0</ele></rtept><rtept lat="50.141117" lon="18.575442"><ele>269.0</ele></rtept><rtept lat="50.141157" lon="18.575412"><ele>269.0</ele></rtept><rtept lat="50.141182" lon="18.575402"><ele>268.8</ele></rtept><rtept lat="50.141207" lon="18.575387"><ele>268.8</ele></rtept><rtept lat="50.141232" lon="18.575372"><ele>268.8</ele></rtept><rtept lat="50.14126" lon="18.575352"><ele>268.8</ele></rtept><rtept lat="50.141282" lon="18.57534"><ele>269.0</ele></rtept><rtept lat="50.141305" lon="18.575327"><ele>269.0</ele></rtept><rtept lat="50.141327" lon="18.575312"><ele>268.8</ele></rtept><rtept lat="50.14135" lon="18.575297"><ele>268.8</ele></rtept><rtept lat="50.14137" lon="18.575297"><ele>268.8</ele></rtept><rtept lat="50.141387" lon="18.575295"><ele>268.8</ele></rtept><rtept lat="50.14141" lon="18.575287"><ele>269.0</ele></rtept><rtept lat="50.141447" lon="18.57527"><ele>269.0</ele></rtept><rtept lat="50.141475" lon="18.575262"><ele>269.0</ele></rtept><rtept lat="50.141492" lon="18.575262"><ele>269.0</ele></rtept><rtept lat="50.141505" lon="18.575252"><ele>269.0</ele></rtept><rtept lat="50.14152" lon="18.575245"><ele>268.8</ele></rtept><rtept lat="50.141565" lon="18.575212"><ele>268.8</ele></rtept><rtept lat="50.141592" lon="18.575197"><ele>268.8</ele></rtept><rtept lat="50.141617" lon="18.575185"><ele>269.0</ele></rtept><rtept lat="50.141642" lon="18.575172"><ele>269.0</ele></rtept><rtept lat="50.14166" lon="18.575157"><ele>269.0</ele></rtept><rtept lat="50.141677" lon="18.575145"><ele>269.0</ele></rtept><rtept lat="50.141702" lon="18.575137"><ele>269.0</ele></rtept><rtept lat="50.141727" lon="18.575127"><ele>269.0</ele></rtept><rtept lat="50.141752" lon="18.575127"><ele>269.0</ele></rtept><rtept lat="50.141767" lon="18.575117"><ele>269.0</ele></rtept><rtept lat="50.141797" lon="18.57511"><ele>269.2</ele></rtept><rtept lat="50.141827" lon="18.575102"><ele>269.2</ele></rtept><rtept lat="50.141857" lon="18.575097"><ele>269.2</ele></rtept><rtept lat="50.141882" lon="18.575092"><ele>269.0</ele></rtept><rtept lat="50.141917" lon="18.575082"><ele>269.0</ele></rtept><rtept lat="50.141947" lon="18.57507"><ele>269.0</ele></rtept><rtept lat="50.141975" lon="18.575065"><ele>269.0</ele></rtept><rtept lat="50.141997" lon="18.575055"><ele>269.2</ele></rtept><rtept lat="50.14202" lon="18.575042"><ele>269.2</ele></rtept><rtept lat="50.142042" lon="18.575022"><ele>269.2</ele></rtept><rtept lat="50.14206" lon="18.575007"><ele>269.2</ele></rtept><rtept lat="50.14208" lon="18.574995"><ele>269.2</ele></rtept><rtept lat="50.142102" lon="18.574982"><ele>269.2</ele></rtept><rtept lat="50.142122" lon="18.574973"><ele>269.4</ele></rtept><rtept lat="50.142147" lon="18.574967"><ele>269.4</ele></rtept><rtept lat="50.14217" lon="18.574957"><ele>269.4</ele></rtept><rtept lat="50.14219" lon="18.57495"><ele>269.4</ele></rtept><rtept lat="50.14221" lon="18.574942"><ele>269.2</ele></rtept><rtept lat="50.142237" lon="18.574937"><ele>269.4</ele></rtept><rtept lat="50.14226" lon="18.574925"><ele>269.4</ele></rtept><rtept lat="50.142277" lon="18.57491"><ele>269.6</ele></rtept><rtept lat="50.142297" lon="18.5749"><ele>269.6</ele></rtept><rtept lat="50.14232" lon="18.574897"><ele>269.6</ele></rtept><rtept lat="50.142335" lon="18.574887"><ele>269.6</ele></rtept><rtept lat="50.142357" lon="18.574877"><ele>269.8</ele></rtept><rtept lat="50.14237" lon="18.57487"><ele>269.8</ele></rtept><rtept lat="50.142412" lon="18.574852"><ele>269.8</ele></rtept><rtept lat="50.142435" lon="18.574845"><ele>270.0</ele></rtept><rtept lat="50.142457" lon="18.574837"><ele>270.0</ele></rtept><rtept lat="50.142482" lon="18.574827"><ele>270.0</ele></rtept><rtept lat="50.142507" lon="18.574817"><ele>270.2</ele></rtept><rtept lat="50.142532" lon="18.574812"><ele>270.4</ele></rtept><rtept lat="50.14256" lon="18.574807"><ele>270.6</ele></rtept><rtept lat="50.142583" lon="18.574795"><ele>270.6</ele></rtept><rtept lat="50.14261" lon="18.574782"><ele>270.8</ele></rtept><rtept lat="50.142627" lon="18.574772"><ele>270.8</ele></rtept><rtept lat="50.142647" lon="18.574767"><ele>271.0</ele></rtept><rtept lat="50.142657" lon="18.574757"><ele>271.2</ele></rtept><rtept lat="50.142695" lon="18.574742"><ele>271.4</ele></rtept><rtept lat="50.142742" lon="18.57471"><ele>271.8</ele></rtept><rtept lat="50.142772" lon="18.574697"><ele>271.8</ele></rtept><rtept lat="50.142802" lon="18.57469"><ele>272.0</ele></rtept><rtept lat="50.142835" lon="18.57468"><ele>272.2</ele></rtept><rtept lat="50.142865" lon="18.574672"><ele>272.2</ele></rtept><rtept lat="50.142892" lon="18.574662"><ele>272.4</ele></rtept><rtept lat="50.142922" lon="18.574647"><ele>272.4</ele></rtept><rtept lat="50.142945" lon="18.57464"><ele>272.6</ele></rtept><rtept lat="50.142967" lon="18.574632"><ele>272.6</ele></rtept><rtept lat="50.142992" lon="18.574622"><ele>272.6</ele></rtept><rtept lat="50.143012" lon="18.574612"><ele>272.8</ele></rtept><rtept lat="50.14303" lon="18.574602"><ele>273.0</ele></rtept><rtept lat="50.143057" lon="18.574592"><ele>273.0</ele></rtept><rtept lat="50.143072" lon="18.574582"><ele>273.2</ele></rtept><rtept lat="50.143092" lon="18.574572"><ele>273.2</ele></rtept><rtept lat="50.143115" lon="18.574552"><ele>273.2</ele></rtept><rtept lat="50.14314" lon="18.574532"><ele>273.2</ele></rtept><rtept lat="50.143162" lon="18.574512"><ele>273.0</ele></rtept><rtept lat="50.143182" lon="18.574497"><ele>273.0</ele></rtept><rtept lat="50.143197" lon="18.57449"><ele>273.0</ele></rtept><rtept lat="50.143212" lon="18.574497"><ele>273.0</ele></rtept><rtept lat="50.143258" lon="18.57449"><ele>273.2</ele></rtept><rtept lat="50.14328" lon="18.57448"><ele>273.2</ele></rtept><rtept lat="50.143302" lon="18.574472"><ele>273.2</ele></rtept><rtept lat="50.143322" lon="18.574477"><ele>273.4</ele></rtept><rtept lat="50.143347" lon="18.574467"><ele>273.4</ele></rtept><rtept lat="50.143367" lon="18.574447"><ele>273.4</ele></rtept><rtept lat="50.143392" lon="18.574432"><ele>273.4</ele></rtept><rtept lat="50.14341" lon="18.574415"><ele>273.6</ele></rtept><rtept lat="50.14343" lon="18.574403"><ele>273.6</ele></rtept><rtept lat="50.143447" lon="18.574392"><ele>273.6</ele></rtept><rtept lat="50.143465" lon="18.574382"><ele>273.8</ele></rtept><rtept lat="50.143487" lon="18.574372"><ele>273.8</ele></rtept><rtept lat="50.143515" lon="18.574367"><ele>274.0</ele></rtept><rtept lat="50.143547" lon="18.574365"><ele>274.0</ele></rtept><rtept lat="50.143567" lon="18.574352"><ele>274.0</ele></rtept><rtept lat="50.143587" lon="18.574342"><ele>274.2</ele></rtept><rtept lat="50.143607" lon="18.574332"><ele>274.2</ele></rtept><rtept lat="50.143627" lon="18.574325"><ele>274.2</ele></rtept><rtept lat="50.143645" lon="18.574312"><ele>274.4</ele></rtept><rtept lat="50.143672" lon="18.574292"><ele>274.4</ele></rtept><rtept lat="50.143697" lon="18.57428"><ele>274.4</ele></rtept><rtept lat="50.143717" lon="18.57428"><ele>274.4</ele></rtept><rtept lat="50.143742" lon="18.574272"><ele>274.4</ele></rtept><rtept lat="50.14376" lon="18.574255"><ele>274.6</ele></rtept><rtept lat="50.14378" lon="18.57424"><ele>274.6</ele></rtept><rtept lat="50.143797" lon="18.574225"><ele>274.6</ele></rtept><rtept lat="50.14383" lon="18.574212"><ele>274.8</ele></rtept><rtept lat="50.143857" lon="18.574192"><ele>274.8</ele></rtept><rtept lat="50.143882" lon="18.574182"><ele>275.0</ele></rtept><rtept lat="50.143912" lon="18.574177"><ele>275.2</ele></rtept><rtept lat="50.143935" lon="18.574167"><ele>275.2</ele></rtept><rtept lat="50.143952" lon="18.574152"><ele>275.2</ele></rtept><rtept lat="50.143972" lon="18.574135"><ele>275.4</ele></rtept><rtept lat="50.143997" lon="18.574125"><ele>275.4</ele></rtept><rtept lat="50.144027" lon="18.574115"><ele>275.6</ele></rtept><rtept lat="50.144057" lon="18.574102"><ele>275.6</ele></rtept><rtept lat="50.144085" lon="18.574097"><ele>275.4</ele></rtept><rtept lat="50.144112" lon="18.574087"><ele>275.4</ele></rtept><rtept lat="50.144135" lon="18.574067"><ele>275.2</ele></rtept><rtept lat="50.144152" lon="18.574052"><ele>275.0</ele></rtept><rtept lat="50.14418" lon="18.574047"><ele>274.8</ele></rtept><rtept lat="50.144212" lon="18.574037"><ele>274.8</ele></rtept><rtept lat="50.144232" lon="18.574027"><ele>274.6</ele></rtept><rtept lat="50.144252" lon="18.574022"><ele>274.4</ele></rtept><rtept lat="50.144275" lon="18.574007"><ele>274.2</ele></rtept><rtept lat="50.144302" lon="18.574002"><ele>274.0</ele></rtept><rtept lat="50.144327" lon="18.574005"><ele>274.0</ele></rtept><rtept lat="50.144352" lon="18.573997"><ele>273.8</ele></rtept><rtept lat="50.144387" lon="18.573987"><ele>273.8</ele></rtept><rtept lat="50.14442" lon="18.573985"><ele>273.8</ele></rtept><rtept lat="50.144445" lon="18.573985"><ele>273.6</ele></rtept><rtept lat="50.144468" lon="18.573975"><ele>273.6</ele></rtept><rtept lat="50.144487" lon="18.573967"><ele>273.6</ele></rtept><rtept lat="50.144512" lon="18.573962"><ele>273.4</ele></rtept><rtept lat="50.14453" lon="18.573952"><ele>273.4</ele></rtept><rtept lat="50.144553" lon="18.573937"><ele>273.4</ele></rtept><rtept lat="50.144582" lon="18.573932"><ele>273.4</ele></rtept><rtept lat="50.144607" lon="18.573917"><ele>273.4</ele></rtept><rtept lat="50.144637" lon="18.57391"><ele>273.2</ele></rtept><rtept lat="50.144667" lon="18.57389"><ele>273.2</ele></rtept><rtept lat="50.144692" lon="18.573872"><ele>273.2</ele></rtept><rtept lat="50.144717" lon="18.573875"><ele>273.2</ele></rtept><rtept lat="50.14474" lon="18.573865"><ele>273.2</ele></rtept><rtept lat="50.14476" lon="18.573852"><ele>273.2</ele></rtept><rtept lat="50.144782" lon="18.57384"><ele>273.0</ele></rtept><rtept lat="50.144807" lon="18.573822"><ele>273.0</ele></rtept><rtept lat="50.144827" lon="18.573815"><ele>273.0</ele></rtept><rtept lat="50.144852" lon="18.573802"><ele>273.0</ele></rtept><rtept lat="50.144877" lon="18.573792"><ele>273.0</ele></rtept><rtept lat="50.1449" lon="18.573785"><ele>272.8</ele></rtept><rtept lat="50.144917" lon="18.57377"><ele>272.8</ele></rtept><rtept lat="50.144942" lon="18.573752"><ele>272.6</ele></rtept><rtept lat="50.144972" lon="18.573737"><ele>272.6</ele></rtept><rtept lat="50.145" lon="18.573722"><ele>272.6</ele></rtept><rtept lat="50.145025" lon="18.573712"><ele>272.6</ele></rtept><rtept lat="50.145047" lon="18.573705"><ele>272.6</ele></rtept><rtept lat="50.14507" lon="18.573692"><ele>272.8</ele></rtept><rtept lat="50.145097" lon="18.573677"><ele>272.8</ele></rtept><rtept lat="50.145122" lon="18.573672"><ele>272.6</ele></rtept><rtept lat="50.145142" lon="18.573667"><ele>272.8</ele></rtept><rtept lat="50.145162" lon="18.573672"><ele>272.8</ele></rtept><rtept lat="50.145177" lon="18.573675"><ele>272.8</ele></rtept><rtept lat="50.145192" lon="18.57367"><ele>272.8</ele></rtept><rtept lat="50.145237" lon="18.57365"><ele>272.6</ele></rtept><rtept lat="50.145257" lon="18.573635"><ele>272.6</ele></rtept><rtept lat="50.145285" lon="18.573622"><ele>272.6</ele></rtept><rtept lat="50.145307" lon="18.573612"><ele>272.6</ele></rtept><rtept lat="50.145332" lon="18.5736"><ele>272.6</ele></rtept><rtept lat="50.145362" lon="18.573582"><ele>272.6</ele></rtept><rtept lat="50.145392" lon="18.573567"><ele>272.6</ele></rtept><rtept lat="50.14542" lon="18.573552"><ele>272.4</ele></rtept><rtept lat="50.14544" lon="18.573537"><ele>272.4</ele></rtept><rtept lat="50.145462" lon="18.573527"><ele>272.6</ele></rtept><rtept lat="50.145482" lon="18.573512"><ele>272.6</ele></rtept><rtept lat="50.145502" lon="18.5735"><ele>272.6</ele></rtept><rtept lat="50.145532" lon="18.573487"><ele>272.6</ele></rtept><rtept lat="50.14556" lon="18.573475"><ele>272.6</ele></rtept><rtept lat="50.145595" lon="18.573465"><ele>272.6</ele></rtept><rtept lat="50.145622" lon="18.573452"><ele>272.6</ele></rtept><rtept lat="50.145647" lon="18.573442"><ele>272.6</ele></rtept><rtept lat="50.145667" lon="18.57343"><ele>272.6</ele></rtept><rtept lat="50.145685" lon="18.573417"><ele>272.6</ele></rtept><rtept lat="50.145705" lon="18.573412"><ele>272.6</ele></rtept><rtept lat="50.145722" lon="18.573407"><ele>272.6</ele></rtept><rtept lat="50.145747" lon="18.573397"><ele>272.4</ele></rtept><rtept lat="50.145767" lon="18.573395"><ele>272.4</ele></rtept><rtept lat="50.14579" lon="18.573392"><ele>272.4</ele></rtept><rtept lat="50.145812" lon="18.573392"><ele>272.4</ele></rtept><rtept lat="50.145832" lon="18.57339"><ele>272.6</ele></rtept><rtept lat="50.14585" lon="18.573377"><ele>272.6</ele></rtept><rtept lat="50.145875" lon="18.57336"><ele>272.6</ele></rtept><rtept lat="50.145895" lon="18.573342"><ele>272.6</ele></rtept><rtept lat="50.145922" lon="18.573322"><ele>272.6</ele></rtept><rtept lat="50.145952" lon="18.573297"><ele>272.8</ele></rtept><rtept lat="50.145982" lon="18.57328"><ele>272.8</ele></rtept><rtept lat="50.146017" lon="18.573267"><ele>272.8</ele></rtept><rtept lat="50.146037" lon="18.573262"><ele>272.8</ele></rtept><rtept lat="50.146067" lon="18.573252"><ele>272.8</ele></rtept><rtept lat="50.146092" lon="18.573242"><ele>273.0</ele></rtept><rtept lat="50.146117" lon="18.573232"><ele>273.0</ele></rtept><rtept lat="50.146137" lon="18.573222"><ele>273.2</ele></rtept><rtept lat="50.14616" lon="18.573212"><ele>273.2</ele></rtept><rtept lat="50.146177" lon="18.573202"><ele>273.2</ele></rtept><rtept lat="50.1462" lon="18.573192"><ele>273.2</ele></rtept><rtept lat="50.14622" lon="18.573177"><ele>273.2</ele></rtept><rtept lat="50.146242" lon="18.57317"><ele>273.4</ele></rtept><rtept lat="50.146265" lon="18.573162"><ele>273.4</ele></rtept><rtept lat="50.146287" lon="18.573147"><ele>273.4</ele></rtept><rtept lat="50.146307" lon="18.573142"><ele>273.4</ele></rtept><rtept lat="50.146332" lon="18.573132"><ele>273.6</ele></rtept><rtept lat="50.146352" lon="18.57312"><ele>273.6</ele></rtept><rtept lat="50.146372" lon="18.573105"><ele>273.6</ele></rtept><rtept lat="50.146392" lon="18.573092"><ele>273.8</ele></rtept><rtept lat="50.146415" lon="18.573087"><ele>273.8</ele></rtept><rtept lat="50.146435" lon="18.573077"><ele>274.0</ele></rtept><rtept lat="50.146457" lon="18.57306"><ele>274.0</ele></rtept><rtept lat="50.146477" lon="18.573047"><ele>274.0</ele></rtept><rtept lat="50.146492" lon="18.573042"><ele>274.2</ele></rtept><rtept lat="50.14651" lon="18.573037"><ele>274.4</ele></rtept><rtept lat="50.146557" lon="18.573007"><ele>274.6</ele></rtept><rtept lat="50.146585" lon="18.572997"><ele>274.8</ele></rtept><rtept lat="50.146605" lon="18.572992"><ele>274.8</ele></rtept><rtept lat="50.146617" lon="18.572975"><ele>275.0</ele></rtept><rtept lat="50.146637" lon="18.572962"><ele>275.2</ele></rtept><rtept lat="50.14667" lon="18.572947"><ele>275.2</ele></rtept><rtept lat="50.146695" lon="18.572945"><ele>275.4</ele></rtept><rtept lat="50.146717" lon="18.572937"><ele>275.6</ele></rtept><rtept lat="50.14674" lon="18.572932"><ele>275.6</ele></rtept><rtept lat="50.146762" lon="18.572917"><ele>275.8</ele></rtept><rtept lat="50.146787" lon="18.572897"><ele>276.0</ele></rtept><rtept lat="50.146812" lon="18.572877"><ele>276.0</ele></rtept><rtept lat="50.146832" lon="18.572867"><ele>276.2</ele></rtept><rtept lat="50.146855" lon="18.572865"><ele>276.2</ele></rtept><rtept lat="50.146882" lon="18.572857"><ele>276.2</ele></rtept><rtept lat="50.146907" lon="18.572847"><ele>276.2</ele></rtept><rtept lat="50.14693" lon="18.572842"><ele>276.2</ele></rtept><rtept lat="50.146957" lon="18.572837"><ele>276.2</ele></rtept><rtept lat="50.146982" lon="18.572827"><ele>276.2</ele></rtept><rtept lat="50.147005" lon="18.572812"><ele>276.2</ele></rtept><rtept lat="50.14703" lon="18.572807"><ele>276.2</ele></rtept><rtept lat="50.147052" lon="18.5728"><ele>276.2</ele></rtept><rtept lat="50.147077" lon="18.572795"><ele>276.2</ele></rtept><rtept lat="50.147102" lon="18.572785"><ele>276.2</ele></rtept><rtept lat="50.147122" lon="18.572772"><ele>276.2</ele></rtept><rtept lat="50.147142" lon="18.572762"><ele>276.4</ele></rtept><rtept lat="50.147167" lon="18.57275"><ele>276.4</ele></rtept><rtept lat="50.147182" lon="18.572752"><ele>276.4</ele></rtept><rtept lat="50.147207" lon="18.57275"><ele>276.4</ele></rtept><rtept lat="50.147227" lon="18.572742"><ele>276.4</ele></rtept><rtept lat="50.14725" lon="18.572735"><ele>276.4</ele></rtept><rtept lat="50.147272" lon="18.57272"><ele>276.4</ele></rtept><rtept lat="50.14729" lon="18.572702"><ele>276.4</ele></rtept><rtept lat="50.147302" lon="18.572687"><ele>276.6</ele></rtept><rtept lat="50.147322" lon="18.572675"><ele>276.6</ele></rtept><rtept lat="50.147342" lon="18.572662"><ele>276.8</ele></rtept><rtept lat="50.147357" lon="18.572647"><ele>277.0</ele></rtept><rtept lat="50.147377" lon="18.572632"><ele>277.2</ele></rtept><rtept lat="50.147397" lon="18.572627"><ele>277.2</ele></rtept><rtept lat="50.14742" lon="18.57262"><ele>277.2</ele></rtept><rtept lat="50.147442" lon="18.57261"><ele>277.4</ele></rtept><rtept lat="50.147457" lon="18.572595"><ele>277.4</ele></rtept><rtept lat="50.147472" lon="18.572587"><ele>277.6</ele></rtept><rtept lat="50.147508" lon="18.572577"><ele>277.8</ele></rtept><rtept lat="50.14756" lon="18.572567"><ele>278.0</ele></rtept><rtept lat="50.147582" lon="18.572567"><ele>278.0</ele></rtept><rtept lat="50.147602" lon="18.572562"><ele>278.2</ele></rtept><rtept lat="50.147627" lon="18.572552"><ele>278.4</ele></rtept><rtept lat="50.147647" lon="18.572547"><ele>278.4</ele></rtept><rtept lat="50.14767" lon="18.572542"><ele>278.4</ele></rtept><rtept lat="50.14769" lon="18.572517"><ele>278.4</ele></rtept><rtept lat="50.14771" lon="18.572505"><ele>278.4</ele></rtept><rtept lat="50.147727" lon="18.572492"><ele>278.4</ele></rtept><rtept lat="50.147752" lon="18.572482"><ele>278.6</ele></rtept><rtept lat="50.147782" lon="18.572468"><ele>278.6</ele></rtept><rtept lat="50.147812" lon="18.572465"><ele>278.8</ele></rtept><rtept lat="50.147832" lon="18.572455"><ele>279.0</ele></rtept><rtept lat="50.147862" lon="18.57244"><ele>279.0</ele></rtept><rtept lat="50.147887" lon="18.572427"><ele>279.0</ele></rtept><rtept lat="50.147915" lon="18.572417"><ele>279.2</ele></rtept><rtept lat="50.147932" lon="18.572402"><ele>279.2</ele></rtept><rtept lat="50.14795" lon="18.572398"><ele>279.2</ele></rtept><rtept lat="50.14797" lon="18.572397"><ele>279.2</ele></rtept><rtept lat="50.148025" lon="18.57238"><ele>279.4</ele></rtept><rtept lat="50.14805" lon="18.572372"><ele>279.6</ele></rtept><rtept lat="50.148072" lon="18.57236"><ele>279.8</ele></rtept><rtept lat="50.148095" lon="18.572357"><ele>280.0</ele></rtept><rtept lat="50.148117" lon="18.572347"><ele>280.0</ele></rtept><rtept lat="50.148142" lon="18.57234"><ele>280.2</ele></rtept><rtept lat="50.14817" lon="18.572332"><ele>280.4</ele></rtept><rtept lat="50.148195" lon="18.572307"><ele>280.4</ele></rtept><rtept lat="50.148227" lon="18.572295"><ele>280.4</ele></rtept><rtept lat="50.148257" lon="18.572282"><ele>280.6</ele></rtept><rtept lat="50.148282" lon="18.572265"><ele>280.6</ele></rtept><rtept lat="50.148305" lon="18.572252"><ele>280.8</ele></rtept><rtept lat="50.148327" lon="18.572237"><ele>281.0</ele></rtept><rtept lat="50.148345" lon="18.572227"><ele>281.2</ele></rtept><rtept lat="50.148365" lon="18.572217"><ele>281.4</ele></rtept><rtept lat="50.148387" lon="18.57222"><ele>281.6</ele></rtept><rtept lat="50.148412" lon="18.572215"><ele>281.6</ele></rtept><rtept lat="50.148435" lon="18.572215"><ele>281.6</ele></rtept><rtept lat="50.148455" lon="18.57222"><ele>281.8</ele></rtept><rtept lat="50.148472" lon="18.572208"><ele>281.8</ele></rtept><rtept lat="50.14849" lon="18.5722"><ele>282.0</ele></rtept><rtept lat="50.148537" lon="18.572177"><ele>282.2</ele></rtept><rtept lat="50.148563" lon="18.572165"><ele>282.4</ele></rtept><rtept lat="50.148587" lon="18.572152"><ele>282.4</ele></rtept><rtept lat="50.148617" lon="18.572145"><ele>282.6</ele></rtept><rtept lat="50.14864" lon="18.572137"><ele>282.6</ele></rtept><rtept lat="50.148665" lon="18.572127"><ele>282.8</ele></rtept><rtept lat="50.148682" lon="18.572115"><ele>283.0</ele></rtept><rtept lat="50.148702" lon="18.57211"><ele>283.0</ele></rtept><rtept lat="50.148727" lon="18.572105"><ele>283.2</ele></rtept><rtept lat="50.14875" lon="18.572087"><ele>283.4</ele></rtept><rtept lat="50.148772" lon="18.572067"><ele>283.4</ele></rtept><rtept lat="50.148797" lon="18.572057"><ele>283.6</ele></rtept><rtept lat="50.14882" lon="18.572052"><ele>283.6</ele></rtept><rtept lat="50.148847" lon="18.57205"><ele>283.6</ele></rtept><rtept lat="50.148867" lon="18.572042"><ele>283.6</ele></rtept><rtept lat="50.148885" lon="18.572037"><ele>283.6</ele></rtept><rtept lat="50.148902" lon="18.572027"><ele>283.6</ele></rtept><rtept lat="50.148912" lon="18.572012"><ele>283.8</ele></rtept><rtept lat="50.148957" lon="18.57197"><ele>283.8</ele></rtept><rtept lat="50.14899" lon="18.571947"><ele>283.8</ele></rtept><rtept lat="50.149015" lon="18.571937"><ele>284.0</ele></rtept><rtept lat="50.149032" lon="18.57193"><ele>284.0</ele></rtept><rtept lat="50.149047" lon="18.571917"><ele>284.0</ele></rtept><rtept lat="50.14907" lon="18.571907"><ele>284.0</ele></rtept><rtept lat="50.149122" lon="18.571885"><ele>284.0</ele></rtept><rtept lat="50.149147" lon="18.571882"><ele>284.0</ele></rtept><rtept lat="50.149167" lon="18.571877"><ele>284.2</ele></rtept><rtept lat="50.149192" lon="18.571872"><ele>284.2</ele></rtept><rtept lat="50.149217" lon="18.571867"><ele>284.2</ele></rtept><rtept lat="50.149245" lon="18.571855"><ele>284.2</ele></rtept><rtept lat="50.149267" lon="18.571847"><ele>284.4</ele></rtept><rtept lat="50.149295" lon="18.571837"><ele>284.4</ele></rtept><rtept lat="50.149322" lon="18.571825"><ele>284.4</ele></rtept><rtept lat="50.14934" lon="18.57182"><ele>284.4</ele></rtept><rtept lat="50.149357" lon="18.571812"><ele>284.6</ele></rtept><rtept lat="50.149377" lon="18.571802"><ele>284.6</ele></rtept><rtept lat="50.149393" lon="18.571787"><ele>284.6</ele></rtept><rtept lat="50.149417" lon="18.571772"><ele>284.8</ele></rtept><rtept lat="50.149445" lon="18.571762"><ele>285.0</ele></rtept><rtept lat="50.149467" lon="18.571752"><ele>285.0</ele></rtept><rtept lat="50.149497" lon="18.57174"><ele>285.0</ele></rtept><rtept lat="50.14952" lon="18.571722"><ele>285.0</ele></rtept><rtept lat="50.149542" lon="18.57171"><ele>285.0</ele></rtept><rtept lat="50.14956" lon="18.571697"><ele>285.2</ele></rtept><rtept lat="50.149572" lon="18.571692"><ele>285.2</ele></rtept><rtept lat="50.149587" lon="18.571682"><ele>285.2</ele></rtept><rtept lat="50.149627" lon="18.571677"><ele>285.4</ele></rtept><rtept lat="50.14965" lon="18.571657"><ele>285.6</ele></rtept><rtept lat="50.149672" lon="18.571647"><ele>285.6</ele></rtept><rtept lat="50.14969" lon="18.571635"><ele>285.8</ele></rtept><rtept lat="50.149707" lon="18.571617"><ele>285.8</ele></rtept><rtept lat="50.149722" lon="18.571605"><ele>286.0</ele></rtept><rtept lat="50.149742" lon="18.57159"><ele>286.2</ele></rtept><rtept lat="50.149757" lon="18.571585"><ele>286.2</ele></rtept><rtept lat="50.149815" lon="18.571582"><ele>286.4</ele></rtept><rtept lat="50.149837" lon="18.571582"><ele>286.4</ele></rtept><rtept lat="50.149862" lon="18.571575"><ele>286.4</ele></rtept><rtept lat="50.149887" lon="18.571572"><ele>286.2</ele></rtept><rtept lat="50.149912" lon="18.571562"><ele>286.2</ele></rtept><rtept lat="50.14994" lon="18.571555"><ele>286.2</ele></rtept><rtept lat="50.149967" lon="18.571547"><ele>286.0</ele></rtept><rtept lat="50.14999" lon="18.571542"><ele>286.0</ele></rtept><rtept lat="50.15002" lon="18.57153"><ele>285.8</ele></rtept><rtept lat="50.150042" lon="18.571522"><ele>285.6</ele></rtept><rtept lat="50.150072" lon="18.57151"><ele>285.4</ele></rtept><rtept lat="50.150097" lon="18.5715"><ele>285.2</ele></rtept><rtept lat="50.150122" lon="18.571492"><ele>285.2</ele></rtept><rtept lat="50.150142" lon="18.571487"><ele>285.0</ele></rtept><rtept lat="50.150167" lon="18.57148"><ele>284.8</ele></rtept><rtept lat="50.150187" lon="18.571472"><ele>284.8</ele></rtept><rtept lat="50.15021" lon="18.571462"><ele>284.6</ele></rtept><rtept lat="50.15023" lon="18.571452"><ele>284.6</ele></rtept><rtept lat="50.150252" lon="18.571432"><ele>284.6</ele></rtept><rtept lat="50.150277" lon="18.571417"><ele>284.6</ele></rtept><rtept lat="50.150297" lon="18.5714"><ele>284.6</ele></rtept><rtept lat="50.150312" lon="18.571382"><ele>284.6</ele></rtept><rtept lat="50.150332" lon="18.571367"><ele>284.4</ele></rtept><rtept lat="50.150352" lon="18.57136"><ele>284.4</ele></rtept><rtept lat="50.150372" lon="18.571347"><ele>284.4</ele></rtept><rtept lat="50.1504" lon="18.571332"><ele>284.4</ele></rtept><rtept lat="50.150427" lon="18.57132"><ele>284.2</ele></rtept><rtept lat="50.15045" lon="18.571305"><ele>284.2</ele></rtept><rtept lat="50.150467" lon="18.571293"><ele>284.0</ele></rtept><rtept lat="50.150492" lon="18.571285"><ele>284.0</ele></rtept><rtept lat="50.150512" lon="18.571277"><ele>283.8</ele></rtept><rtept lat="50.150527" lon="18.571275"><ele>283.8</ele></rtept><rtept lat="50.150547" lon="18.571272"><ele>283.8</ele></rtept><rtept lat="50.150587" lon="18.57125"><ele>283.6</ele></rtept><rtept lat="50.150612" lon="18.571235"><ele>283.6</ele></rtept><rtept lat="50.150632" lon="18.571222"><ele>283.4</ele></rtept><rtept lat="50.15065" lon="18.571205"><ele>283.4</ele></rtept><rtept lat="50.150672" lon="18.571192"><ele>283.4</ele></rtept><rtept lat="50.150692" lon="18.57117"><ele>283.4</ele></rtept><rtept lat="50.150712" lon="18.57115"><ele>283.2</ele></rtept><rtept lat="50.150732" lon="18.571137"><ele>283.0</ele></rtept><rtept lat="50.150752" lon="18.571127"><ele>283.0</ele></rtept><rtept lat="50.150777" lon="18.571117"><ele>282.8</ele></rtept><rtept lat="50.150802" lon="18.571102"><ele>282.8</ele></rtept><rtept lat="50.150825" lon="18.571087"><ele>282.6</ele></rtept><rtept lat="50.150843" lon="18.571072"><ele>282.6</ele></rtept><rtept lat="50.150867" lon="18.57106"><ele>282.6</ele></rtept><rtept lat="50.150882" lon="18.57106"><ele>282.4</ele></rtept><rtept lat="50.150907" lon="18.571052"><ele>282.4</ele></rtept><rtept lat="50.150927" lon="18.571052"><ele>282.4</ele></rtept><rtept lat="50.150945" lon="18.57105"><ele>282.2</ele></rtept><rtept lat="50.150962" lon="18.571045"><ele>282.2</ele></rtept><rtept lat="50.150997" lon="18.57103"><ele>282.4</ele></rtept><rtept lat="50.151012" lon="18.571022"><ele>282.4</ele></rtept><rtept lat="50.151037" lon="18.571012"><ele>282.4</ele></rtept><rtept lat="50.151052" lon="18.571002"><ele>282.2</ele></rtept><rtept lat="50.151072" lon="18.570987"><ele>282.0</ele></rtept><rtept lat="50.151107" lon="18.570977"><ele>282.0</ele></rtept><rtept lat="50.151142" lon="18.570977"><ele>282.0</ele></rtept><rtept lat="50.151155" lon="18.570982"><ele>281.8</ele></rtept><rtept lat="50.151187" lon="18.570975"><ele>281.8</ele></rtept><rtept lat="50.151217" lon="18.570972"><ele>281.6</ele></rtept><rtept lat="50.151245" lon="18.57096"><ele>281.2</ele></rtept><rtept lat="50.151287" lon="18.570955"><ele>281.2</ele></rtept><rtept lat="50.151312" lon="18.570952"><ele>281.2</ele></rtept><rtept lat="50.151337" lon="18.570947"><ele>281.0</ele></rtept><rtept lat="50.151357" lon="18.570937"><ele>281.0</ele></rtept><rtept lat="50.151377" lon="18.570927"><ele>281.0</ele></rtept><rtept lat="50.151402" lon="18.570915"><ele>280.8</ele></rtept><rtept lat="50.151432" lon="18.570907"><ele>280.8</ele></rtept><rtept lat="50.151462" lon="18.570897"><ele>281.0</ele></rtept><rtept lat="50.151487" lon="18.570887"><ele>280.8</ele></rtept><rtept lat="50.151507" lon="18.570872"><ele>280.8</ele></rtept><rtept lat="50.15153" lon="18.570852"><ele>280.8</ele></rtept><rtept lat="50.15155" lon="18.570835"><ele>280.8</ele></rtept><rtept lat="50.151572" lon="18.570815"><ele>280.8</ele></rtept><rtept lat="50.151595" lon="18.570797"><ele>280.8</ele></rtept><rtept lat="50.151617" lon="18.57078"><ele>280.8</ele></rtept><rtept lat="50.151635" lon="18.570767"><ele>280.8</ele></rtept><rtept lat="50.151652" lon="18.570755"><ele>280.8</ele></rtept><rtept lat="50.151672" lon="18.570747"><ele>280.8</ele></rtept><rtept lat="50.151692" lon="18.570742"><ele>280.8</ele></rtept><rtept lat="50.151722" lon="18.570735"><ele>280.8</ele></rtept><rtept lat="50.151743" lon="18.570725"><ele>280.8</ele></rtept><rtept lat="50.151762" lon="18.570712"><ele>280.8</ele></rtept><rtept lat="50.15178" lon="18.5707"><ele>281.0</ele></rtept><rtept lat="50.151797" lon="18.570687"><ele>281.0</ele></rtept><rtept lat="50.15181" lon="18.570672"><ele>281.2</ele></rtept><rtept lat="50.151822" lon="18.57066"><ele>281.2</ele></rtept><rtept lat="50.151862" lon="18.570652"><ele>281.4</ele></rtept><rtept lat="50.15188" lon="18.57065"><ele>281.2</ele></rtept><rtept lat="50.151898" lon="18.570652"><ele>281.2</ele></rtept><rtept lat="50.151925" lon="18.57065"><ele>281.2</ele></rtept><rtept lat="50.151947" lon="18.570637"><ele>281.2</ele></rtept><rtept lat="50.151972" lon="18.570627"><ele>281.2</ele></rtept><rtept lat="50.151995" lon="18.570617"><ele>281.2</ele></rtept><rtept lat="50.15202" lon="18.570602"><ele>281.2</ele></rtept><rtept lat="50.152042" lon="18.570592"><ele>281.2</ele></rtept><rtept lat="50.152067" lon="18.570582"><ele>281.0</ele></rtept><rtept lat="50.152087" lon="18.570572"><ele>281.0</ele></rtept><rtept lat="50.152107" lon="18.57056"><ele>281.0</ele></rtept><rtept lat="50.15213" lon="18.570552"><ele>281.0</ele></rtept><rtept lat="50.152155" lon="18.570542"><ele>280.8</ele></rtept><rtept lat="50.152177" lon="18.570535"><ele>280.8</ele></rtept><rtept lat="50.152207" lon="18.57052"><ele>280.6</ele></rtept><rtept lat="50.152237" lon="18.570502"><ele>280.6</ele></rtept><rtept lat="50.152262" lon="18.570485"><ele>280.4</ele></rtept><rtept lat="50.152287" lon="18.570462"><ele>280.2</ele></rtept><rtept lat="50.152307" lon="18.570447"><ele>280.0</ele></rtept><rtept lat="50.152327" lon="18.57043"><ele>280.0</ele></rtept><rtept lat="50.152348" lon="18.57042"><ele>279.8</ele></rtept><rtept lat="50.152367" lon="18.570412"><ele>279.8</ele></rtept><rtept lat="50.152397" lon="18.570397"><ele>279.8</ele></rtept><rtept lat="50.152412" lon="18.570387"><ele>279.6</ele></rtept><rtept lat="50.152427" lon="18.570372"><ele>279.6</ele></rtept><rtept lat="50.152445" lon="18.570367"><ele>279.6</ele></rtept><rtept lat="50.15249" lon="18.570347"><ele>279.6</ele></rtept><rtept lat="50.152515" lon="18.570327"><ele>279.4</ele></rtept><rtept lat="50.152542" lon="18.570315"><ele>279.4</ele></rtept><rtept lat="50.15257" lon="18.570307"><ele>279.4</ele></rtept><rtept lat="50.152595" lon="18.570302"><ele>279.6</ele></rtept><rtept lat="50.152622" lon="18.570295"><ele>279.4</ele></rtept><rtept lat="50.152652" lon="18.570287"><ele>279.4</ele></rtept><rtept lat="50.152677" lon="18.57028"><ele>279.6</ele></rtept><rtept lat="50.152702" lon="18.57027"><ele>279.6</ele></rtept><rtept lat="50.152727" lon="18.570262"><ele>279.6</ele></rtept><rtept lat="50.152747" lon="18.570257"><ele>279.8</ele></rtept><rtept lat="50.152772" lon="18.570245"><ele>279.8</ele></rtept><rtept lat="50.152797" lon="18.570232"><ele>280.0</ele></rtept><rtept lat="50.152817" lon="18.570227"><ele>280.0</ele></rtept><rtept lat="50.15284" lon="18.57021"><ele>280.2</ele></rtept><rtept lat="50.152855" lon="18.570207"><ele>280.2</ele></rtept><rtept lat="50.152872" lon="18.570202"><ele>280.2</ele></rtept><rtept lat="50.152917" lon="18.57018"><ele>280.2</ele></rtept><rtept lat="50.15294" lon="18.57017"><ele>280.2</ele></rtept><rtept lat="50.15296" lon="18.570175"><ele>280.2</ele></rtept><rtept lat="50.152982" lon="18.570172"><ele>280.2</ele></rtept><rtept lat="50.153002" lon="18.57016"><ele>280.2</ele></rtept><rtept lat="50.153025" lon="18.570147"><ele>280.2</ele></rtept><rtept lat="50.153047" lon="18.570142"><ele>280.0</ele></rtept><rtept lat="50.153072" lon="18.570132"><ele>280.0</ele></rtept><rtept lat="50.153092" lon="18.570112"><ele>280.0</ele></rtept><rtept lat="50.153112" lon="18.57009"><ele>280.0</ele></rtept><rtept lat="50.153135" lon="18.570072"><ele>280.0</ele></rtept><rtept lat="50.153152" lon="18.570065"><ele>280.0</ele></rtept><rtept lat="50.15317" lon="18.570055"><ele>280.0</ele></rtept><rtept lat="50.153193" lon="18.570057"><ele>280.0</ele></rtept><rtept lat="50.153215" lon="18.570062"><ele>280.2</ele></rtept><rtept lat="50.153232" lon="18.570062"><ele>280.2</ele></rtept><rtept lat="50.153252" lon="18.570048"><ele>280.2</ele></rtept><rtept lat="50.153272" lon="18.570037"><ele>280.0</ele></rtept><rtept lat="50.153297" lon="18.57003"><ele>280.0</ele></rtept><rtept lat="50.153327" lon="18.57002"><ele>280.0</ele></rtept><rtept lat="50.153352" lon="18.570015"><ele>280.0</ele></rtept><rtept lat="50.153377" lon="18.57001"><ele>280.2</ele></rtept><rtept lat="50.153407" lon="18.570002"><ele>280.2</ele></rtept><rtept lat="50.153427" lon="18.569992"><ele>280.2</ele></rtept><rtept lat="50.153452" lon="18.569982"><ele>280.2</ele></rtept><rtept lat="50.153477" lon="18.569972"><ele>280.2</ele></rtept><rtept lat="50.1535" lon="18.56996"><ele>280.4</ele></rtept><rtept lat="50.153527" lon="18.569945"><ele>280.4</ele></rtept><rtept lat="50.153555" lon="18.569927"><ele>280.4</ele></rtept><rtept lat="50.153582" lon="18.569907"><ele>280.6</ele></rtept><rtept lat="50.153602" lon="18.569897"><ele>280.6</ele></rtept><rtept lat="50.153622" lon="18.569885"><ele>280.6</ele></rtept><rtept lat="50.153647" lon="18.569867"><ele>280.8</ele></rtept><rtept lat="50.153672" lon="18.569858"><ele>280.8</ele></rtept><rtept lat="50.1537" lon="18.569842"><ele>281.0</ele></rtept><rtept lat="50.153727" lon="18.56983"><ele>281.0</ele></rtept><rtept lat="50.15375" lon="18.56982"><ele>281.2</ele></rtept><rtept lat="50.153775" lon="18.56981"><ele>281.2</ele></rtept><rtept lat="50.153797" lon="18.569807"><ele>281.2</ele></rtept><rtept lat="50.15382" lon="18.569797"><ele>281.2</ele></rtept><rtept lat="50.153837" lon="18.569802"><ele>281.2</ele></rtept><rtept lat="50.153862" lon="18.569792"><ele>281.4</ele></rtept><rtept lat="50.15389" lon="18.569785"><ele>281.4</ele></rtept><rtept lat="50.153915" lon="18.569767"><ele>281.4</ele></rtept><rtept lat="50.153937" lon="18.569757"><ele>281.4</ele></rtept><rtept lat="50.153957" lon="18.569737"><ele>281.4</ele></rtept><rtept lat="50.153972" lon="18.569712"><ele>281.4</ele></rtept><rtept lat="50.153997" lon="18.569697"><ele>281.4</ele></rtept><rtept lat="50.154017" lon="18.56969"><ele>281.4</ele></rtept><rtept lat="50.154042" lon="18.569685"><ele>281.4</ele></rtept><rtept lat="50.154065" lon="18.569677"><ele>281.4</ele></rtept><rtept lat="50.15409" lon="18.569672"><ele>281.4</ele></rtept><rtept lat="50.154115" lon="18.569657"><ele>281.4</ele></rtept><rtept lat="50.154137" lon="18.569652"><ele>281.2</ele></rtept><rtept lat="50.15417" lon="18.569637"><ele>281.2</ele></rtept><rtept lat="50.154197" lon="18.569627"><ele>281.2</ele></rtept><rtept lat="50.154217" lon="18.569622"><ele>281.0</ele></rtept><rtept lat="50.154242" lon="18.56961"><ele>281.0</ele></rtept><rtept lat="50.154265" lon="18.569597"><ele>281.0</ele></rtept><rtept lat="50.154292" lon="18.569575"><ele>280.8</ele></rtept><rtept lat="50.154312" lon="18.56956"><ele>280.8</ele></rtept><rtept lat="50.154332" lon="18.569552"><ele>280.8</ele></rtept><rtept lat="50.154352" lon="18.569537"><ele>280.8</ele></rtept><rtept lat="50.154372" lon="18.56952"><ele>280.6</ele></rtept><rtept lat="50.154392" lon="18.569507"><ele>280.6</ele></rtept><rtept lat="50.154412" lon="18.569495"><ele>280.6</ele></rtept><rtept lat="50.154432" lon="18.569485"><ele>280.6</ele></rtept><rtept lat="50.154452" lon="18.569472"><ele>280.6</ele></rtept><rtept lat="50.15447" lon="18.569457"><ele>280.6</ele></rtept><rtept lat="50.154497" lon="18.569437"><ele>280.6</ele></rtept><rtept lat="50.15452" lon="18.569422"><ele>280.6</ele></rtept><rtept lat="50.154542" lon="18.56941"><ele>280.6</ele></rtept><rtept lat="50.154562" lon="18.569392"><ele>280.8</ele></rtept><rtept lat="50.154577" lon="18.569377"><ele>280.8</ele></rtept><rtept lat="50.1546" lon="18.569372"><ele>281.0</ele></rtept><rtept lat="50.154622" lon="18.569365"><ele>281.0</ele></rtept><rtept lat="50.154645" lon="18.569352"><ele>281.0</ele></rtept><rtept lat="50.154672" lon="18.56934"><ele>281.0</ele></rtept><rtept lat="50.154695" lon="18.569327"><ele>281.0</ele></rtept><rtept lat="50.154715" lon="18.569327"><ele>281.0</ele></rtept><rtept lat="50.154737" lon="18.569327"><ele>281.0</ele></rtept><rtept lat="50.154757" lon="18.569312"><ele>281.0</ele></rtept><rtept lat="50.154775" lon="18.569302"><ele>281.0</ele></rtept><rtept lat="50.154792" lon="18.569295"><ele>281.0</ele></rtept><rtept lat="50.154812" lon="18.569292"><ele>280.8</ele></rtept><rtept lat="50.154862" lon="18.56928"><ele>280.6</ele></rtept><rtept lat="50.154887" lon="18.569275"><ele>280.4</ele></rtept><rtept lat="50.154915" lon="18.569272"><ele>280.2</ele></rtept><rtept lat="50.154945" lon="18.569267"><ele>280.0</ele></rtept><rtept lat="50.154972" lon="18.569265"><ele>279.8</ele></rtept><rtept lat="50.154997" lon="18.569265"><ele>279.6</ele></rtept><rtept lat="50.155027" lon="18.569253"><ele>279.4</ele></rtept><rtept lat="50.155052" lon="18.569245"><ele>279.0</ele></rtept><rtept lat="50.155077" lon="18.569232"><ele>278.8</ele></rtept><rtept lat="50.155107" lon="18.569225"><ele>278.4</ele></rtept><rtept lat="50.155132" lon="18.56922"><ele>278.2</ele></rtept><rtept lat="50.155157" lon="18.569212"><ele>278.0</ele></rtept><rtept lat="50.155172" lon="18.569192"><ele>277.8</ele></rtept><rtept lat="50.155187" lon="18.569187"><ele>277.6</ele></rtept><rtept lat="50.155197" lon="18.569182"><ele>277.6</ele></rtept><rtept lat="50.15523" lon="18.569147"><ele>277.4</ele></rtept><rtept lat="50.155272" lon="18.569125"><ele>277.6</ele></rtept><rtept lat="50.155292" lon="18.569115"><ele>277.6</ele></rtept><rtept lat="50.15532" lon="18.569112"><ele>277.6</ele></rtept><rtept lat="50.155342" lon="18.569102"><ele>277.8</ele></rtept><rtept lat="50.155367" lon="18.569097"><ele>277.8</ele></rtept><rtept lat="50.155387" lon="18.569092"><ele>278.0</ele></rtept><rtept lat="50.155407" lon="18.569082"><ele>278.0</ele></rtept><rtept lat="50.15543" lon="18.569082"><ele>278.2</ele></rtept><rtept lat="50.155455" lon="18.569082"><ele>278.4</ele></rtept><rtept lat="50.15548" lon="18.569072"><ele>278.4</ele></rtept><rtept lat="50.155507" lon="18.569067"><ele>278.6</ele></rtept><rtept lat="50.155537" lon="18.569062"><ele>278.8</ele></rtept><rtept lat="50.155562" lon="18.569057"><ele>279.0</ele></rtept><rtept lat="50.155587" lon="18.569047"><ele>279.0</ele></rtept><rtept lat="50.155602" lon="18.569025"><ele>279.2</ele></rtept><rtept lat="50.15562" lon="18.569012"><ele>279.4</ele></rtept><rtept lat="50.155642" lon="18.568995"><ele>279.6</ele></rtept><rtept lat="50.155667" lon="18.568982"><ele>279.6</ele></rtept><rtept lat="50.155687" lon="18.568967"><ele>279.8</ele></rtept><rtept lat="50.155712" lon="18.56896"><ele>279.8</ele></rtept><rtept lat="50.155732" lon="18.568952"><ele>280.0</ele></rtept><rtept lat="50.155755" lon="18.568942"><ele>280.0</ele></rtept><rtept lat="50.155775" lon="18.568935"><ele>280.2</ele></rtept><rtept lat="50.155797" lon="18.56892"><ele>280.2</ele></rtept><rtept lat="50.155817" lon="18.568908"><ele>280.4</ele></rtept><rtept lat="50.155837" lon="18.568897"><ele>280.4</ele></rtept><rtept lat="50.155857" lon="18.568877"><ele>280.4</ele></rtept><rtept lat="50.155882" lon="18.568862"><ele>280.6</ele></rtept><rtept lat="50.155902" lon="18.568847"><ele>280.6</ele></rtept><rtept lat="50.155917" lon="18.568832"><ele>280.8</ele></rtept><rtept lat="50.15594" lon="18.568822"><ele>281.0</ele></rtept><rtept lat="50.155967" lon="18.568815"><ele>281.0</ele></rtept><rtept lat="50.155987" lon="18.568812"><ele>281.0</ele></rtept><rtept lat="50.156012" lon="18.5688"><ele>281.2</ele></rtept><rtept lat="50.156032" lon="18.568797"><ele>281.2</ele></rtept><rtept lat="50.156052" lon="18.568792"><ele>281.2</ele></rtept><rtept lat="50.156077" lon="18.568797"><ele>281.4</ele></rtept><rtept lat="50.156102" lon="18.568792"><ele>281.6</ele></rtept><rtept lat="50.15613" lon="18.568787"><ele>281.6</ele></rtept><rtept lat="50.156157" lon="18.568777"><ele>281.8</ele></rtept><rtept lat="50.156182" lon="18.56877"><ele>281.8</ele></rtept><rtept lat="50.15621" lon="18.568757"><ele>281.8</ele></rtept><rtept lat="50.156237" lon="18.568737"><ele>281.6</ele></rtept><rtept lat="50.156262" lon="18.568717"><ele>281.6</ele></rtept><rtept lat="50.156287" lon="18.568702"><ele>281.8</ele></rtept><rtept lat="50.156312" lon="18.568692"><ele>281.8</ele></rtept><rtept lat="50.156342" lon="18.568683"><ele>281.8</ele></rtept><rtept lat="50.15637" lon="18.568677"><ele>281.8</ele></rtept><rtept lat="50.156397" lon="18.568665"><ele>281.8</ele></rtept><rtept lat="50.156422" lon="18.568652"><ele>281.8</ele></rtept><rtept lat="50.156452" lon="18.568632"><ele>281.8</ele></rtept><rtept lat="50.156475" lon="18.56862"><ele>281.6</ele></rtept><rtept lat="50.156497" lon="18.568617"><ele>281.6</ele></rtept><rtept lat="50.156517" lon="18.568612"><ele>281.6</ele></rtept><rtept lat="50.15654" lon="18.568607"><ele>281.6</ele></rtept><rtept lat="50.156555" lon="18.568607"><ele>281.8</ele></rtept><rtept lat="50.156577" lon="18.568597"><ele>281.6</ele></rtept><rtept lat="50.156595" lon="18.568592"><ele>281.6</ele></rtept><rtept lat="50.156615" lon="18.568582"><ele>281.6</ele></rtept><rtept lat="50.15664" lon="18.568565"><ele>281.4</ele></rtept><rtept lat="50.156665" lon="18.568555"><ele>281.4</ele></rtept><rtept lat="50.156692" lon="18.568547"><ele>281.4</ele></rtept><rtept lat="50.156717" lon="18.568537"><ele>281.4</ele></rtept><rtept lat="50.15674" lon="18.568527"><ele>281.4</ele></rtept><rtept lat="50.156767" lon="18.568512"><ele>281.4</ele></rtept><rtept lat="50.15678" lon="18.568497"><ele>281.4</ele></rtept><rtept lat="50.156802" lon="18.568482"><ele>281.2</ele></rtept><rtept lat="50.156827" lon="18.568465"><ele>281.2</ele></rtept><rtept lat="50.156852" lon="18.568452"><ele>281.0</ele></rtept><rtept lat="50.15688" lon="18.568432"><ele>281.0</ele></rtept><rtept lat="50.156905" lon="18.568427"><ele>281.0</ele></rtept><rtept lat="50.15693" lon="18.56842"><ele>280.8</ele></rtept><rtept lat="50.156955" lon="18.568402"><ele>280.8</ele></rtept><rtept lat="50.156975" lon="18.568392"><ele>280.6</ele></rtept><rtept lat="50.156997" lon="18.568387"><ele>280.6</ele></rtept><rtept lat="50.157017" lon="18.568377"><ele>280.6</ele></rtept><rtept lat="50.157037" lon="18.568365"><ele>280.4</ele></rtept><rtept lat="50.157057" lon="18.568355"><ele>280.4</ele></rtept><rtept lat="50.157082" lon="18.568342"><ele>280.4</ele></rtept><rtept lat="50.157105" lon="18.568332"><ele>280.2</ele></rtept><rtept lat="50.157125" lon="18.568327"><ele>280.0</ele></rtept><rtept lat="50.157152" lon="18.568322"><ele>280.0</ele></rtept><rtept lat="50.15718" lon="18.568307"><ele>280.0</ele></rtept><rtept lat="50.157202" lon="18.568297"><ele>280.0</ele></rtept><rtept lat="50.157225" lon="18.568287"><ele>279.8</ele></rtept><rtept lat="50.157247" lon="18.568272"><ele>279.6</ele></rtept><rtept lat="50.157277" lon="18.568257"><ele>279.6</ele></rtept><rtept lat="50.157305" lon="18.568242"><ele>279.6</ele></rtept><rtept lat="50.157332" lon="18.568232"><ele>279.4</ele></rtept><rtept lat="50.157352" lon="18.568227"><ele>279.4</ele></rtept><rtept lat="50.157372" lon="18.568222"><ele>279.2</ele></rtept><rtept lat="50.157392" lon="18.568217"><ele>279.0</ele></rtept><rtept lat="50.157412" lon="18.568212"><ele>279.0</ele></rtept><rtept lat="50.157435" lon="18.568197"><ele>278.8</ele></rtept><rtept lat="50.157457" lon="18.568185"><ele>278.6</ele></rtept><rtept lat="50.15748" lon="18.568177"><ele>278.6</ele></rtept><rtept lat="50.15751" lon="18.568165"><ele>278.6</ele></rtept><rtept lat="50.157535" lon="18.568152"><ele>278.4</ele></rtept><rtept lat="50.157562" lon="18.568142"><ele>278.4</ele></rtept><rtept lat="50.157587" lon="18.568132"><ele>278.4</ele></rtept><rtept lat="50.157602" lon="18.568127"><ele>278.2</ele></rtept><rtept lat="50.15762" lon="18.568112"><ele>278.2</ele></rtept><rtept lat="50.157637" lon="18.568097"><ele>278.2</ele></rtept><rtept lat="50.15766" lon="18.568077"><ele>278.0</ele></rtept><rtept lat="50.157685" lon="18.568067"><ele>278.0</ele></rtept><rtept lat="50.157712" lon="18.568057"><ele>278.0</ele></rtept><rtept lat="50.157732" lon="18.568047"><ele>277.8</ele></rtept><rtept lat="50.157752" lon="18.568035"><ele>277.6</ele></rtept><rtept lat="50.157767" lon="18.568027"><ele>277.6</ele></rtept><rtept lat="50.15779" lon="18.568022"><ele>277.4</ele></rtept><rtept lat="50.157815" lon="18.568012"><ele>277.4</ele></rtept><rtept lat="50.157837" lon="18.568002"><ele>277.2</ele></rtept><rtept lat="50.157855" lon="18.567995"><ele>277.2</ele></rtept><rtept lat="50.157877" lon="18.567982"><ele>277.0</ele></rtept><rtept lat="50.157907" lon="18.567967"><ele>277.0</ele></rtept><rtept lat="50.157935" lon="18.567952"><ele>276.8</ele></rtept><rtept lat="50.15796" lon="18.567947"><ele>276.6</ele></rtept><rtept lat="50.157982" lon="18.567942"><ele>276.6</ele></rtept><rtept lat="50.158002" lon="18.567935"><ele>276.6</ele></rtept><rtept lat="50.158027" lon="18.567932"><ele>276.4</ele></rtept><rtept lat="50.158055" lon="18.567923"><ele>276.2</ele></rtept><rtept lat="50.158082" lon="18.567912"><ele>276.2</ele></rtept><rtept lat="50.158102" lon="18.567907"><ele>276.0</ele></rtept><rtept lat="50.158122" lon="18.5679"><ele>276.0</ele></rtept><rtept lat="50.158137" lon="18.567885"><ele>275.8</ele></rtept><rtept lat="50.158152" lon="18.56787"><ele>275.8</ele></rtept><rtept lat="50.158167" lon="18.567857"><ele>275.6</ele></rtept><rtept lat="50.158207" lon="18.567847"><ele>275.6</ele></rtept><rtept lat="50.158237" lon="18.56785"><ele>275.4</ele></rtept><rtept lat="50.158265" lon="18.567842"><ele>275.4</ele></rtept><rtept lat="50.158292" lon="18.567837"><ele>275.2</ele></rtept><rtept lat="50.158322" lon="18.567827"><ele>275.2</ele></rtept><rtept lat="50.158347" lon="18.567812"><ele>275.0</ele></rtept><rtept lat="50.158372" lon="18.567802"><ele>274.8</ele></rtept><rtept lat="50.15839" lon="18.567795"><ele>274.8</ele></rtept><rtept lat="50.15841" lon="18.56778"><ele>274.8</ele></rtept><rtept lat="50.158432" lon="18.567767"><ele>274.6</ele></rtept><rtept lat="50.15846" lon="18.567752"><ele>274.6</ele></rtept><rtept lat="50.158485" lon="18.567742"><ele>274.6</ele></rtept><rtept lat="50.158502" lon="18.567737"><ele>274.4</ele></rtept><rtept lat="50.158527" lon="18.567722"><ele>274.2</ele></rtept><rtept lat="50.158557" lon="18.56771"><ele>273.8</ele></rtept><rtept lat="50.158587" lon="18.567702"><ele>273.6</ele></rtept><rtept lat="50.158612" lon="18.567695"><ele>273.4</ele></rtept><rtept lat="50.158632" lon="18.56768"><ele>273.2</ele></rtept><rtept lat="50.158647" lon="18.567672"><ele>273.0</ele></rtept><rtept lat="50.158672" lon="18.567652"><ele>272.8</ele></rtept><rtept lat="50.158687" lon="18.56764"><ele>272.8</ele></rtept><rtept lat="50.158702" lon="18.567632"><ele>272.6</ele></rtept><rtept lat="50.158722" lon="18.567622"><ele>272.4</ele></rtept><rtept lat="50.158767" lon="18.567587"><ele>272.2</ele></rtept><rtept lat="50.158792" lon="18.567582"><ele>272.0</ele></rtept><rtept lat="50.15882" lon="18.567577"><ele>271.8</ele></rtept><rtept lat="50.158842" lon="18.567572"><ele>271.6</ele></rtept><rtept lat="50.158865" lon="18.567557"><ele>271.4</ele></rtept><rtept lat="50.158885" lon="18.567543"><ele>271.2</ele></rtept><rtept lat="50.158907" lon="18.567535"><ele>271.2</ele></rtept><rtept lat="50.158927" lon="18.567527"><ele>271.0</ele></rtept><rtept lat="50.158947" lon="18.567517"><ele>270.8</ele></rtept><rtept lat="50.158962" lon="18.567508"><ele>270.6</ele></rtept><rtept lat="50.158982" lon="18.567502"><ele>270.4</ele></rtept><rtept lat="50.159002" lon="18.567495"><ele>270.4</ele></rtept><rtept lat="50.159042" lon="18.567477"><ele>270.0</ele></rtept><rtept lat="50.159062" lon="18.567462"><ele>270.0</ele></rtept><rtept lat="50.159085" lon="18.567452"><ele>269.8</ele></rtept><rtept lat="50.15911" lon="18.56744"><ele>269.6</ele></rtept><rtept lat="50.159135" lon="18.567422"><ele>269.6</ele></rtept><rtept lat="50.159157" lon="18.567412"><ele>269.4</ele></rtept><rtept lat="50.159177" lon="18.567407"><ele>269.2</ele></rtept><rtept lat="50.159202" lon="18.567392"><ele>269.0</ele></rtept><rtept lat="50.159232" lon="18.56738"><ele>269.0</ele></rtept><rtept lat="50.159262" lon="18.567375"><ele>268.8</ele></rtept><rtept lat="50.159287" lon="18.567372"><ele>268.6</ele></rtept><rtept lat="50.159312" lon="18.567372"><ele>268.6</ele></rtept><rtept lat="50.159337" lon="18.567372"><ele>268.6</ele></rtept><rtept lat="50.15937" lon="18.567367"><ele>268.4</ele></rtept><rtept lat="50.159392" lon="18.56736"><ele>268.2</ele></rtept><rtept lat="50.159412" lon="18.567352"><ele>268.2</ele></rtept><rtept lat="50.15943" lon="18.567347"><ele>268.0</ele></rtept><rtept lat="50.159442" lon="18.567342"><ele>268.0</ele></rtept><rtept lat="50.159487" lon="18.56733"><ele>267.6</ele></rtept><rtept lat="50.159512" lon="18.567312"><ele>267.4</ele></rtept><rtept lat="50.159532" lon="18.567295"><ele>267.2</ele></rtept><rtept lat="50.159547" lon="18.567275"><ele>267.2</ele></rtept><rtept lat="50.159565" lon="18.567252"><ele>267.0</ele></rtept><rtept lat="50.159582" lon="18.567232"><ele>266.8</ele></rtept><rtept lat="50.1596" lon="18.567222"><ele>266.6</ele></rtept><rtept lat="50.159622" lon="18.567207"><ele>266.4</ele></rtept><rtept lat="50.159642" lon="18.567192"><ele>266.4</ele></rtept><rtept lat="50.159667" lon="18.567177"><ele>266.2</ele></rtept><rtept lat="50.159687" lon="18.56717"><ele>266.0</ele></rtept><rtept lat="50.159708" lon="18.56716"><ele>265.8</ele></rtept><rtept lat="50.15973" lon="18.567147"><ele>265.6</ele></rtept><rtept lat="50.159747" lon="18.567137"><ele>265.6</ele></rtept><rtept lat="50.159767" lon="18.567122"><ele>265.4</ele></rtept><rtept lat="50.159787" lon="18.567102"><ele>265.2</ele></rtept><rtept lat="50.159812" lon="18.567093"><ele>265.2</ele></rtept><rtept lat="50.159832" lon="18.5671"><ele>265.0</ele></rtept><rtept lat="50.159855" lon="18.567092"><ele>264.8</ele></rtept><rtept lat="50.159882" lon="18.567082"><ele>264.6</ele></rtept><rtept lat="50.15991" lon="18.567072"><ele>264.6</ele></rtept><rtept lat="50.15993" lon="18.567065"><ele>264.4</ele></rtept><rtept lat="50.159955" lon="18.567055"><ele>264.4</ele></rtept><rtept lat="50.15998" lon="18.567047"><ele>264.2</ele></rtept><rtept lat="50.16" lon="18.567037"><ele>264.0</ele></rtept><rtept lat="50.160022" lon="18.567032"><ele>264.0</ele></rtept><rtept lat="50.160035" lon="18.56704"><ele>263.6</ele></rtept><rtept lat="50.160077" lon="18.567045"><ele>263.4</ele></rtept><rtept lat="50.160092" lon="18.567042"><ele>263.2</ele></rtept><rtept lat="50.160107" lon="18.567047"><ele>263.2</ele></rtept><rtept lat="50.160132" lon="18.567037"><ele>263.0</ele></rtept><rtept lat="50.160165" lon="18.567027"><ele>262.8</ele></rtept><rtept lat="50.160195" lon="18.567012"><ele>262.6</ele></rtept><rtept lat="50.16023" lon="18.567005"><ele>262.6</ele></rtept><rtept lat="50.16028" lon="18.56699"><ele>263.0</ele></rtept><rtept lat="50.160307" lon="18.56698"><ele>263.0</ele></rtept><rtept lat="50.16033" lon="18.56697"><ele>263.2</ele></rtept><rtept lat="50.160347" lon="18.566957"><ele>263.4</ele></rtept><rtept lat="50.160367" lon="18.566952"><ele>263.6</ele></rtept><rtept lat="50.16039" lon="18.566952"><ele>263.8</ele></rtept><rtept lat="50.160412" lon="18.566945"><ele>264.2</ele></rtept><rtept lat="50.160432" lon="18.566935"><ele>264.4</ele></rtept><rtept lat="50.16045" lon="18.566932"><ele>264.6</ele></rtept><rtept lat="50.160467" lon="18.56692"><ele>264.6</ele></rtept><rtept lat="50.160485" lon="18.566912"><ele>265.0</ele></rtept><rtept lat="50.160527" lon="18.566892"><ele>265.2</ele></rtept><rtept lat="50.160547" lon="18.566885"><ele>265.4</ele></rtept><rtept lat="50.160565" lon="18.566872"><ele>265.6</ele></rtept><rtept lat="50.160582" lon="18.56686"><ele>265.8</ele></rtept><rtept lat="50.160605" lon="18.566845"><ele>266.0</ele></rtept><rtept lat="50.160627" lon="18.566832"><ele>266.2</ele></rtept><rtept lat="50.160642" lon="18.566832"><ele>266.2</ele></rtept><rtept lat="50.160655" lon="18.566822"><ele>266.4</ele></rtept><rtept lat="50.160693" lon="18.5668"><ele>266.6</ele></rtept><rtept lat="50.160712" lon="18.56679"><ele>266.8</ele></rtept><rtept lat="50.16073" lon="18.566787"><ele>267.0</ele></rtept><rtept lat="50.160752" lon="18.566782"><ele>267.0</ele></rtept><rtept lat="50.160775" lon="18.566775"><ele>267.0</ele></rtept><rtept lat="50.1608" lon="18.566772"><ele>267.2</ele></rtept><rtept lat="50.160822" lon="18.566765"><ele>267.2</ele></rtept><rtept lat="50.160842" lon="18.56676"><ele>267.4</ele></rtept><rtept lat="50.160862" lon="18.566748"><ele>267.4</ele></rtept><rtept lat="50.160885" lon="18.566742"><ele>267.6</ele></rtept><rtept lat="50.160897" lon="18.566737"><ele>267.6</ele></rtept><rtept lat="50.160912" lon="18.566727"><ele>267.8</ele></rtept><rtept lat="50.160952" lon="18.566705"><ele>268.0</ele></rtept><rtept lat="50.160977" lon="18.566697"><ele>268.2</ele></rtept><rtept lat="50.160995" lon="18.566682"><ele>268.2</ele></rtept><rtept lat="50.161012" lon="18.566677"><ele>268.4</ele></rtept><rtept lat="50.161035" lon="18.566672"><ele>268.4</ele></rtept><rtept lat="50.161052" lon="18.566662"><ele>268.4</ele></rtept><rtept lat="50.161072" lon="18.566652"><ele>268.6</ele></rtept><rtept lat="50.161092" lon="18.566647"><ele>268.8</ele></rtept><rtept lat="50.161112" lon="18.56664"><ele>268.8</ele></rtept><rtept lat="50.161132" lon="18.566635"><ele>268.8</ele></rtept><rtept lat="50.161157" lon="18.566625"><ele>269.0</ele></rtept><rtept lat="50.161177" lon="18.566617"><ele>269.0</ele></rtept><rtept lat="50.161192" lon="18.566602"><ele>269.2</ele></rtept><rtept lat="50.16121" lon="18.566592"><ele>269.2</ele></rtept><rtept lat="50.161227" lon="18.566592"><ele>269.4</ele></rtept><rtept lat="50.16127" lon="18.56659"><ele>269.4</ele></rtept><rtept lat="50.161295" lon="18.566585"><ele>269.2</ele></rtept><rtept lat="50.161317" lon="18.566582"><ele>269.2</ele></rtept><rtept lat="50.161342" lon="18.566577"><ele>269.2</ele></rtept><rtept lat="50.16136" lon="18.56657"><ele>269.0</ele></rtept><rtept lat="50.161377" lon="18.566552"><ele>268.8</ele></rtept><rtept lat="50.161402" lon="18.566535"><ele>268.8</ele></rtept><rtept lat="50.161417" lon="18.566517"><ele>268.6</ele></rtept><rtept lat="50.161452" lon="18.566507"><ele>268.6</ele></rtept><rtept lat="50.161477" lon="18.5665"><ele>268.4</ele></rtept><rtept lat="50.161502" lon="18.566477"><ele>268.2</ele></rtept><rtept lat="50.16152" lon="18.566462"><ele>268.0</ele></rtept><rtept lat="50.16153" lon="18.566457"><ele>268.0</ele></rtept><rtept lat="50.161547" lon="18.566432"><ele>267.8</ele></rtept><rtept lat="50.161587" lon="18.566407"><ele>267.4</ele></rtept><rtept lat="50.16161" lon="18.56639"><ele>267.2</ele></rtept><rtept lat="50.161632" lon="18.566368"><ele>267.2</ele></rtept><rtept lat="50.161657" lon="18.566352"><ele>267.0</ele></rtept><rtept lat="50.161678" lon="18.566332"><ele>266.8</ele></rtept><rtept lat="50.161702" lon="18.566312"><ele>266.6</ele></rtept><rtept lat="50.161725" lon="18.566298"><ele>266.6</ele></rtept><rtept lat="50.16174" lon="18.566285"><ele>266.4</ele></rtept><rtept lat="50.161757" lon="18.56627"><ele>266.0</ele></rtept><rtept lat="50.161772" lon="18.566262"><ele>265.8</ele></rtept><rtept lat="50.161812" lon="18.566257"><ele>265.4</ele></rtept><rtept lat="50.161872" lon="18.566247"><ele>265.2</ele></rtept><rtept lat="50.16189" lon="18.566247"><ele>265.0</ele></rtept><rtept lat="50.161917" lon="18.566247"><ele>264.8</ele></rtept><rtept lat="50.161945" lon="18.566242"><ele>264.6</ele></rtept><rtept lat="50.16197" lon="18.566235"><ele>264.6</ele></rtept><rtept lat="50.161987" lon="18.56623"><ele>264.4</ele></rtept><rtept lat="50.162012" lon="18.566222"><ele>264.4</ele></rtept><rtept lat="50.162037" lon="18.566207"><ele>264.2</ele></rtept><rtept lat="50.162062" lon="18.566197"><ele>264.2</ele></rtept><rtept lat="50.162087" lon="18.566187"><ele>264.2</ele></rtept><rtept lat="50.162102" lon="18.566177"><ele>264.0</ele></rtept><rtept lat="50.162122" lon="18.566167"><ele>263.8</ele></rtept><rtept lat="50.162132" lon="18.566142"><ele>263.8</ele></rtept><rtept lat="50.162167" lon="18.566122"><ele>263.6</ele></rtept><rtept lat="50.162217" lon="18.566102"><ele>263.4</ele></rtept><rtept lat="50.16224" lon="18.566087"><ele>263.4</ele></rtept><rtept lat="50.162265" lon="18.56607"><ele>263.2</ele></rtept><rtept lat="50.1623" lon="18.566057"><ele>263.0</ele></rtept><rtept lat="50.162327" lon="18.566045"><ele>262.8</ele></rtept><rtept lat="50.16235" lon="18.56604"><ele>262.8</ele></rtept><rtept lat="50.162372" lon="18.566032"><ele>262.6</ele></rtept><rtept lat="50.162397" lon="18.566027"><ele>262.6</ele></rtept><rtept lat="50.162432" lon="18.566007"><ele>262.4</ele></rtept><rtept lat="50.162457" lon="18.565992"><ele>262.4</ele></rtept><rtept lat="50.16248" lon="18.565967"><ele>262.2</ele></rtept><rtept lat="50.162497" lon="18.565945"><ele>262.0</ele></rtept><rtept lat="50.162515" lon="18.56593"><ele>261.8</ele></rtept><rtept lat="50.162542" lon="18.565917"><ele>261.8</ele></rtept><rtept lat="50.162567" lon="18.565912"><ele>261.6</ele></rtept><rtept lat="50.16259" lon="18.565907"><ele>261.6</ele></rtept><rtept lat="50.162612" lon="18.565897"><ele>261.6</ele></rtept><rtept lat="50.162635" lon="18.565885"><ele>261.4</ele></rtept><rtept lat="50.162667" lon="18.565875"><ele>261.4</ele></rtept><rtept lat="50.1627" lon="18.565862"><ele>261.4</ele></rtept><rtept lat="50.162732" lon="18.565847"><ele>261.2</ele></rtept><rtept lat="50.162762" lon="18.565837"><ele>261.2</ele></rtept><rtept lat="50.16279" lon="18.565827"><ele>261.2</ele></rtept><rtept lat="50.162815" lon="18.565817"><ele>261.2</ele></rtept><rtept lat="50.162832" lon="18.565807"><ele>261.4</ele></rtept><rtept lat="50.16285" lon="18.5658"><ele>261.4</ele></rtept><rtept lat="50.162865" lon="18.565792"><ele>261.4</ele></rtept><rtept lat="50.1629" lon="18.565777"><ele>261.6</ele></rtept><rtept lat="50.16294" lon="18.56576"><ele>261.6</ele></rtept><rtept lat="50.162957" lon="18.565747"><ele>261.8</ele></rtept><rtept lat="50.162977" lon="18.565732"><ele>261.8</ele></rtept><rtept lat="50.162995" lon="18.565722"><ele>261.8</ele></rtept><rtept lat="50.163017" lon="18.565712"><ele>261.8</ele></rtept><rtept lat="50.16305" lon="18.565687"><ele>262.0</ele></rtept><rtept lat="50.16307" lon="18.565677"><ele>262.0</ele></rtept><rtept lat="50.163092" lon="18.565665"><ele>262.0</ele></rtept><rtept lat="50.163107" lon="18.565655"><ele>262.0</ele></rtept><rtept lat="50.163127" lon="18.565645"><ele>262.0</ele></rtept><rtept lat="50.163147" lon="18.565627"><ele>262.2</ele></rtept><rtept lat="50.163172" lon="18.565612"><ele>262.2</ele></rtept><rtept lat="50.163197" lon="18.565607"><ele>262.2</ele></rtept><rtept lat="50.163227" lon="18.565597"><ele>262.2</ele></rtept><rtept lat="50.163255" lon="18.565592"><ele>262.2</ele></rtept><rtept lat="50.16328" lon="18.565587"><ele>262.4</ele></rtept><rtept lat="50.163302" lon="18.565587"><ele>262.4</ele></rtept><rtept lat="50.16333" lon="18.565582"><ele>262.4</ele></rtept><rtept lat="50.163357" lon="18.565577"><ele>262.4</ele></rtept><rtept lat="50.16338" lon="18.565585"><ele>262.6</ele></rtept><rtept lat="50.163407" lon="18.565573"><ele>262.6</ele></rtept><rtept lat="50.16343" lon="18.565565"><ele>262.6</ele></rtept><rtept lat="50.16346" lon="18.565537"><ele>262.6</ele></rtept><rtept lat="50.163482" lon="18.565522"><ele>262.6</ele></rtept><rtept lat="50.163502" lon="18.56551"><ele>262.6</ele></rtept><rtept lat="50.163522" lon="18.565507"><ele>262.8</ele></rtept><rtept lat="50.163542" lon="18.56551"><ele>262.8</ele></rtept><rtept lat="50.163557" lon="18.565507"><ele>263.0</ele></rtept><rtept lat="50.16358" lon="18.565502"><ele>263.0</ele></rtept><rtept lat="50.163607" lon="18.565492"><ele>263.0</ele></rtept><rtept lat="50.163637" lon="18.565477"><ele>263.2</ele></rtept><rtept lat="50.163665" lon="18.565467"><ele>263.4</ele></rtept><rtept lat="50.163677" lon="18.565467"><ele>263.4</ele></rtept><rtept lat="50.163692" lon="18.565457"><ele>263.4</ele></rtept><rtept lat="50.163725" lon="18.565447"><ele>263.6</ele></rtept><rtept lat="50.163762" lon="18.565432"><ele>264.0</ele></rtept><rtept lat="50.163817" lon="18.565415"><ele>264.2</ele></rtept><rtept lat="50.163847" lon="18.565415"><ele>264.2</ele></rtept><rtept lat="50.163872" lon="18.565415"><ele>264.4</ele></rtept><rtept lat="50.163892" lon="18.565407"><ele>264.4</ele></rtept><rtept lat="50.163907" lon="18.56541"><ele>264.6</ele></rtept><rtept lat="50.16392" lon="18.565407"><ele>264.6</ele></rtept><rtept lat="50.163962" lon="18.565382"><ele>264.6</ele></rtept><rtept lat="50.163972" lon="18.56537"><ele>264.6</ele></rtept><rtept lat="50.163992" lon="18.565347"><ele>264.6</ele></rtept><rtept lat="50.164012" lon="18.56534"><ele>264.6</ele></rtept><rtept lat="50.164035" lon="18.565327"><ele>264.8</ele></rtept><rtept lat="50.164047" lon="18.565312"><ele>264.8</ele></rtept><rtept lat="50.16407" lon="18.56529"><ele>264.8</ele></rtept><rtept lat="50.164092" lon="18.565275"><ele>264.8</ele></rtept><rtept lat="50.16412" lon="18.565255"><ele>264.8</ele></rtept><rtept lat="50.164152" lon="18.565237"><ele>264.8</ele></rtept><rtept lat="50.164172" lon="18.565217"><ele>264.8</ele></rtept><rtept lat="50.164195" lon="18.565207"><ele>264.8</ele></rtept><rtept lat="50.164217" lon="18.565192"><ele>264.8</ele></rtept><rtept lat="50.164242" lon="18.565177"><ele>264.8</ele></rtept><rtept lat="50.164272" lon="18.565162"><ele>265.0</ele></rtept><rtept lat="50.164295" lon="18.565147"><ele>265.0</ele></rtept><rtept lat="50.164315" lon="18.565132"><ele>265.0</ele></rtept><rtept lat="50.164337" lon="18.565117"><ele>265.0</ele></rtept><rtept lat="50.164355" lon="18.56511"><ele>265.2</ele></rtept><rtept lat="50.164372" lon="18.565107"><ele>265.2</ele></rtept><rtept lat="50.16439" lon="18.565105"><ele>265.2</ele></rtept><rtept lat="50.164425" lon="18.565097"><ele>265.4</ele></rtept><rtept lat="50.164452" lon="18.565092"><ele>265.8</ele></rtept><rtept lat="50.164472" lon="18.565085"><ele>266.2</ele></rtept><rtept lat="50.164507" lon="18.565097"><ele>266.2</ele></rtept><rtept lat="50.164542" lon="18.565102"><ele>266.2</ele></rtept><rtept lat="50.164572" lon="18.565087"><ele>266.2</ele></rtept><rtept lat="50.1646" lon="18.565075"><ele>266.2</ele></rtept><rtept lat="50.16462" lon="18.565067"><ele>266.2</ele></rtept><rtept lat="50.164642" lon="18.565052"><ele>266.2</ele></rtept><rtept lat="50.164672" lon="18.565027"><ele>266.2</ele></rtept><rtept lat="50.164685" lon="18.565037"><ele>266.2</ele></rtept><rtept lat="50.164722" lon="18.565012"><ele>266.0</ele></rtept><rtept lat="50.164752" lon="18.564997"><ele>266.0</ele></rtept><rtept lat="50.164765" lon="18.564985"><ele>266.0</ele></rtept><rtept lat="50.164795" lon="18.564972"><ele>265.8</ele></rtept><rtept lat="50.16483" lon="18.564962"><ele>265.8</ele></rtept><rtept lat="50.164872" lon="18.56496"><ele>265.6</ele></rtept><rtept lat="50.164887" lon="18.564952"><ele>265.6</ele></rtept><rtept lat="50.164892" lon="18.564942"><ele>265.6</ele></rtept><rtept lat="50.164932" lon="18.56492"><ele>265.4</ele></rtept><rtept lat="50.164967" lon="18.564897"><ele>265.4</ele></rtept><rtept lat="50.16499" lon="18.564892"><ele>265.4</ele></rtept><rtept lat="50.165007" lon="18.564885"><ele>265.2</ele></rtept><rtept lat="50.165032" lon="18.564877"><ele>265.0</ele></rtept><rtept lat="50.165057" lon="18.564875"><ele>264.8</ele></rtept><rtept lat="50.165083" lon="18.564865"><ele>264.6</ele></rtept><rtept lat="50.165105" lon="18.564852"><ele>264.4</ele></rtept><rtept lat="50.165127" lon="18.564842"><ele>264.2</ele></rtept><rtept lat="50.165147" lon="18.564825"><ele>264.0</ele></rtept><rtept lat="50.16517" lon="18.56481"><ele>263.8</ele></rtept><rtept lat="50.165192" lon="18.564797"><ele>263.6</ele></rtept><rtept lat="50.165217" lon="18.564782"><ele>263.4</ele></rtept><rtept lat="50.16525" lon="18.564767"><ele>263.0</ele></rtept><rtept lat="50.165272" lon="18.564757"><ele>262.8</ele></rtept><rtept lat="50.165297" lon="18.564752"><ele>262.6</ele></rtept><rtept lat="50.165322" lon="18.56474"><ele>262.4</ele></rtept><rtept lat="50.16534" lon="18.564722"><ele>262.0</ele></rtept><rtept lat="50.165362" lon="18.56471"><ele>261.8</ele></rtept><rtept lat="50.165387" lon="18.564697"><ele>261.4</ele></rtept><rtept lat="50.165402" lon="18.564687"><ele>261.2</ele></rtept><rtept lat="50.16541" lon="18.564677"><ele>260.8</ele></rtept><rtept lat="50.16541" lon="18.564667"><ele>260.6</ele></rtept><rtept lat="50.165432" lon="18.564637"><ele>260.0</ele></rtept><rtept lat="50.16546" lon="18.564635"><ele>259.2</ele></rtept><rtept lat="50.165472" lon="18.564635"><ele>259.2</ele></rtept><rtept lat="50.165527" lon="18.564622"><ele>259.6</ele></rtept><rtept lat="50.165547" lon="18.564622"><ele>259.8</ele></rtept><rtept lat="50.165567" lon="18.56464"><ele>260.0</ele></rtept><rtept lat="50.165582" lon="18.564637"><ele>260.0</ele></rtept><rtept lat="50.165602" lon="18.564642"><ele>260.2</ele></rtept><rtept lat="50.165622" lon="18.564632"><ele>260.2</ele></rtept><rtept lat="50.165657" lon="18.564612"><ele>260.4</ele></rtept><rtept lat="50.165677" lon="18.564602"><ele>260.4</ele></rtept><rtept lat="50.165695" lon="18.564587"><ele>260.4</ele></rtept><rtept lat="50.165715" lon="18.564577"><ele>260.6</ele></rtept><rtept lat="50.165732" lon="18.564567"><ele>260.6</ele></rtept><rtept lat="50.165757" lon="18.564557"><ele>260.8</ele></rtept><rtept lat="50.165787" lon="18.564547"><ele>261.0</ele></rtept><rtept lat="50.165815" lon="18.564527"><ele>261.0</ele></rtept><rtept lat="50.165842" lon="18.56451"><ele>261.2</ele></rtept><rtept lat="50.165862" lon="18.564497"><ele>261.2</ele></rtept><rtept lat="50.165882" lon="18.564485"><ele>261.4</ele></rtept><rtept lat="50.165902" lon="18.564477"><ele>261.6</ele></rtept><rtept lat="50.16592" lon="18.564467"><ele>261.8</ele></rtept><rtept lat="50.165937" lon="18.564467"><ele>262.0</ele></rtept><rtept lat="50.165952" lon="18.564455"><ele>262.0</ele></rtept><rtept lat="50.165962" lon="18.56445"><ele>262.2</ele></rtept><rtept lat="50.165992" lon="18.564465"><ele>262.6</ele></rtept><rtept lat="50.166042" lon="18.564445"><ele>262.8</ele></rtept><rtept lat="50.166067" lon="18.564432"><ele>262.8</ele></rtept><rtept lat="50.166092" lon="18.564417"><ele>263.0</ele></rtept><rtept lat="50.166112" lon="18.564402"><ele>263.0</ele></rtept><rtept lat="50.166132" lon="18.564392"><ele>263.2</ele></rtept><rtept lat="50.16616" lon="18.564372"><ele>263.4</ele></rtept><rtept lat="50.166182" lon="18.56436"><ele>263.4</ele></rtept><rtept lat="50.166202" lon="18.564342"><ele>263.6</ele></rtept><rtept lat="50.16622" lon="18.564327"><ele>263.8</ele></rtept><rtept lat="50.166242" lon="18.564312"><ele>263.8</ele></rtept><rtept lat="50.166257" lon="18.564317"><ele>264.0</ele></rtept><rtept lat="50.166272" lon="18.564302"><ele>264.2</ele></rtept><rtept lat="50.166327" lon="18.564282"><ele>264.4</ele></rtept><rtept lat="50.166347" lon="18.564275"><ele>264.6</ele></rtept><rtept lat="50.166367" lon="18.564267"><ele>264.8</ele></rtept><rtept lat="50.166385" lon="18.564252"><ele>264.8</ele></rtept><rtept lat="50.166405" lon="18.564245"><ele>264.8</ele></rtept><rtept lat="50.166425" lon="18.564227"><ele>264.8</ele></rtept><rtept lat="50.166445" lon="18.564217"><ele>264.8</ele></rtept><rtept lat="50.166465" lon="18.564205"><ele>264.8</ele></rtept><rtept lat="50.166482" lon="18.564202"><ele>264.8</ele></rtept><rtept lat="50.166507" lon="18.564197"><ele>264.8</ele></rtept><rtept lat="50.166532" lon="18.564187"><ele>264.8</ele></rtept><rtept lat="50.166555" lon="18.564182"><ele>264.8</ele></rtept><rtept lat="50.166577" lon="18.564177"><ele>264.8</ele></rtept><rtept lat="50.166597" lon="18.56418"><ele>264.6</ele></rtept><rtept lat="50.166617" lon="18.564172"><ele>264.6</ele></rtept><rtept lat="50.166637" lon="18.564157"><ele>264.6</ele></rtept><rtept lat="50.166647" lon="18.564152"><ele>264.8</ele></rtept><rtept lat="50.166667" lon="18.564142"><ele>265.0</ele></rtept><rtept lat="50.166712" lon="18.56411"><ele>265.2</ele></rtept><rtept lat="50.166732" lon="18.5641"><ele>265.2</ele></rtept><rtept lat="50.166747" lon="18.564085"><ele>265.4</ele></rtept><rtept lat="50.166772" lon="18.564067"><ele>265.4</ele></rtept><rtept lat="50.166792" lon="18.564055"><ele>265.4</ele></rtept><rtept lat="50.166817" lon="18.564047"><ele>265.6</ele></rtept><rtept lat="50.166837" lon="18.56404"><ele>265.6</ele></rtept><rtept lat="50.166865" lon="18.564025"><ele>265.8</ele></rtept><rtept lat="50.166882" lon="18.564012"><ele>265.8</ele></rtept><rtept lat="50.166902" lon="18.563997"><ele>266.0</ele></rtept><rtept lat="50.166925" lon="18.563982"><ele>266.2</ele></rtept><rtept lat="50.166942" lon="18.563972"><ele>266.4</ele></rtept><rtept lat="50.166967" lon="18.56396"><ele>266.4</ele></rtept><rtept lat="50.166992" lon="18.563948"><ele>266.6</ele></rtept><rtept lat="50.167017" lon="18.563945"><ele>266.8</ele></rtept><rtept lat="50.167037" lon="18.563942"><ele>267.0</ele></rtept><rtept lat="50.167053" lon="18.563937"><ele>267.0</ele></rtept><rtept lat="50.167072" lon="18.563932"><ele>267.2</ele></rtept><rtept lat="50.167102" lon="18.563897"><ele>267.4</ele></rtept><rtept lat="50.16715" lon="18.563892"><ele>267.6</ele></rtept><rtept lat="50.167172" lon="18.563887"><ele>267.6</ele></rtept><rtept lat="50.167192" lon="18.563887"><ele>267.8</ele></rtept><rtept lat="50.167207" lon="18.563872"><ele>267.8</ele></rtept><rtept lat="50.16723" lon="18.563862"><ele>267.8</ele></rtept><rtept lat="50.167255" lon="18.563852"><ele>268.0</ele></rtept><rtept lat="50.167262" lon="18.563852"><ele>268.2</ele></rtept><rtept lat="50.167278" lon="18.56384"><ele>268.4</ele></rtept><rtept lat="50.167322" lon="18.563842"><ele>268.4</ele></rtept><rtept lat="50.167342" lon="18.563837"><ele>268.6</ele></rtept><rtept lat="50.167362" lon="18.56383"><ele>268.6</ele></rtept><rtept lat="50.167387" lon="18.56382"><ele>268.8</ele></rtept><rtept lat="50.1674" lon="18.563812"><ele>269.0</ele></rtept><rtept lat="50.16742" lon="18.56381"><ele>269.0</ele></rtept><rtept lat="50.167445" lon="18.563793"><ele>269.2</ele></rtept><rtept lat="50.16747" lon="18.563782"><ele>269.4</ele></rtept><rtept lat="50.16749" lon="18.563775"><ele>269.6</ele></rtept><rtept lat="50.167507" lon="18.563765"><ele>269.6</ele></rtept><rtept lat="50.167527" lon="18.56375"><ele>269.6</ele></rtept><rtept lat="50.167547" lon="18.563742"><ele>269.8</ele></rtept><rtept lat="50.167572" lon="18.563732"><ele>269.8</ele></rtept><rtept lat="50.167597" lon="18.563722"><ele>270.0</ele></rtept><rtept lat="50.167627" lon="18.563715"><ele>270.2</ele></rtept><rtept lat="50.167657" lon="18.563707"><ele>270.2</ele></rtept><rtept lat="50.167682" lon="18.563712"><ele>270.4</ele></rtept><rtept lat="50.167712" lon="18.563707"><ele>270.6</ele></rtept><rtept lat="50.167737" lon="18.563697"><ele>270.8</ele></rtept><rtept lat="50.167757" lon="18.563692"><ele>270.8</ele></rtept><rtept lat="50.167775" lon="18.563687"><ele>271.0</ele></rtept><rtept lat="50.167795" lon="18.563672"><ele>271.2</ele></rtept><rtept lat="50.167817" lon="18.563662"><ele>271.4</ele></rtept><rtept lat="50.167837" lon="18.56365"><ele>271.6</ele></rtept><rtept lat="50.167855" lon="18.563637"><ele>271.8</ele></rtept><rtept lat="50.167877" lon="18.563625"><ele>271.8</ele></rtept><rtept lat="50.167892" lon="18.563617"><ele>272.0</ele></rtept><rtept lat="50.167907" lon="18.563597"><ele>272.4</ele></rtept><rtept lat="50.167925" lon="18.563582"><ele>272.4</ele></rtept><rtept lat="50.167942" lon="18.563575"><ele>272.6</ele></rtept><rtept lat="50.167957" lon="18.563565"><ele>272.6</ele></rtept><rtept lat="50.167972" lon="18.563552"><ele>272.8</ele></rtept><rtept lat="50.168002" lon="18.563545"><ele>273.0</ele></rtept><rtept lat="50.168037" lon="18.563527"><ele>273.2</ele></rtept><rtept lat="50.16808" lon="18.563505"><ele>273.2</ele></rtept><rtept lat="50.168092" lon="18.563495"><ele>273.4</ele></rtept><rtept lat="50.168102" lon="18.563485"><ele>273.4</ele></rtept><rtept lat="50.168127" lon="18.563462"><ele>273.8</ele></rtept><rtept lat="50.16816" lon="18.563447"><ele>274.0</ele></rtept><rtept lat="50.168217" lon="18.563445"><ele>274.2</ele></rtept><rtept lat="50.168242" lon="18.563432"><ele>274.2</ele></rtept><rtept lat="50.168267" lon="18.563413"><ele>274.4</ele></rtept><rtept lat="50.168295" lon="18.563397"><ele>274.4</ele></rtept><rtept lat="50.168317" lon="18.563372"><ele>274.4</ele></rtept><rtept lat="50.16834" lon="18.563357"><ele>274.4</ele></rtept><rtept lat="50.16836" lon="18.563337"><ele>274.4</ele></rtept><rtept lat="50.16838" lon="18.56332"><ele>274.4</ele></rtept><rtept lat="50.168395" lon="18.563302"><ele>274.6</ele></rtept><rtept lat="50.168402" lon="18.56328"><ele>274.6</ele></rtept><rtept lat="50.168402" lon="18.563252"><ele>274.8</ele></rtept><rtept lat="50.168402" lon="18.563197"><ele>274.8</ele></rtept><rtept lat="50.16841" lon="18.56312"><ele>274.8</ele></rtept><rtept lat="50.168417" lon="18.563085"><ele>274.8</ele></rtept><rtept lat="50.168422" lon="18.56305"><ele>274.8</ele></rtept><rtept lat="50.168425" lon="18.563012"><ele>275.0</ele></rtept><rtept lat="50.168427" lon="18.562975"><ele>275.0</ele></rtept><rtept lat="50.168425" lon="18.562937"><ele>274.8</ele></rtept><rtept lat="50.168422" lon="18.562897"><ele>274.6</ele></rtept><rtept lat="50.168425" lon="18.56286"><ele>274.6</ele></rtept><rtept lat="50.168422" lon="18.562822"><ele>274.6</ele></rtept><rtept lat="50.168425" lon="18.562782"><ele>274.4</ele></rtept><rtept lat="50.168418" lon="18.562742"><ele>274.4</ele></rtept><rtept lat="50.168415" lon="18.562702"><ele>274.4</ele></rtept><rtept lat="50.168412" lon="18.562667"><ele>274.4</ele></rtept><rtept lat="50.168407" lon="18.562627"><ele>274.2</ele></rtept><rtept lat="50.16841" lon="18.562597"><ele>274.2</ele></rtept><rtept lat="50.168412" lon="18.562562"><ele>274.2</ele></rtept><rtept lat="50.168415" lon="18.562525"><ele>274.2</ele></rtept><rtept lat="50.168412" lon="18.56249"><ele>274.2</ele></rtept><rtept lat="50.168412" lon="18.56245"><ele>274.2</ele></rtept><rtept lat="50.16841" lon="18.562412"><ele>274.2</ele></rtept><rtept lat="50.168407" lon="18.562372"><ele>274.2</ele></rtept><rtept lat="50.16841" lon="18.562342"><ele>274.2</ele></rtept><rtept lat="50.16841" lon="18.562302"><ele>274.0</ele></rtept><rtept lat="50.168407" lon="18.562267"><ele>274.0</ele></rtept><rtept lat="50.168405" lon="18.562227"><ele>274.0</ele></rtept><rtept lat="50.168405" lon="18.56219"><ele>273.8</ele></rtept><rtept lat="50.168402" lon="18.562152"><ele>273.8</ele></rtept><rtept lat="50.168397" lon="18.562117"><ele>273.8</ele></rtept><rtept lat="50.168392" lon="18.562077"><ele>273.6</ele></rtept><rtept lat="50.168392" lon="18.562037"><ele>273.6</ele></rtept><rtept lat="50.168392" lon="18.562"><ele>273.4</ele></rtept><rtept lat="50.168392" lon="18.561967"><ele>273.4</ele></rtept><rtept lat="50.168392" lon="18.561932"><ele>273.4</ele></rtept><rtept lat="50.168392" lon="18.561897"><ele>273.4</ele></rtept><rtept lat="50.168392" lon="18.561852"><ele>273.2</ele></rtept><rtept lat="50.168395" lon="18.561812"><ele>273.2</ele></rtept><rtept lat="50.168392" lon="18.561772"><ele>273.2</ele></rtept><rtept lat="50.168392" lon="18.561737"><ele>273.2</ele></rtept><rtept lat="50.168397" lon="18.561695"><ele>273.0</ele></rtept><rtept lat="50.1684" lon="18.561657"><ele>273.0</ele></rtept><rtept lat="50.1684" lon="18.561617"><ele>273.0</ele></rtept><rtept lat="50.168397" lon="18.561572"><ele>273.0</ele></rtept><rtept lat="50.168395" lon="18.561532"><ele>272.8</ele></rtept><rtept lat="50.168397" lon="18.561492"><ele>272.8</ele></rtept><rtept lat="50.168395" lon="18.56145"><ele>272.8</ele></rtept><rtept lat="50.168392" lon="18.561407"><ele>272.8</ele></rtept><rtept lat="50.16839" lon="18.561365"><ele>272.8</ele></rtept><rtept lat="50.168385" lon="18.561327"><ele>272.8</ele></rtept><rtept lat="50.168377" lon="18.561287"><ele>272.6</ele></rtept><rtept lat="50.168372" lon="18.561252"><ele>272.8</ele></rtept><rtept lat="50.168367" lon="18.561215"><ele>272.6</ele></rtept><rtept lat="50.16836" lon="18.561177"><ele>272.6</ele></rtept><rtept lat="50.168352" lon="18.561137"><ele>272.6</ele></rtept><rtept lat="50.168348" lon="18.561092"><ele>272.6</ele></rtept><rtept lat="50.168342" lon="18.561047"><ele>272.6</ele></rtept><rtept lat="50.168337" lon="18.561012"><ele>272.6</ele></rtept><rtept lat="50.168335" lon="18.560975"><ele>272.4</ele></rtept><rtept lat="50.168327" lon="18.560945"><ele>272.4</ele></rtept><rtept lat="50.168317" lon="18.560907"><ele>272.2</ele></rtept><rtept lat="50.168302" lon="18.560872"><ele>272.2</ele></rtept><rtept lat="50.168295" lon="18.560837"><ele>272.2</ele></rtept><rtept lat="50.168287" lon="18.560802"><ele>272.0</ele></rtept><rtept lat="50.168282" lon="18.56077"><ele>272.2</ele></rtept><rtept lat="50.168272" lon="18.560735"><ele>272.4</ele></rtept><rtept lat="50.168262" lon="18.560697"><ele>272.4</ele></rtept><rtept lat="50.168255" lon="18.560662"><ele>272.4</ele></rtept><rtept lat="50.168242" lon="18.560627"><ele>272.2</ele></rtept><rtept lat="50.168235" lon="18.560587"><ele>272.4</ele></rtept><rtept lat="50.168222" lon="18.56055"><ele>272.2</ele></rtept><rtept lat="50.16821" lon="18.560517"><ele>272.2</ele></rtept><rtept lat="50.168197" lon="18.560487"><ele>272.2</ele></rtept><rtept lat="50.168185" lon="18.560457"><ele>272.2</ele></rtept><rtept lat="50.168175" lon="18.560422"><ele>272.0</ele></rtept><rtept lat="50.168162" lon="18.560387"><ele>272.0</ele></rtept><rtept lat="50.168147" lon="18.56035"><ele>272.0</ele></rtept><rtept lat="50.168135" lon="18.56031"><ele>272.0</ele></rtept><rtept lat="50.16812" lon="18.560268"><ele>272.0</ele></rtept><rtept lat="50.168107" lon="18.560232"><ele>272.0</ele></rtept><rtept lat="50.16809" lon="18.560192"><ele>271.8</ele></rtept><rtept lat="50.16808" lon="18.560152"><ele>271.8</ele></rtept><rtept lat="50.16807" lon="18.560112"><ele>271.8</ele></rtept><rtept lat="50.168062" lon="18.56007"><ele>271.8</ele></rtept><rtept lat="50.168057" lon="18.560022"><ele>271.8</ele></rtept><rtept lat="50.168052" lon="18.559977"><ele>271.8</ele></rtept><rtept lat="50.168047" lon="18.559937"><ele>271.8</ele></rtept><rtept lat="50.168037" lon="18.559897"><ele>271.8</ele></rtept><rtept lat="50.16803" lon="18.559857"><ele>271.8</ele></rtept><rtept lat="50.168022" lon="18.559822"><ele>271.8</ele></rtept><rtept lat="50.168017" lon="18.559782"><ele>271.8</ele></rtept><rtept lat="50.16801" lon="18.55974"><ele>271.8</ele></rtept><rtept lat="50.168005" lon="18.559695"><ele>271.8</ele></rtept><rtept lat="50.168005" lon="18.559655"><ele>271.6</ele></rtept><rtept lat="50.168002" lon="18.559612"><ele>271.6</ele></rtept><rtept lat="50.167995" lon="18.55957"><ele>271.6</ele></rtept><rtept lat="50.167987" lon="18.55953"><ele>271.6</ele></rtept><rtept lat="50.167977" lon="18.55949"><ele>271.6</ele></rtept><rtept lat="50.167982" lon="18.559445"><ele>271.6</ele></rtept><rtept lat="50.167982" lon="18.559407"><ele>271.6</ele></rtept><rtept lat="50.167992" lon="18.55936"><ele>271.4</ele></rtept><rtept lat="50.167992" lon="18.559322"><ele>271.6</ele></rtept><rtept lat="50.16799" lon="18.559282"><ele>271.6</ele></rtept><rtept lat="50.16798" lon="18.559232"><ele>271.8</ele></rtept><rtept lat="50.167972" lon="18.559182"><ele>271.8</ele></rtept><rtept lat="50.167967" lon="18.559132"><ele>271.6</ele></rtept><rtept lat="50.167967" lon="18.559087"><ele>271.6</ele></rtept><rtept lat="50.167962" lon="18.559045"><ele>271.6</ele></rtept><rtept lat="50.167957" lon="18.559007"><ele>271.6</ele></rtept><rtept lat="50.167962" lon="18.558957"><ele>271.4</ele></rtept><rtept lat="50.167962" lon="18.55892"><ele>271.6</ele></rtept><rtept lat="50.167962" lon="18.558882"><ele>271.6</ele></rtept><rtept lat="50.16796" lon="18.55885"><ele>271.4</ele></rtept><rtept lat="50.167957" lon="18.558812"><ele>271.4</ele></rtept><rtept lat="50.167957" lon="18.558772"><ele>271.2</ele></rtept><rtept lat="50.167957" lon="18.558732"><ele>271.2</ele></rtept><rtept lat="50.167952" lon="18.558687"><ele>271.2</ele></rtept><rtept lat="50.167947" lon="18.558642"><ele>271.2</ele></rtept><rtept lat="50.167945" lon="18.558607"><ele>271.2</ele></rtept><rtept lat="50.167942" lon="18.558572"><ele>271.0</ele></rtept><rtept lat="50.167937" lon="18.55853"><ele>271.0</ele></rtept><rtept lat="50.167932" lon="18.558497"><ele>271.0</ele></rtept><rtept lat="50.167922" lon="18.558465"><ele>271.0</ele></rtept><rtept lat="50.16791" lon="18.558447"><ele>271.0</ele></rtept><rtept lat="50.167887" lon="18.558437"><ele>270.8</ele></rtept><rtept lat="50.167865" lon="18.558437"><ele>270.8</ele></rtept><rtept lat="50.167845" lon="18.55844"><ele>270.6</ele></rtept><rtept lat="50.167822" lon="18.558442"><ele>270.4</ele></rtept><rtept lat="50.167802" lon="18.55845"><ele>270.4</ele></rtept><rtept lat="50.16778" lon="18.558462"><ele>270.4</ele></rtept><rtept lat="50.16776" lon="18.55847"><ele>270.4</ele></rtept><rtept lat="50.167737" lon="18.55848"><ele>270.4</ele></rtept><rtept lat="50.167717" lon="18.558492"><ele>270.2</ele></rtept><rtept lat="50.167697" lon="18.55851"><ele>270.2</ele></rtept><rtept lat="50.167675" lon="18.558525"><ele>270.0</ele></rtept><rtept lat="50.167657" lon="18.558542"><ele>270.0</ele></rtept><rtept lat="50.167645" lon="18.558562"><ele>270.0</ele></rtept><rtept lat="50.167627" lon="18.55858"><ele>270.0</ele></rtept><rtept lat="50.167607" lon="18.558592"><ele>270.0</ele></rtept><rtept lat="50.167587" lon="18.558602"><ele>270.2</ele></rtept><rtept lat="50.167572" lon="18.558607"><ele>270.0</ele></rtept><rtept lat="50.167557" lon="18.558617"><ele>270.0</ele></rtept><rtept lat="50.167515" lon="18.558642"><ele>269.8</ele></rtept><rtept lat="50.167492" lon="18.558652"><ele>269.8</ele></rtept><rtept lat="50.167457" lon="18.558685"><ele>269.8</ele></rtept><rtept lat="50.167432" lon="18.558705"><ele>269.6</ele></rtept><rtept lat="50.16741" lon="18.558712"><ele>269.6</ele></rtept><rtept lat="50.167385" lon="18.558722"><ele>269.4</ele></rtept><rtept lat="50.167362" lon="18.558732"><ele>269.4</ele></rtept><rtept lat="50.167337" lon="18.558747"><ele>269.2</ele></rtept><rtept lat="50.167315" lon="18.55876"><ele>269.0</ele></rtept><rtept lat="50.167292" lon="18.558772"><ele>268.8</ele></rtept><rtept lat="50.16727" lon="18.558787"><ele>268.8</ele></rtept><rtept lat="50.167247" lon="18.558797"><ele>268.6</ele></rtept><rtept lat="50.167222" lon="18.5588"><ele>268.6</ele></rtept><rtept lat="50.1672" lon="18.558805"><ele>268.6</ele></rtept><rtept lat="50.167172" lon="18.55881"><ele>268.4</ele></rtept><rtept lat="50.16715" lon="18.558817"><ele>268.4</ele></rtept><rtept lat="50.16713" lon="18.558827"><ele>268.2</ele></rtept><rtept lat="50.167107" lon="18.558837"><ele>268.2</ele></rtept><rtept lat="50.167087" lon="18.558847"><ele>268.0</ele></rtept><rtept lat="50.167065" lon="18.558857"><ele>267.8</ele></rtept><rtept lat="50.167042" lon="18.558867"><ele>267.8</ele></rtept><rtept lat="50.167015" lon="18.558882"><ele>267.6</ele></rtept><rtept lat="50.166992" lon="18.558897"><ele>267.6</ele></rtept><rtept lat="50.16697" lon="18.558912"><ele>267.4</ele></rtept><rtept lat="50.16695" lon="18.558917"><ele>267.2</ele></rtept><rtept lat="50.166932" lon="18.558932"><ele>267.2</ele></rtept><rtept lat="50.16691" lon="18.558942"><ele>267.0</ele></rtept><rtept lat="50.166885" lon="18.558952"><ele>267.0</ele></rtept><rtept lat="50.166862" lon="18.558967"><ele>267.0</ele></rtept><rtept lat="50.166835" lon="18.558982"><ele>267.0</ele></rtept><rtept lat="50.16681" lon="18.558992"><ele>267.0</ele></rtept><rtept lat="50.166787" lon="18.559002"><ele>267.0</ele></rtept><rtept lat="50.166767" lon="18.559012"><ele>266.8</ele></rtept><rtept lat="50.166742" lon="18.559022"><ele>266.8</ele></rtept><rtept lat="50.166722" lon="18.55903"><ele>266.8</ele></rtept><rtept lat="50.166697" lon="18.55904"><ele>266.8</ele></rtept><rtept lat="50.166677" lon="18.559057"><ele>266.8</ele></rtept><rtept lat="50.16665" lon="18.55907"><ele>266.8</ele></rtept><rtept lat="50.166622" lon="18.559097"><ele>266.8</ele></rtept><rtept lat="50.166603" lon="18.559125"><ele>266.6</ele></rtept><rtept lat="50.166585" lon="18.559145"><ele>266.6</ele></rtept><rtept lat="50.166562" lon="18.55916"><ele>266.4</ele></rtept><rtept lat="50.166537" lon="18.559177"><ele>266.4</ele></rtept><rtept lat="50.166518" lon="18.55919"><ele>266.2</ele></rtept><rtept lat="50.166495" lon="18.559202"><ele>266.0</ele></rtept><rtept lat="50.166472" lon="18.559213"><ele>266.0</ele></rtept><rtept lat="50.166455" lon="18.559225"><ele>265.8</ele></rtept><rtept lat="50.166435" lon="18.55924"><ele>265.8</ele></rtept><rtept lat="50.166412" lon="18.559252"><ele>265.8</ele></rtept><rtept lat="50.16639" lon="18.559262"><ele>265.6</ele></rtept><rtept lat="50.166367" lon="18.559272"><ele>265.6</ele></rtept><rtept lat="50.166347" lon="18.55928"><ele>265.4</ele></rtept><rtept lat="50.166325" lon="18.559295"><ele>265.4</ele></rtept><rtept lat="50.1663" lon="18.559305"><ele>265.2</ele></rtept><rtept lat="50.166277" lon="18.559312"><ele>265.0</ele></rtept><rtept lat="50.16626" lon="18.559322"><ele>264.8</ele></rtept><rtept lat="50.166237" lon="18.559337"><ele>264.6</ele></rtept><rtept lat="50.166212" lon="18.559352"><ele>264.4</ele></rtept><rtept lat="50.16619" lon="18.559367"><ele>264.2</ele></rtept><rtept lat="50.166172" lon="18.559377"><ele>264.2</ele></rtept><rtept lat="50.166147" lon="18.559395"><ele>264.4</ele></rtept><rtept lat="50.166127" lon="18.5594"><ele>264.2</ele></rtept><rtept lat="50.166105" lon="18.559405"><ele>264.0</ele></rtept><rtept lat="50.166082" lon="18.559412"><ele>263.8</ele></rtept><rtept lat="50.166062" lon="18.559422"><ele>263.6</ele></rtept><rtept lat="50.16604" lon="18.559432"><ele>263.4</ele></rtept><rtept lat="50.16602" lon="18.559442"><ele>263.4</ele></rtept><rtept lat="50.166002" lon="18.559442"><ele>263.2</ele></rtept><rtept lat="50.165992" lon="18.559452"><ele>263.0</ele></rtept><rtept lat="50.165987" lon="18.559487"><ele>262.6</ele></rtept></rte></gpx>