<?xml version="1.0" encoding="UTF-8"?>
<gpx version="1.1" creator="zatyrani.pl" xmlns="http://www.topografix.com/GPX/1/1">
  <trk>
    <name>Wilczy Półmaraton - Nordic Walking</name>
    <trkseg>
      <trkpt lat="50.187365" lon="18.59477"><ele>253.6</ele></trkpt>
      <trkpt lat="50.187365" lon="18.59477"><ele>253.6</ele></trkpt>
      <trkpt lat="50.187347" lon="18.594732"><ele>253.6</ele></trkpt>
      <trkpt lat="50.187327" lon="18.594693"><ele>253.6</ele></trkpt>
      <trkpt lat="50.187305" lon="18.594653"><ele>253.6</ele></trkpt>
      <trkpt lat="50.187282" lon="18.594615"><ele>253.6</ele></trkpt>
      <trkpt lat="50.187263" lon="18.594583"><ele>253.6</ele></trkpt>
      <trkpt lat="50.18724" lon="18.594548"><ele>253.6</ele></trkpt>
      <trkpt lat="50.187225" lon="18.594518"><ele>253.6</ele></trkpt>
      <trkpt lat="50.187208" lon="18.594485"><ele>253.6</ele></trkpt>
      <trkpt lat="50.187193" lon="18.594458"><ele>253.6</ele></trkpt>
      <trkpt lat="50.18717" lon="18.594437"><ele>253.6</ele></trkpt>
      <trkpt lat="50.187152" lon="18.594413"><ele>253.6</ele></trkpt>
      <trkpt lat="50.187132" lon="18.594385"><ele>253.6</ele></trkpt>
      <trkpt lat="50.187113" lon="18.594355"><ele>253.6</ele></trkpt>
      <trkpt lat="50.187093" lon="18.594323"><ele>253.6</ele></trkpt>
      <trkpt lat="50.187075" lon="18.594298"><ele>253.6</ele></trkpt>
      <trkpt lat="50.187055" lon="18.594267"><ele>253.6</ele></trkpt>
      <trkpt lat="50.187042" lon="18.59423"><ele>253.6</ele></trkpt>
      <trkpt lat="50.187023" lon="18.594192"><ele>253.6</ele></trkpt>
      <trkpt lat="50.187003" lon="18.594165"><ele>253.6</ele></trkpt>
      <trkpt lat="50.186982" lon="18.594138"><ele>253.6</ele></trkpt>
      <trkpt lat="50.186957" lon="18.594108"><ele>253.6</ele></trkpt>
      <trkpt lat="50.186943" lon="18.59408"><ele>253.6</ele></trkpt>
      <trkpt lat="50.186923" lon="18.59405"><ele>253.8</ele></trkpt>
      <trkpt lat="50.186905" lon="18.594028"><ele>253.8</ele></trkpt>
      <trkpt lat="50.186882" lon="18.593998"><ele>253.8</ele></trkpt>
      <trkpt lat="50.186863" lon="18.593967"><ele>253.8</ele></trkpt>
      <trkpt lat="50.186847" lon="18.593938"><ele>253.8</ele></trkpt>
      <trkpt lat="50.186832" lon="18.593907"><ele>253.8</ele></trkpt>
      <trkpt lat="50.186812" lon="18.593878"><ele>253.8</ele></trkpt>
      <trkpt lat="50.186797" lon="18.593848"><ele>253.8</ele></trkpt>
      <trkpt lat="50.186777" lon="18.593822"><ele>253.8</ele></trkpt>
      <trkpt lat="50.186763" lon="18.593795"><ele>253.8</ele></trkpt>
      <trkpt lat="50.186745" lon="18.593765"><ele>254.0</ele></trkpt>
      <trkpt lat="50.186725" lon="18.593735"><ele>254.0</ele></trkpt>
      <trkpt lat="50.18671" lon="18.593708"><ele>254.0</ele></trkpt>
      <trkpt lat="50.186693" lon="18.593677"><ele>254.0</ele></trkpt>
      <trkpt lat="50.186675" lon="18.59365"><ele>254.0</ele></trkpt>
      <trkpt lat="50.186655" lon="18.593622"><ele>254.0</ele></trkpt>
      <trkpt lat="50.186642" lon="18.593595"><ele>254.0</ele></trkpt>
      <trkpt lat="50.186623" lon="18.593565"><ele>254.0</ele></trkpt>
      <trkpt lat="50.186603" lon="18.593535"><ele>254.0</ele></trkpt>
      <trkpt lat="50.186588" lon="18.593507"><ele>254.0</ele></trkpt>
      <trkpt lat="50.186568" lon="18.59348"><ele>254.0</ele></trkpt>
      <trkpt lat="50.18655" lon="18.593453"><ele>254.0</ele></trkpt>
      <trkpt lat="50.186533" lon="18.593425"><ele>254.0</ele></trkpt>
      <trkpt lat="50.186515" lon="18.593398"><ele>254.0</ele></trkpt>
      <trkpt lat="50.186495" lon="18.593367"><ele>254.0</ele></trkpt>
      <trkpt lat="50.186477" lon="18.593337"><ele>254.0</ele></trkpt>
      <trkpt lat="50.186457" lon="18.593308"><ele>254.0</ele></trkpt>
      <trkpt lat="50.186443" lon="18.59328"><ele>254.0</ele></trkpt>
      <trkpt lat="50.186425" lon="18.593248"><ele>254.0</ele></trkpt>
      <trkpt lat="50.186405" lon="18.593223"><ele>254.0</ele></trkpt>
      <trkpt lat="50.18638" lon="18.593195"><ele>254.0</ele></trkpt>
      <trkpt lat="50.186363" lon="18.593165"><ele>253.8</ele></trkpt>
      <trkpt lat="50.186348" lon="18.593135"><ele>253.8</ele></trkpt>
      <trkpt lat="50.186325" lon="18.593108"><ele>253.8</ele></trkpt>
      <trkpt lat="50.186307" lon="18.593087"><ele>253.8</ele></trkpt>
      <trkpt lat="50.18628" lon="18.593068"><ele>253.8</ele></trkpt>
      <trkpt lat="50.186265" lon="18.593053"><ele>253.8</ele></trkpt>
      <trkpt lat="50.18624" lon="18.593038"><ele>253.8</ele></trkpt>
      <trkpt lat="50.18622" lon="18.593023"><ele>253.6</ele></trkpt>
      <trkpt lat="50.186198" lon="18.593007"><ele>253.6</ele></trkpt>
      <trkpt lat="50.186175" lon="18.59299"><ele>253.6</ele></trkpt>
      <trkpt lat="50.186153" lon="18.592977"><ele>253.6</ele></trkpt>
      <trkpt lat="50.18613" lon="18.592963"><ele>253.6</ele></trkpt>
      <trkpt lat="50.186108" lon="18.59295"><ele>253.6</ele></trkpt>
      <trkpt lat="50.186088" lon="18.592938"><ele>253.4</ele></trkpt>
      <trkpt lat="50.186067" lon="18.592928"><ele>253.4</ele></trkpt>
      <trkpt lat="50.18605" lon="18.59291"><ele>253.4</ele></trkpt>
      <trkpt lat="50.186015" lon="18.592888"><ele>253.2</ele></trkpt>
      <trkpt lat="50.185997" lon="18.592872"><ele>253.2</ele></trkpt>
      <trkpt lat="50.185977" lon="18.592852"><ele>253.2</ele></trkpt>
      <trkpt lat="50.185958" lon="18.592835"><ele>253.2</ele></trkpt>
      <trkpt lat="50.185938" lon="18.592812"><ele>253.2</ele></trkpt>
      <trkpt lat="50.18592" lon="18.592792"><ele>253.2</ele></trkpt>
      <trkpt lat="50.185903" lon="18.592772"><ele>253.0</ele></trkpt>
      <trkpt lat="50.18589" lon="18.59275"><ele>253.0</ele></trkpt>
      <trkpt lat="50.185872" lon="18.592728"><ele>253.0</ele></trkpt>
      <trkpt lat="50.185852" lon="18.59271"><ele>253.0</ele></trkpt>
      <trkpt lat="50.185837" lon="18.592687"><ele>253.0</ele></trkpt>
      <trkpt lat="50.185817" lon="18.592662"><ele>253.0</ele></trkpt>
      <trkpt lat="50.185798" lon="18.59264"><ele>252.8</ele></trkpt>
      <trkpt lat="50.185782" lon="18.592613"><ele>252.8</ele></trkpt>
      <trkpt lat="50.185768" lon="18.59259"><ele>252.8</ele></trkpt>
      <trkpt lat="50.18575" lon="18.592568"><ele>252.8</ele></trkpt>
      <trkpt lat="50.185733" lon="18.592548"><ele>252.8</ele></trkpt>
      <trkpt lat="50.185718" lon="18.592528"><ele>252.8</ele></trkpt>
      <trkpt lat="50.185702" lon="18.592502"><ele>252.8</ele></trkpt>
      <trkpt lat="50.18567" lon="18.59246"><ele>252.6</ele></trkpt>
      <trkpt lat="50.18565" lon="18.592432"><ele>252.6</ele></trkpt>
      <trkpt lat="50.185632" lon="18.592403"><ele>252.6</ele></trkpt>
      <trkpt lat="50.185612" lon="18.592382"><ele>252.6</ele></trkpt>
      <trkpt lat="50.185593" lon="18.592358"><ele>252.6</ele></trkpt>
      <trkpt lat="50.185577" lon="18.59233"><ele>252.6</ele></trkpt>
      <trkpt lat="50.185563" lon="18.592308"><ele>252.6</ele></trkpt>
      <trkpt lat="50.185545" lon="18.59228"><ele>252.6</ele></trkpt>
      <trkpt lat="50.185532" lon="18.592255"><ele>252.4</ele></trkpt>
      <trkpt lat="50.185517" lon="18.592233"><ele>252.4</ele></trkpt>
      <trkpt lat="50.185497" lon="18.592202"><ele>252.4</ele></trkpt>
      <trkpt lat="50.185483" lon="18.592182"><ele>252.4</ele></trkpt>
      <trkpt lat="50.185472" lon="18.59216"><ele>252.4</ele></trkpt>
      <trkpt lat="50.185455" lon="18.59214"><ele>252.4</ele></trkpt>
      <trkpt lat="50.185437" lon="18.592113"><ele>252.4</ele></trkpt>
      <trkpt lat="50.185417" lon="18.592078"><ele>252.4</ele></trkpt>
      <trkpt lat="50.185398" lon="18.592052"><ele>252.2</ele></trkpt>
      <trkpt lat="50.185385" lon="18.592022"><ele>252.2</ele></trkpt>
      <trkpt lat="50.185365" lon="18.592"><ele>252.2</ele></trkpt>
      <trkpt lat="50.185347" lon="18.591975"><ele>252.2</ele></trkpt>
      <trkpt lat="50.185315" lon="18.591935"><ele>252.2</ele></trkpt>
      <trkpt lat="50.185298" lon="18.591913"><ele>252.2</ele></trkpt>
      <trkpt lat="50.18528" lon="18.591885"><ele>252.2</ele></trkpt>
      <trkpt lat="50.185263" lon="18.591857"><ele>252.2</ele></trkpt>
      <trkpt lat="50.185243" lon="18.591835"><ele>252.2</ele></trkpt>
      <trkpt lat="50.185228" lon="18.591807"><ele>252.2</ele></trkpt>
      <trkpt lat="50.1852" lon="18.591762"><ele>252.0</ele></trkpt>
      <trkpt lat="50.185187" lon="18.591738"><ele>252.2</ele></trkpt>
      <trkpt lat="50.185173" lon="18.591717"><ele>252.2</ele></trkpt>
      <trkpt lat="50.185155" lon="18.59169"><ele>252.2</ele></trkpt>
      <trkpt lat="50.185135" lon="18.591668"><ele>252.2</ele></trkpt>
      <trkpt lat="50.185117" lon="18.591643"><ele>252.2</ele></trkpt>
      <trkpt lat="50.185097" lon="18.591617"><ele>252.2</ele></trkpt>
      <trkpt lat="50.18508" lon="18.591585"><ele>252.2</ele></trkpt>
      <trkpt lat="50.185062" lon="18.591557"><ele>252.2</ele></trkpt>
      <trkpt lat="50.185045" lon="18.591528"><ele>252.2</ele></trkpt>
      <trkpt lat="50.18503" lon="18.591498"><ele>252.2</ele></trkpt>
      <trkpt lat="50.185003" lon="18.591455"><ele>252.4</ele></trkpt>
      <trkpt lat="50.184998" lon="18.591428"><ele>252.4</ele></trkpt>
      <trkpt lat="50.184982" lon="18.591405"><ele>252.4</ele></trkpt>
      <trkpt lat="50.184965" lon="18.59137"><ele>252.4</ele></trkpt>
      <trkpt lat="50.18495" lon="18.591348"><ele>252.6</ele></trkpt>
      <trkpt lat="50.184937" lon="18.59132"><ele>252.6</ele></trkpt>
      <trkpt lat="50.184908" lon="18.591273"><ele>252.6</ele></trkpt>
      <trkpt lat="50.184895" lon="18.591247"><ele>252.6</ele></trkpt>
      <trkpt lat="50.184877" lon="18.591222"><ele>252.6</ele></trkpt>
      <trkpt lat="50.18486" lon="18.591193"><ele>252.8</ele></trkpt>
      <trkpt lat="50.184832" lon="18.591152"><ele>252.8</ele></trkpt>
      <trkpt lat="50.184818" lon="18.591128"><ele>252.8</ele></trkpt>
      <trkpt lat="50.184802" lon="18.591107"><ele>252.8</ele></trkpt>
      <trkpt lat="50.184783" lon="18.59108"><ele>253.0</ele></trkpt>
      <trkpt lat="50.184763" lon="18.591053"><ele>253.0</ele></trkpt>
      <trkpt lat="50.184748" lon="18.591025"><ele>253.0</ele></trkpt>
      <trkpt lat="50.184732" lon="18.591008"><ele>253.0</ele></trkpt>
      <trkpt lat="50.184717" lon="18.590982"><ele>253.0</ele></trkpt>
      <trkpt lat="50.1847" lon="18.590958"><ele>253.2</ele></trkpt>
      <trkpt lat="50.184683" lon="18.590938"><ele>253.2</ele></trkpt>
      <trkpt lat="50.184668" lon="18.590903"><ele>253.2</ele></trkpt>
      <trkpt lat="50.184652" lon="18.590885"><ele>253.2</ele></trkpt>
      <trkpt lat="50.18464" lon="18.59086"><ele>253.2</ele></trkpt>
      <trkpt lat="50.184623" lon="18.590833"><ele>253.4</ele></trkpt>
      <trkpt lat="50.184607" lon="18.590808"><ele>253.4</ele></trkpt>
      <trkpt lat="50.184585" lon="18.59078"><ele>253.4</ele></trkpt>
      <trkpt lat="50.184568" lon="18.59076"><ele>253.6</ele></trkpt>
      <trkpt lat="50.184558" lon="18.590727"><ele>253.6</ele></trkpt>
      <trkpt lat="50.184543" lon="18.590705"><ele>253.6</ele></trkpt>
      <trkpt lat="50.184527" lon="18.590677"><ele>253.6</ele></trkpt>
      <trkpt lat="50.184508" lon="18.59064"><ele>253.8</ele></trkpt>
      <trkpt lat="50.184488" lon="18.590613"><ele>253.8</ele></trkpt>
      <trkpt lat="50.184473" lon="18.590587"><ele>253.8</ele></trkpt>
      <trkpt lat="50.18446" lon="18.590565"><ele>254.0</ele></trkpt>
      <trkpt lat="50.18444" lon="18.590542"><ele>254.0</ele></trkpt>
      <trkpt lat="50.184425" lon="18.590513"><ele>254.0</ele></trkpt>
      <trkpt lat="50.184405" lon="18.590492"><ele>254.2</ele></trkpt>
      <trkpt lat="50.184387" lon="18.590462"><ele>254.2</ele></trkpt>
      <trkpt lat="50.18437" lon="18.590442"><ele>254.2</ele></trkpt>
      <trkpt lat="50.184355" lon="18.590417"><ele>254.4</ele></trkpt>
      <trkpt lat="50.184338" lon="18.590387"><ele>254.4</ele></trkpt>
      <trkpt lat="50.184322" lon="18.590362"><ele>254.6</ele></trkpt>
      <trkpt lat="50.184307" lon="18.590332"><ele>254.6</ele></trkpt>
      <trkpt lat="50.18429" lon="18.59031"><ele>254.6</ele></trkpt>
      <trkpt lat="50.184275" lon="18.590287"><ele>254.8</ele></trkpt>
      <trkpt lat="50.184248" lon="18.59024"><ele>254.8</ele></trkpt>
      <trkpt lat="50.18423" lon="18.590208"><ele>254.8</ele></trkpt>
      <trkpt lat="50.184213" lon="18.59019"><ele>255.0</ele></trkpt>
      <trkpt lat="50.184195" lon="18.590163"><ele>255.0</ele></trkpt>
      <trkpt lat="50.184182" lon="18.590137"><ele>255.0</ele></trkpt>
      <trkpt lat="50.184165" lon="18.590115"><ele>255.2</ele></trkpt>
      <trkpt lat="50.184147" lon="18.590085"><ele>255.2</ele></trkpt>
      <trkpt lat="50.184127" lon="18.590062"><ele>255.2</ele></trkpt>
      <trkpt lat="50.184108" lon="18.590037"><ele>255.2</ele></trkpt>
      <trkpt lat="50.184092" lon="18.590018"><ele>255.4</ele></trkpt>
      <trkpt lat="50.184077" lon="18.589995"><ele>255.4</ele></trkpt>
      <trkpt lat="50.184067" lon="18.589967"><ele>255.4</ele></trkpt>
      <trkpt lat="50.18405" lon="18.589942"><ele>255.4</ele></trkpt>
      <trkpt lat="50.184032" lon="18.589918"><ele>255.6</ele></trkpt>
      <trkpt lat="50.184015" lon="18.589898"><ele>255.6</ele></trkpt>
      <trkpt lat="50.183997" lon="18.589872"><ele>255.6</ele></trkpt>
      <trkpt lat="50.183963" lon="18.589823"><ele>255.8</ele></trkpt>
      <trkpt lat="50.183948" lon="18.589798"><ele>255.8</ele></trkpt>
      <trkpt lat="50.183932" lon="18.58977"><ele>255.8</ele></trkpt>
      <trkpt lat="50.183917" lon="18.589743"><ele>256.0</ele></trkpt>
      <trkpt lat="50.183893" lon="18.589708"><ele>256.0</ele></trkpt>
      <trkpt lat="50.183883" lon="18.589683"><ele>256.2</ele></trkpt>
      <trkpt lat="50.183868" lon="18.589668"><ele>256.2</ele></trkpt>
      <trkpt lat="50.183848" lon="18.589642"><ele>256.2</ele></trkpt>
      <trkpt lat="50.183837" lon="18.589622"><ele>256.2</ele></trkpt>
      <trkpt lat="50.183823" lon="18.589593"><ele>256.4</ele></trkpt>
      <trkpt lat="50.18381" lon="18.589568"><ele>256.4</ele></trkpt>
      <trkpt lat="50.183795" lon="18.589543"><ele>256.4</ele></trkpt>
      <trkpt lat="50.183778" lon="18.589515"><ele>256.6</ele></trkpt>
      <trkpt lat="50.183765" lon="18.589493"><ele>256.6</ele></trkpt>
      <trkpt lat="50.18375" lon="18.589465"><ele>256.6</ele></trkpt>
      <trkpt lat="50.183737" lon="18.589443"><ele>256.6</ele></trkpt>
      <trkpt lat="50.183723" lon="18.589415"><ele>256.8</ele></trkpt>
      <trkpt lat="50.183712" lon="18.589395"><ele>256.8</ele></trkpt>
      <trkpt lat="50.183695" lon="18.589373"><ele>256.8</ele></trkpt>
      <trkpt lat="50.183677" lon="18.589345"><ele>257.0</ele></trkpt>
      <trkpt lat="50.183663" lon="18.589323"><ele>257.0</ele></trkpt>
      <trkpt lat="50.183643" lon="18.589295"><ele>257.0</ele></trkpt>
      <trkpt lat="50.183628" lon="18.58927"><ele>257.2</ele></trkpt>
      <trkpt lat="50.183608" lon="18.589238"><ele>257.2</ele></trkpt>
      <trkpt lat="50.18358" lon="18.589195"><ele>257.4</ele></trkpt>
      <trkpt lat="50.183563" lon="18.58917"><ele>257.4</ele></trkpt>
      <trkpt lat="50.183552" lon="18.589147"><ele>257.4</ele></trkpt>
      <trkpt lat="50.183532" lon="18.58912"><ele>257.6</ele></trkpt>
      <trkpt lat="50.183517" lon="18.589102"><ele>257.6</ele></trkpt>
      <trkpt lat="50.183497" lon="18.589072"><ele>257.8</ele></trkpt>
      <trkpt lat="50.18348" lon="18.589045"><ele>257.8</ele></trkpt>
      <trkpt lat="50.183465" lon="18.589028"><ele>257.8</ele></trkpt>
      <trkpt lat="50.183448" lon="18.589002"><ele>257.8</ele></trkpt>
      <trkpt lat="50.183433" lon="18.588983"><ele>258.0</ele></trkpt>
      <trkpt lat="50.183417" lon="18.588957"><ele>258.0</ele></trkpt>
      <trkpt lat="50.1834" lon="18.588935"><ele>258.2</ele></trkpt>
      <trkpt lat="50.183382" lon="18.588908"><ele>258.2</ele></trkpt>
      <trkpt lat="50.183365" lon="18.588882"><ele>258.2</ele></trkpt>
      <trkpt lat="50.18335" lon="18.58886"><ele>258.2</ele></trkpt>
      <trkpt lat="50.18333" lon="18.588833"><ele>258.4</ele></trkpt>
      <trkpt lat="50.183298" lon="18.588793"><ele>258.4</ele></trkpt>
      <trkpt lat="50.183282" lon="18.58876"><ele>258.6</ele></trkpt>
      <trkpt lat="50.18327" lon="18.588737"><ele>258.6</ele></trkpt>
      <trkpt lat="50.183253" lon="18.588707"><ele>258.6</ele></trkpt>
      <trkpt lat="50.183238" lon="18.58868"><ele>258.8</ele></trkpt>
      <trkpt lat="50.183218" lon="18.588657"><ele>258.8</ele></trkpt>
      <trkpt lat="50.183202" lon="18.58863"><ele>258.8</ele></trkpt>
      <trkpt lat="50.183173" lon="18.588582"><ele>259.0</ele></trkpt>
      <trkpt lat="50.183155" lon="18.588557"><ele>259.0</ele></trkpt>
      <trkpt lat="50.183135" lon="18.58853"><ele>259.2</ele></trkpt>
      <trkpt lat="50.183117" lon="18.588508"><ele>259.2</ele></trkpt>
      <trkpt lat="50.18309" lon="18.58846"><ele>259.4</ele></trkpt>
      <trkpt lat="50.183075" lon="18.588432"><ele>259.4</ele></trkpt>
      <trkpt lat="50.183058" lon="18.588405"><ele>259.4</ele></trkpt>
      <trkpt lat="50.183038" lon="18.588373"><ele>259.6</ele></trkpt>
      <trkpt lat="50.183023" lon="18.588353"><ele>259.6</ele></trkpt>
      <trkpt lat="50.18301" lon="18.588327"><ele>259.6</ele></trkpt>
      <trkpt lat="50.182995" lon="18.588302"><ele>259.6</ele></trkpt>
      <trkpt lat="50.182978" lon="18.588283"><ele>259.8</ele></trkpt>
      <trkpt lat="50.182962" lon="18.588257"><ele>259.8</ele></trkpt>
      <trkpt lat="50.182937" lon="18.58821"><ele>260.0</ele></trkpt>
      <trkpt lat="50.182923" lon="18.58818"><ele>260.0</ele></trkpt>
      <trkpt lat="50.182905" lon="18.588155"><ele>260.0</ele></trkpt>
      <trkpt lat="50.182892" lon="18.588125"><ele>260.2</ele></trkpt>
      <trkpt lat="50.182877" lon="18.588103"><ele>260.2</ele></trkpt>
      <trkpt lat="50.182863" lon="18.58808"><ele>260.2</ele></trkpt>
      <trkpt lat="50.18285" lon="18.588052"><ele>260.4</ele></trkpt>
      <trkpt lat="50.182835" lon="18.588032"><ele>260.4</ele></trkpt>
      <trkpt lat="50.182818" lon="18.588003"><ele>260.4</ele></trkpt>
      <trkpt lat="50.182802" lon="18.587975"><ele>260.6</ele></trkpt>
      <trkpt lat="50.182783" lon="18.587952"><ele>260.6</ele></trkpt>
      <trkpt lat="50.18277" lon="18.587922"><ele>260.6</ele></trkpt>
      <trkpt lat="50.182755" lon="18.587902"><ele>260.6</ele></trkpt>
      <trkpt lat="50.182738" lon="18.587875"><ele>260.8</ele></trkpt>
      <trkpt lat="50.18272" lon="18.587852"><ele>260.8</ele></trkpt>
      <trkpt lat="50.1827" lon="18.587825"><ele>260.8</ele></trkpt>
      <trkpt lat="50.182683" lon="18.587798"><ele>261.0</ele></trkpt>
      <trkpt lat="50.182672" lon="18.587772"><ele>261.0</ele></trkpt>
      <trkpt lat="50.182652" lon="18.587747"><ele>261.2</ele></trkpt>
      <trkpt lat="50.182627" lon="18.587718"><ele>261.2</ele></trkpt>
      <trkpt lat="50.182613" lon="18.587693"><ele>261.4</ele></trkpt>
      <trkpt lat="50.182598" lon="18.587665"><ele>261.4</ele></trkpt>
      <trkpt lat="50.182578" lon="18.587635"><ele>261.4</ele></trkpt>
      <trkpt lat="50.18256" lon="18.587607"><ele>261.4</ele></trkpt>
      <trkpt lat="50.18254" lon="18.587578"><ele>261.6</ele></trkpt>
      <trkpt lat="50.182523" lon="18.58755"><ele>261.6</ele></trkpt>
      <trkpt lat="50.182505" lon="18.587522"><ele>261.6</ele></trkpt>
      <trkpt lat="50.182492" lon="18.587495"><ele>261.6</ele></trkpt>
      <trkpt lat="50.182473" lon="18.587468"><ele>261.6</ele></trkpt>
      <trkpt lat="50.182457" lon="18.58744"><ele>261.8</ele></trkpt>
      <trkpt lat="50.18244" lon="18.587415"><ele>261.8</ele></trkpt>
      <trkpt lat="50.182425" lon="18.58739"><ele>261.8</ele></trkpt>
      <trkpt lat="50.182405" lon="18.587363"><ele>261.8</ele></trkpt>
      <trkpt lat="50.182393" lon="18.587338"><ele>261.8</ele></trkpt>
      <trkpt lat="50.182373" lon="18.587312"><ele>262.0</ele></trkpt>
      <trkpt lat="50.182358" lon="18.587287"><ele>262.0</ele></trkpt>
      <trkpt lat="50.182342" lon="18.58726"><ele>262.0</ele></trkpt>
      <trkpt lat="50.182325" lon="18.587235"><ele>262.0</ele></trkpt>
      <trkpt lat="50.182307" lon="18.58721"><ele>262.0</ele></trkpt>
      <trkpt lat="50.182297" lon="18.587187"><ele>262.2</ele></trkpt>
      <trkpt lat="50.18228" lon="18.58716"><ele>262.2</ele></trkpt>
      <trkpt lat="50.182265" lon="18.587132"><ele>262.2</ele></trkpt>
      <trkpt lat="50.182248" lon="18.587108"><ele>262.2</ele></trkpt>
      <trkpt lat="50.182237" lon="18.58708"><ele>262.2</ele></trkpt>
      <trkpt lat="50.18222" lon="18.587052"><ele>262.2</ele></trkpt>
      <trkpt lat="50.182203" lon="18.587027"><ele>262.2</ele></trkpt>
      <trkpt lat="50.182188" lon="18.587"><ele>262.4</ele></trkpt>
      <trkpt lat="50.182175" lon="18.586973"><ele>262.4</ele></trkpt>
      <trkpt lat="50.182157" lon="18.586957"><ele>262.4</ele></trkpt>
      <trkpt lat="50.182137" lon="18.58693"><ele>262.4</ele></trkpt>
      <trkpt lat="50.182123" lon="18.586907"><ele>262.4</ele></trkpt>
      <trkpt lat="50.182105" lon="18.586883"><ele>262.4</ele></trkpt>
      <trkpt lat="50.182085" lon="18.586862"><ele>262.4</ele></trkpt>
      <trkpt lat="50.18207" lon="18.586838"><ele>262.4</ele></trkpt>
      <trkpt lat="50.182057" lon="18.586815"><ele>262.6</ele></trkpt>
      <trkpt lat="50.18204" lon="18.586792"><ele>262.6</ele></trkpt>
      <trkpt lat="50.182022" lon="18.586765"><ele>262.6</ele></trkpt>
      <trkpt lat="50.182005" lon="18.586742"><ele>262.6</ele></trkpt>
      <trkpt lat="50.18199" lon="18.58672"><ele>262.6</ele></trkpt>
      <trkpt lat="50.181977" lon="18.586698"><ele>262.6</ele></trkpt>
      <trkpt lat="50.181958" lon="18.586668"><ele>262.6</ele></trkpt>
      <trkpt lat="50.181942" lon="18.586638"><ele>262.6</ele></trkpt>
      <trkpt lat="50.181922" lon="18.586605"><ele>262.8</ele></trkpt>
      <trkpt lat="50.181903" lon="18.586575"><ele>262.8</ele></trkpt>
      <trkpt lat="50.181883" lon="18.586543"><ele>262.8</ele></trkpt>
      <trkpt lat="50.181865" lon="18.58651"><ele>262.8</ele></trkpt>
      <trkpt lat="50.181845" lon="18.58648"><ele>262.8</ele></trkpt>
      <trkpt lat="50.181827" lon="18.586452"><ele>262.8</ele></trkpt>
      <trkpt lat="50.18181" lon="18.586422"><ele>262.8</ele></trkpt>
      <trkpt lat="50.181792" lon="18.586397"><ele>262.8</ele></trkpt>
      <trkpt lat="50.181778" lon="18.58637"><ele>262.8</ele></trkpt>
      <trkpt lat="50.181758" lon="18.586343"><ele>262.8</ele></trkpt>
      <trkpt lat="50.181743" lon="18.586317"><ele>262.8</ele></trkpt>
      <trkpt lat="50.181723" lon="18.586292"><ele>262.8</ele></trkpt>
      <trkpt lat="50.181708" lon="18.586267"><ele>262.8</ele></trkpt>
      <trkpt lat="50.181692" lon="18.58624"><ele>263.0</ele></trkpt>
      <trkpt lat="50.181673" lon="18.586215"><ele>263.0</ele></trkpt>
      <trkpt lat="50.18166" lon="18.58619"><ele>263.0</ele></trkpt>
      <trkpt lat="50.18164" lon="18.586163"><ele>263.0</ele></trkpt>
      <trkpt lat="50.181622" lon="18.586137"><ele>263.0</ele></trkpt>
      <trkpt lat="50.181602" lon="18.58611"><ele>263.0</ele></trkpt>
      <trkpt lat="50.181587" lon="18.586082"><ele>263.0</ele></trkpt>
      <trkpt lat="50.181567" lon="18.586055"><ele>263.0</ele></trkpt>
      <trkpt lat="50.181552" lon="18.586027"><ele>263.0</ele></trkpt>
      <trkpt lat="50.181532" lon="18.585997"><ele>263.0</ele></trkpt>
      <trkpt lat="50.181513" lon="18.585967"><ele>263.0</ele></trkpt>
      <trkpt lat="50.1815" lon="18.585937"><ele>263.0</ele></trkpt>
      <trkpt lat="50.18148" lon="18.585907"><ele>263.0</ele></trkpt>
      <trkpt lat="50.181462" lon="18.585878"><ele>263.0</ele></trkpt>
      <trkpt lat="50.181445" lon="18.585848"><ele>263.0</ele></trkpt>
      <trkpt lat="50.181423" lon="18.585825"><ele>263.0</ele></trkpt>
      <trkpt lat="50.181407" lon="18.585798"><ele>262.8</ele></trkpt>
      <trkpt lat="50.181388" lon="18.585772"><ele>262.8</ele></trkpt>
      <trkpt lat="50.181368" lon="18.585745"><ele>262.8</ele></trkpt>
      <trkpt lat="50.181353" lon="18.585717"><ele>262.8</ele></trkpt>
      <trkpt lat="50.181333" lon="18.585688"><ele>262.8</ele></trkpt>
      <trkpt lat="50.18132" lon="18.585658"><ele>262.8</ele></trkpt>
      <trkpt lat="50.181302" lon="18.585633"><ele>262.8</ele></trkpt>
      <trkpt lat="50.181285" lon="18.585607"><ele>262.8</ele></trkpt>
      <trkpt lat="50.181267" lon="18.585578"><ele>262.8</ele></trkpt>
      <trkpt lat="50.18125" lon="18.585553"><ele>262.8</ele></trkpt>
      <trkpt lat="50.181232" lon="18.585522"><ele>262.8</ele></trkpt>
      <trkpt lat="50.181212" lon="18.585497"><ele>262.6</ele></trkpt>
      <trkpt lat="50.181197" lon="18.58547"><ele>262.6</ele></trkpt>
      <trkpt lat="50.181173" lon="18.585438"><ele>262.6</ele></trkpt>
      <trkpt lat="50.181158" lon="18.585412"><ele>262.6</ele></trkpt>
      <trkpt lat="50.181142" lon="18.585385"><ele>262.6</ele></trkpt>
      <trkpt lat="50.181122" lon="18.58536"><ele>262.6</ele></trkpt>
      <trkpt lat="50.181107" lon="18.585333"><ele>262.6</ele></trkpt>
      <trkpt lat="50.18109" lon="18.585305"><ele>262.6</ele></trkpt>
      <trkpt lat="50.181072" lon="18.58528"><ele>262.4</ele></trkpt>
      <trkpt lat="50.181052" lon="18.585252"><ele>262.4</ele></trkpt>
      <trkpt lat="50.181042" lon="18.585223"><ele>262.4</ele></trkpt>
      <trkpt lat="50.181023" lon="18.585197"><ele>262.4</ele></trkpt>
      <trkpt lat="50.181007" lon="18.585168"><ele>262.4</ele></trkpt>
      <trkpt lat="50.180992" lon="18.585142"><ele>262.4</ele></trkpt>
      <trkpt lat="50.180975" lon="18.585115"><ele>262.4</ele></trkpt>
      <trkpt lat="50.180957" lon="18.58509"><ele>262.4</ele></trkpt>
      <trkpt lat="50.180937" lon="18.585065"><ele>262.2</ele></trkpt>
      <trkpt lat="50.180923" lon="18.585037"><ele>262.2</ele></trkpt>
      <trkpt lat="50.180905" lon="18.585012"><ele>262.2</ele></trkpt>
      <trkpt lat="50.180888" lon="18.584982"><ele>262.2</ele></trkpt>
      <trkpt lat="50.18087" lon="18.584955"><ele>262.2</ele></trkpt>
      <trkpt lat="50.180853" lon="18.584925"><ele>262.2</ele></trkpt>
      <trkpt lat="50.180835" lon="18.584897"><ele>262.2</ele></trkpt>
      <trkpt lat="50.180815" lon="18.584873"><ele>262.2</ele></trkpt>
      <trkpt lat="50.1808" lon="18.584845"><ele>262.0</ele></trkpt>
      <trkpt lat="50.180777" lon="18.584818"><ele>262.0</ele></trkpt>
      <trkpt lat="50.180763" lon="18.584793"><ele>262.0</ele></trkpt>
      <trkpt lat="50.180748" lon="18.584763"><ele>262.0</ele></trkpt>
      <trkpt lat="50.180728" lon="18.584738"><ele>262.0</ele></trkpt>
      <trkpt lat="50.18071" lon="18.584713"><ele>262.0</ele></trkpt>
      <trkpt lat="50.180693" lon="18.584687"><ele>262.0</ele></trkpt>
      <trkpt lat="50.180675" lon="18.58466"><ele>262.0</ele></trkpt>
      <trkpt lat="50.180655" lon="18.584637"><ele>261.8</ele></trkpt>
      <trkpt lat="50.180633" lon="18.584613"><ele>261.8</ele></trkpt>
      <trkpt lat="50.180613" lon="18.584588"><ele>261.8</ele></trkpt>
      <trkpt lat="50.180598" lon="18.584563"><ele>261.8</ele></trkpt>
      <trkpt lat="50.180578" lon="18.584535"><ele>261.8</ele></trkpt>
      <trkpt lat="50.180565" lon="18.584507"><ele>261.8</ele></trkpt>
      <trkpt lat="50.180547" lon="18.584478"><ele>261.8</ele></trkpt>
      <trkpt lat="50.18053" lon="18.58445"><ele>261.8</ele></trkpt>
      <trkpt lat="50.180512" lon="18.584427"><ele>261.8</ele></trkpt>
      <trkpt lat="50.180492" lon="18.5844"><ele>261.8</ele></trkpt>
      <trkpt lat="50.180477" lon="18.584368"><ele>261.6</ele></trkpt>
      <trkpt lat="50.18046" lon="18.584345"><ele>261.6</ele></trkpt>
      <trkpt lat="50.180438" lon="18.584318"><ele>261.6</ele></trkpt>
      <trkpt lat="50.180418" lon="18.584292"><ele>261.6</ele></trkpt>
      <trkpt lat="50.1804" lon="18.58426"><ele>261.6</ele></trkpt>
      <trkpt lat="50.180383" lon="18.58423"><ele>261.6</ele></trkpt>
      <trkpt lat="50.180367" lon="18.584198"><ele>261.6</ele></trkpt>
      <trkpt lat="50.180352" lon="18.584168"><ele>261.6</ele></trkpt>
      <trkpt lat="50.180332" lon="18.584143"><ele>261.6</ele></trkpt>
      <trkpt lat="50.180317" lon="18.584115"><ele>261.6</ele></trkpt>
      <trkpt lat="50.1803" lon="18.584087"><ele>261.6</ele></trkpt>
      <trkpt lat="50.18028" lon="18.584058"><ele>261.6</ele></trkpt>
      <trkpt lat="50.180262" lon="18.58403"><ele>261.6</ele></trkpt>
      <trkpt lat="50.180248" lon="18.584"><ele>261.6</ele></trkpt>
      <trkpt lat="50.180233" lon="18.583968"><ele>261.6</ele></trkpt>
      <trkpt lat="50.180217" lon="18.583942"><ele>261.6</ele></trkpt>
      <trkpt lat="50.1802" lon="18.583915"><ele>261.6</ele></trkpt>
      <trkpt lat="50.180188" lon="18.583885"><ele>261.6</ele></trkpt>
      <trkpt lat="50.180172" lon="18.58386"><ele>261.6</ele></trkpt>
      <trkpt lat="50.180157" lon="18.583832"><ele>261.6</ele></trkpt>
      <trkpt lat="50.18014" lon="18.583802"><ele>261.6</ele></trkpt>
      <trkpt lat="50.18012" lon="18.583773"><ele>261.6</ele></trkpt>
      <trkpt lat="50.180105" lon="18.58375"><ele>261.6</ele></trkpt>
      <trkpt lat="50.180073" lon="18.58372"><ele>261.6</ele></trkpt>
      <trkpt lat="50.18005" lon="18.583707"><ele>261.6</ele></trkpt>
      <trkpt lat="50.180025" lon="18.583695"><ele>261.6</ele></trkpt>
      <trkpt lat="50.180002" lon="18.583685"><ele>261.6</ele></trkpt>
      <trkpt lat="50.179983" lon="18.58367"><ele>261.6</ele></trkpt>
      <trkpt lat="50.179963" lon="18.583647"><ele>261.6</ele></trkpt>
      <trkpt lat="50.179945" lon="18.583625"><ele>261.6</ele></trkpt>
      <trkpt lat="50.179925" lon="18.583597"><ele>261.6</ele></trkpt>
      <trkpt lat="50.179907" lon="18.583565"><ele>261.6</ele></trkpt>
      <trkpt lat="50.179893" lon="18.583538"><ele>261.6</ele></trkpt>
      <trkpt lat="50.179875" lon="18.583512"><ele>261.6</ele></trkpt>
      <trkpt lat="50.179855" lon="18.583483"><ele>261.6</ele></trkpt>
      <trkpt lat="50.17984" lon="18.583458"><ele>261.6</ele></trkpt>
      <trkpt lat="50.17982" lon="18.583435"><ele>261.6</ele></trkpt>
      <trkpt lat="50.179803" lon="18.583412"><ele>261.6</ele></trkpt>
      <trkpt lat="50.179792" lon="18.583387"><ele>261.6</ele></trkpt>
      <trkpt lat="50.179775" lon="18.58336"><ele>261.6</ele></trkpt>
      <trkpt lat="50.17976" lon="18.583333"><ele>261.6</ele></trkpt>
      <trkpt lat="50.17974" lon="18.583308"><ele>261.6</ele></trkpt>
      <trkpt lat="50.179723" lon="18.583282"><ele>261.6</ele></trkpt>
      <trkpt lat="50.179705" lon="18.583258"><ele>261.6</ele></trkpt>
      <trkpt lat="50.179685" lon="18.583233"><ele>261.6</ele></trkpt>
      <trkpt lat="50.179673" lon="18.583207"><ele>261.8</ele></trkpt>
      <trkpt lat="50.179657" lon="18.58318"><ele>261.8</ele></trkpt>
      <trkpt lat="50.17964" lon="18.583152"><ele>261.8</ele></trkpt>
      <trkpt lat="50.179622" lon="18.583127"><ele>261.8</ele></trkpt>
      <trkpt lat="50.179602" lon="18.583098"><ele>261.8</ele></trkpt>
      <trkpt lat="50.179587" lon="18.58307"><ele>261.8</ele></trkpt>
      <trkpt lat="50.179567" lon="18.583045"><ele>261.8</ele></trkpt>
      <trkpt lat="50.179548" lon="18.583018"><ele>262.0</ele></trkpt>
      <trkpt lat="50.179538" lon="18.582995"><ele>262.0</ele></trkpt>
      <trkpt lat="50.179522" lon="18.582968"><ele>262.0</ele></trkpt>
      <trkpt lat="50.179507" lon="18.582945"><ele>262.0</ele></trkpt>
      <trkpt lat="50.179487" lon="18.58292"><ele>262.0</ele></trkpt>
      <trkpt lat="50.179475" lon="18.582895"><ele>262.0</ele></trkpt>
      <trkpt lat="50.179455" lon="18.582868"><ele>262.2</ele></trkpt>
      <trkpt lat="50.17944" lon="18.582845"><ele>262.2</ele></trkpt>
      <trkpt lat="50.179423" lon="18.582817"><ele>262.2</ele></trkpt>
      <trkpt lat="50.179407" lon="18.582793"><ele>262.2</ele></trkpt>
      <trkpt lat="50.179395" lon="18.582767"><ele>262.4</ele></trkpt>
      <trkpt lat="50.179378" lon="18.582738"><ele>262.4</ele></trkpt>
      <trkpt lat="50.179362" lon="18.582713"><ele>262.4</ele></trkpt>
      <trkpt lat="50.179343" lon="18.582687"><ele>262.4</ele></trkpt>
      <trkpt lat="50.17933" lon="18.582665"><ele>262.6</ele></trkpt>
      <trkpt lat="50.179318" lon="18.582638"><ele>262.6</ele></trkpt>
      <trkpt lat="50.179298" lon="18.58261"><ele>262.6</ele></trkpt>
      <trkpt lat="50.17928" lon="18.582583"><ele>262.6</ele></trkpt>
      <trkpt lat="50.179263" lon="18.582555"><ele>262.8</ele></trkpt>
      <trkpt lat="50.179243" lon="18.582533"><ele>262.8</ele></trkpt>
      <trkpt lat="50.179228" lon="18.582512"><ele>262.8</ele></trkpt>
      <trkpt lat="50.179208" lon="18.582485"><ele>262.8</ele></trkpt>
      <trkpt lat="50.179197" lon="18.58246"><ele>263.0</ele></trkpt>
      <trkpt lat="50.17918" lon="18.582437"><ele>263.0</ele></trkpt>
      <trkpt lat="50.17916" lon="18.58241"><ele>263.0</ele></trkpt>
      <trkpt lat="50.179145" lon="18.582382"><ele>263.2</ele></trkpt>
      <trkpt lat="50.179125" lon="18.582355"><ele>263.2</ele></trkpt>
      <trkpt lat="50.17911" lon="18.582325"><ele>263.2</ele></trkpt>
      <trkpt lat="50.179097" lon="18.582295"><ele>263.4</ele></trkpt>
      <trkpt lat="50.17908" lon="18.582275"><ele>263.4</ele></trkpt>
      <trkpt lat="50.179065" lon="18.582245"><ele>263.4</ele></trkpt>
      <trkpt lat="50.179048" lon="18.582217"><ele>263.6</ele></trkpt>
      <trkpt lat="50.179033" lon="18.582192"><ele>263.6</ele></trkpt>
      <trkpt lat="50.17902" lon="18.582163"><ele>263.6</ele></trkpt>
      <trkpt lat="50.179003" lon="18.582142"><ele>263.8</ele></trkpt>
      <trkpt lat="50.178988" lon="18.582115"><ele>263.8</ele></trkpt>
      <trkpt lat="50.178972" lon="18.582087"><ele>263.8</ele></trkpt>
      <trkpt lat="50.178958" lon="18.582062"><ele>264.0</ele></trkpt>
      <trkpt lat="50.178943" lon="18.582037"><ele>264.0</ele></trkpt>
      <trkpt lat="50.178927" lon="18.582013"><ele>264.0</ele></trkpt>
      <trkpt lat="50.178912" lon="18.581988"><ele>264.2</ele></trkpt>
      <trkpt lat="50.178902" lon="18.581958"><ele>264.2</ele></trkpt>
      <trkpt lat="50.178885" lon="18.581933"><ele>264.2</ele></trkpt>
      <trkpt lat="50.17887" lon="18.581907"><ele>264.2</ele></trkpt>
      <trkpt lat="50.17885" lon="18.581882"><ele>264.4</ele></trkpt>
      <trkpt lat="50.178838" lon="18.581857"><ele>264.4</ele></trkpt>
      <trkpt lat="50.178822" lon="18.581833"><ele>264.4</ele></trkpt>
      <trkpt lat="50.178802" lon="18.581808"><ele>264.6</ele></trkpt>
      <trkpt lat="50.178787" lon="18.581783"><ele>264.6</ele></trkpt>
      <trkpt lat="50.17877" lon="18.58176"><ele>264.6</ele></trkpt>
      <trkpt lat="50.178755" lon="18.581735"><ele>264.6</ele></trkpt>
      <trkpt lat="50.178742" lon="18.58171"><ele>264.8</ele></trkpt>
      <trkpt lat="50.178722" lon="18.581687"><ele>264.8</ele></trkpt>
      <trkpt lat="50.178707" lon="18.581662"><ele>264.8</ele></trkpt>
      <trkpt lat="50.17869" lon="18.581635"><ele>264.8</ele></trkpt>
      <trkpt lat="50.178675" lon="18.581608"><ele>264.8</ele></trkpt>
      <trkpt lat="50.178655" lon="18.581582"><ele>265.0</ele></trkpt>
      <trkpt lat="50.178642" lon="18.581558"><ele>265.0</ele></trkpt>
      <trkpt lat="50.178623" lon="18.581532"><ele>265.0</ele></trkpt>
      <trkpt lat="50.178607" lon="18.58151"><ele>265.0</ele></trkpt>
      <trkpt lat="50.178588" lon="18.581487"><ele>265.2</ele></trkpt>
      <trkpt lat="50.178572" lon="18.581463"><ele>265.2</ele></trkpt>
      <trkpt lat="50.178557" lon="18.581437"><ele>265.2</ele></trkpt>
      <trkpt lat="50.178543" lon="18.58141"><ele>265.2</ele></trkpt>
      <trkpt lat="50.178527" lon="18.581382"><ele>265.2</ele></trkpt>
      <trkpt lat="50.178512" lon="18.58136"><ele>265.4</ele></trkpt>
      <trkpt lat="50.178495" lon="18.58134"><ele>265.4</ele></trkpt>
      <trkpt lat="50.178477" lon="18.581315"><ele>265.4</ele></trkpt>
      <trkpt lat="50.17845" lon="18.581263"><ele>265.6</ele></trkpt>
      <trkpt lat="50.178435" lon="18.58124"><ele>265.6</ele></trkpt>
      <trkpt lat="50.178422" lon="18.58122"><ele>265.6</ele></trkpt>
      <trkpt lat="50.178402" lon="18.581198"><ele>265.6</ele></trkpt>
      <trkpt lat="50.178387" lon="18.581172"><ele>265.6</ele></trkpt>
      <trkpt lat="50.17837" lon="18.581145"><ele>265.8</ele></trkpt>
      <trkpt lat="50.178355" lon="18.581118"><ele>265.8</ele></trkpt>
      <trkpt lat="50.178335" lon="18.581092"><ele>265.8</ele></trkpt>
      <trkpt lat="50.178322" lon="18.58107"><ele>265.8</ele></trkpt>
      <trkpt lat="50.178307" lon="18.581043"><ele>265.8</ele></trkpt>
      <trkpt lat="50.17829" lon="18.58102"><ele>266.0</ele></trkpt>
      <trkpt lat="50.178275" lon="18.580993"><ele>266.0</ele></trkpt>
      <trkpt lat="50.178255" lon="18.58097"><ele>266.0</ele></trkpt>
      <trkpt lat="50.178242" lon="18.580947"><ele>266.0</ele></trkpt>
      <trkpt lat="50.178227" lon="18.580923"><ele>266.2</ele></trkpt>
      <trkpt lat="50.17821" lon="18.580903"><ele>266.2</ele></trkpt>
      <trkpt lat="50.178192" lon="18.58088"><ele>266.2</ele></trkpt>
      <trkpt lat="50.178175" lon="18.580853"><ele>266.2</ele></trkpt>
      <trkpt lat="50.178162" lon="18.580833"><ele>266.2</ele></trkpt>
      <trkpt lat="50.17815" lon="18.580807"><ele>266.4</ele></trkpt>
      <trkpt lat="50.178133" lon="18.580785"><ele>266.4</ele></trkpt>
      <trkpt lat="50.178118" lon="18.58076"><ele>266.4</ele></trkpt>
      <trkpt lat="50.178105" lon="18.580737"><ele>266.4</ele></trkpt>
      <trkpt lat="50.178088" lon="18.580715"><ele>266.6</ele></trkpt>
      <trkpt lat="50.178073" lon="18.580688"><ele>266.6</ele></trkpt>
      <trkpt lat="50.178057" lon="18.580667"><ele>266.6</ele></trkpt>
      <trkpt lat="50.178043" lon="18.580642"><ele>266.8</ele></trkpt>
      <trkpt lat="50.178028" lon="18.580613"><ele>266.8</ele></trkpt>
      <trkpt lat="50.178015" lon="18.580588"><ele>266.8</ele></trkpt>
      <trkpt lat="50.178" lon="18.580562"><ele>266.8</ele></trkpt>
      <trkpt lat="50.17798" lon="18.580535"><ele>267.0</ele></trkpt>
      <trkpt lat="50.177967" lon="18.58051"><ele>267.0</ele></trkpt>
      <trkpt lat="50.177952" lon="18.580483"><ele>267.0</ele></trkpt>
      <trkpt lat="50.177935" lon="18.58046"><ele>267.2</ele></trkpt>
      <trkpt lat="50.17792" lon="18.580435"><ele>267.2</ele></trkpt>
      <trkpt lat="50.177907" lon="18.58041"><ele>267.2</ele></trkpt>
      <trkpt lat="50.17789" lon="18.58039"><ele>267.2</ele></trkpt>
      <trkpt lat="50.177875" lon="18.580365"><ele>267.4</ele></trkpt>
      <trkpt lat="50.177858" lon="18.580343"><ele>267.4</ele></trkpt>
      <trkpt lat="50.177845" lon="18.580318"><ele>267.4</ele></trkpt>
      <trkpt lat="50.177833" lon="18.58029"><ele>267.6</ele></trkpt>
      <trkpt lat="50.177817" lon="18.580268"><ele>267.6</ele></trkpt>
      <trkpt lat="50.177798" lon="18.58024"><ele>267.6</ele></trkpt>
      <trkpt lat="50.177782" lon="18.580217"><ele>267.8</ele></trkpt>
      <trkpt lat="50.177768" lon="18.580192"><ele>267.8</ele></trkpt>
      <trkpt lat="50.177753" lon="18.580167"><ele>267.8</ele></trkpt>
      <trkpt lat="50.177737" lon="18.580138"><ele>267.8</ele></trkpt>
      <trkpt lat="50.17772" lon="18.580113"><ele>268.0</ele></trkpt>
      <trkpt lat="50.177702" lon="18.580088"><ele>268.0</ele></trkpt>
      <trkpt lat="50.177688" lon="18.580067"><ele>268.0</ele></trkpt>
      <trkpt lat="50.177673" lon="18.58004"><ele>268.2</ele></trkpt>
      <trkpt lat="50.17766" lon="18.580013"><ele>268.2</ele></trkpt>
      <trkpt lat="50.177647" lon="18.579992"><ele>268.2</ele></trkpt>
      <trkpt lat="50.177635" lon="18.579963"><ele>268.2</ele></trkpt>
      <trkpt lat="50.177618" lon="18.579938"><ele>268.4</ele></trkpt>
      <trkpt lat="50.177602" lon="18.579913"><ele>268.4</ele></trkpt>
      <trkpt lat="50.17759" lon="18.579888"><ele>268.4</ele></trkpt>
      <trkpt lat="50.177573" lon="18.579867"><ele>268.4</ele></trkpt>
      <trkpt lat="50.177555" lon="18.579842"><ele>268.6</ele></trkpt>
      <trkpt lat="50.177538" lon="18.57982"><ele>268.6</ele></trkpt>
      <trkpt lat="50.177513" lon="18.579773"><ele>268.6</ele></trkpt>
      <trkpt lat="50.177497" lon="18.579752"><ele>268.8</ele></trkpt>
      <trkpt lat="50.17748" lon="18.579728"><ele>268.8</ele></trkpt>
      <trkpt lat="50.177468" lon="18.579702"><ele>268.8</ele></trkpt>
      <trkpt lat="50.177452" lon="18.57968"><ele>268.8</ele></trkpt>
      <trkpt lat="50.177437" lon="18.579662"><ele>269.0</ele></trkpt>
      <trkpt lat="50.17742" lon="18.579637"><ele>269.0</ele></trkpt>
      <trkpt lat="50.17741" lon="18.579612"><ele>269.0</ele></trkpt>
      <trkpt lat="50.177392" lon="18.579592"><ele>269.0</ele></trkpt>
      <trkpt lat="50.177375" lon="18.579565"><ele>269.2</ele></trkpt>
      <trkpt lat="50.17736" lon="18.579543"><ele>269.2</ele></trkpt>
      <trkpt lat="50.177343" lon="18.57952"><ele>269.2</ele></trkpt>
      <trkpt lat="50.17733" lon="18.579495"><ele>269.4</ele></trkpt>
      <trkpt lat="50.177315" lon="18.579477"><ele>269.4</ele></trkpt>
      <trkpt lat="50.177295" lon="18.579452"><ele>269.4</ele></trkpt>
      <trkpt lat="50.17728" lon="18.57943"><ele>269.6</ele></trkpt>
      <trkpt lat="50.177263" lon="18.579407"><ele>269.6</ele></trkpt>
      <trkpt lat="50.17725" lon="18.579383"><ele>269.6</ele></trkpt>
      <trkpt lat="50.177235" lon="18.57936"><ele>269.6</ele></trkpt>
      <trkpt lat="50.177218" lon="18.579335"><ele>269.8</ele></trkpt>
      <trkpt lat="50.177202" lon="18.579308"><ele>269.8</ele></trkpt>
      <trkpt lat="50.177183" lon="18.579285"><ele>269.8</ele></trkpt>
      <trkpt lat="50.17717" lon="18.579262"><ele>270.0</ele></trkpt>
      <trkpt lat="50.177158" lon="18.57924"><ele>270.0</ele></trkpt>
      <trkpt lat="50.177142" lon="18.579213"><ele>270.0</ele></trkpt>
      <trkpt lat="50.177125" lon="18.579188"><ele>270.0</ele></trkpt>
      <trkpt lat="50.177113" lon="18.579163"><ele>270.2</ele></trkpt>
      <trkpt lat="50.177097" lon="18.579137"><ele>270.2</ele></trkpt>
      <trkpt lat="50.17708" lon="18.579113"><ele>270.2</ele></trkpt>
      <trkpt lat="50.177065" lon="18.579092"><ele>270.4</ele></trkpt>
      <trkpt lat="50.177052" lon="18.579068"><ele>270.4</ele></trkpt>
      <trkpt lat="50.177037" lon="18.579043"><ele>270.4</ele></trkpt>
      <trkpt lat="50.17702" lon="18.57902"><ele>270.6</ele></trkpt>
      <trkpt lat="50.177003" lon="18.578997"><ele>270.6</ele></trkpt>
      <trkpt lat="50.176992" lon="18.57897"><ele>270.6</ele></trkpt>
      <trkpt lat="50.176975" lon="18.578947"><ele>270.6</ele></trkpt>
      <trkpt lat="50.17696" lon="18.578923"><ele>270.8</ele></trkpt>
      <trkpt lat="50.176947" lon="18.5789"><ele>270.8</ele></trkpt>
      <trkpt lat="50.176933" lon="18.578877"><ele>270.8</ele></trkpt>
      <trkpt lat="50.176915" lon="18.57885"><ele>271.0</ele></trkpt>
      <trkpt lat="50.176898" lon="18.578825"><ele>271.0</ele></trkpt>
      <trkpt lat="50.176882" lon="18.5788"><ele>271.0</ele></trkpt>
      <trkpt lat="50.176867" lon="18.578775"><ele>271.2</ele></trkpt>
      <trkpt lat="50.176853" lon="18.57875"><ele>271.2</ele></trkpt>
      <trkpt lat="50.176838" lon="18.578725"><ele>271.2</ele></trkpt>
      <trkpt lat="50.176818" lon="18.578698"><ele>271.2</ele></trkpt>
      <trkpt lat="50.176802" lon="18.578677"><ele>271.4</ele></trkpt>
      <trkpt lat="50.176787" lon="18.578652"><ele>271.4</ele></trkpt>
      <trkpt lat="50.176773" lon="18.578627"><ele>271.4</ele></trkpt>
      <trkpt lat="50.176758" lon="18.578602"><ele>271.4</ele></trkpt>
      <trkpt lat="50.176742" lon="18.57858"><ele>271.6</ele></trkpt>
      <trkpt lat="50.176722" lon="18.578553"><ele>271.6</ele></trkpt>
      <trkpt lat="50.176707" lon="18.578538"><ele>271.6</ele></trkpt>
      <trkpt lat="50.176697" lon="18.578512"><ele>271.6</ele></trkpt>
      <trkpt lat="50.17668" lon="18.578483"><ele>271.8</ele></trkpt>
      <trkpt lat="50.176665" lon="18.578462"><ele>271.8</ele></trkpt>
      <trkpt lat="50.176648" lon="18.578435"><ele>271.8</ele></trkpt>
      <trkpt lat="50.176637" lon="18.578413"><ele>271.8</ele></trkpt>
      <trkpt lat="50.176617" lon="18.578392"><ele>272.0</ele></trkpt>
      <trkpt lat="50.176603" lon="18.578367"><ele>272.0</ele></trkpt>
      <trkpt lat="50.176585" lon="18.578342"><ele>272.0</ele></trkpt>
      <trkpt lat="50.176568" lon="18.578318"><ele>272.0</ele></trkpt>
      <trkpt lat="50.176557" lon="18.57829"><ele>272.2</ele></trkpt>
      <trkpt lat="50.17654" lon="18.578268"><ele>272.2</ele></trkpt>
      <trkpt lat="50.176523" lon="18.578237"><ele>272.2</ele></trkpt>
      <trkpt lat="50.176508" lon="18.578212"><ele>272.2</ele></trkpt>
      <trkpt lat="50.176495" lon="18.57819"><ele>272.4</ele></trkpt>
      <trkpt lat="50.17648" lon="18.578165"><ele>272.4</ele></trkpt>
      <trkpt lat="50.176463" lon="18.578145"><ele>272.4</ele></trkpt>
      <trkpt lat="50.176447" lon="18.57813"><ele>272.4</ele></trkpt>
      <trkpt lat="50.176428" lon="18.578107"><ele>272.6</ele></trkpt>
      <trkpt lat="50.176408" lon="18.578085"><ele>272.6</ele></trkpt>
      <trkpt lat="50.176418" lon="18.578057"><ele>272.8</ele></trkpt>
      <trkpt lat="50.176428" lon="18.578015"><ele>273.0</ele></trkpt>
      <trkpt lat="50.17644" lon="18.577977"><ele>273.2</ele></trkpt>
      <trkpt lat="50.17645" lon="18.577948"><ele>273.2</ele></trkpt>
      <trkpt lat="50.176463" lon="18.57792"><ele>273.2</ele></trkpt>
      <trkpt lat="50.176477" lon="18.577893"><ele>273.2</ele></trkpt>
      <trkpt lat="50.176482" lon="18.577863"><ele>273.2</ele></trkpt>
      <trkpt lat="50.176488" lon="18.577832"><ele>273.4</ele></trkpt>
      <trkpt lat="50.176498" lon="18.5778"><ele>273.4</ele></trkpt>
      <trkpt lat="50.176508" lon="18.577763"><ele>273.4</ele></trkpt>
      <trkpt lat="50.17652" lon="18.577728"><ele>273.4</ele></trkpt>
      <trkpt lat="50.176527" lon="18.577693"><ele>273.4</ele></trkpt>
      <trkpt lat="50.17654" lon="18.577655"><ele>273.6</ele></trkpt>
      <trkpt lat="50.17655" lon="18.57762"><ele>273.6</ele></trkpt>
      <trkpt lat="50.176562" lon="18.57758"><ele>273.6</ele></trkpt>
      <trkpt lat="50.176575" lon="18.577548"><ele>273.6</ele></trkpt>
      <trkpt lat="50.176585" lon="18.577517"><ele>273.6</ele></trkpt>
      <trkpt lat="50.1766" lon="18.577485"><ele>273.8</ele></trkpt>
      <trkpt lat="50.176613" lon="18.57745"><ele>273.8</ele></trkpt>
      <trkpt lat="50.176623" lon="18.577418"><ele>273.8</ele></trkpt>
      <trkpt lat="50.176627" lon="18.577385"><ele>273.8</ele></trkpt>
      <trkpt lat="50.17664" lon="18.57735"><ele>274.0</ele></trkpt>
      <trkpt lat="50.176645" lon="18.57732"><ele>274.0</ele></trkpt>
      <trkpt lat="50.176658" lon="18.577288"><ele>274.0</ele></trkpt>
      <trkpt lat="50.176675" lon="18.577258"><ele>274.0</ele></trkpt>
      <trkpt lat="50.17668" lon="18.577227"><ele>274.2</ele></trkpt>
      <trkpt lat="50.176697" lon="18.577193"><ele>274.2</ele></trkpt>
      <trkpt lat="50.176703" lon="18.577162"><ele>274.2</ele></trkpt>
      <trkpt lat="50.176713" lon="18.577128"><ele>274.2</ele></trkpt>
      <trkpt lat="50.176722" lon="18.5771"><ele>274.2</ele></trkpt>
      <trkpt lat="50.176735" lon="18.577063"><ele>274.4</ele></trkpt>
      <trkpt lat="50.176755" lon="18.577028"><ele>274.4</ele></trkpt>
      <trkpt lat="50.17676" lon="18.576995"><ele>274.4</ele></trkpt>
      <trkpt lat="50.176777" lon="18.576963"><ele>274.4</ele></trkpt>
      <trkpt lat="50.176793" lon="18.576902"><ele>274.4</ele></trkpt>
      <trkpt lat="50.176805" lon="18.576862"><ele>274.6</ele></trkpt>
      <trkpt lat="50.176815" lon="18.576825"><ele>274.6</ele></trkpt>
      <trkpt lat="50.176828" lon="18.57679"><ele>274.6</ele></trkpt>
      <trkpt lat="50.17684" lon="18.57676"><ele>274.6</ele></trkpt>
      <trkpt lat="50.176847" lon="18.576722"><ele>274.6</ele></trkpt>
      <trkpt lat="50.176867" lon="18.57669"><ele>274.6</ele></trkpt>
      <trkpt lat="50.176877" lon="18.576653"><ele>274.6</ele></trkpt>
      <trkpt lat="50.176885" lon="18.57662"><ele>274.6</ele></trkpt>
      <trkpt lat="50.176895" lon="18.576592"><ele>274.8</ele></trkpt>
      <trkpt lat="50.176905" lon="18.576557"><ele>274.8</ele></trkpt>
      <trkpt lat="50.17692" lon="18.576522"><ele>274.8</ele></trkpt>
      <trkpt lat="50.176933" lon="18.576483"><ele>274.8</ele></trkpt>
      <trkpt lat="50.176943" lon="18.576448"><ele>274.8</ele></trkpt>
      <trkpt lat="50.176953" lon="18.576417"><ele>274.8</ele></trkpt>
      <trkpt lat="50.176965" lon="18.576383"><ele>274.8</ele></trkpt>
      <trkpt lat="50.176978" lon="18.576347"><ele>274.8</ele></trkpt>
      <trkpt lat="50.176985" lon="18.576308"><ele>274.8</ele></trkpt>
      <trkpt lat="50.176998" lon="18.576268"><ele>274.8</ele></trkpt>
      <trkpt lat="50.177003" lon="18.576238"><ele>275.0</ele></trkpt>
      <trkpt lat="50.177017" lon="18.5762"><ele>275.0</ele></trkpt>
      <trkpt lat="50.177027" lon="18.576167"><ele>275.0</ele></trkpt>
      <trkpt lat="50.17704" lon="18.576138"><ele>275.0</ele></trkpt>
      <trkpt lat="50.177052" lon="18.576108"><ele>275.0</ele></trkpt>
      <trkpt lat="50.177065" lon="18.576072"><ele>275.0</ele></trkpt>
      <trkpt lat="50.17708" lon="18.576035"><ele>275.0</ele></trkpt>
      <trkpt lat="50.177093" lon="18.576"><ele>275.0</ele></trkpt>
      <trkpt lat="50.177107" lon="18.575962"><ele>275.2</ele></trkpt>
      <trkpt lat="50.177122" lon="18.57593"><ele>275.2</ele></trkpt>
      <trkpt lat="50.177135" lon="18.575898"><ele>275.2</ele></trkpt>
      <trkpt lat="50.177145" lon="18.57586"><ele>275.2</ele></trkpt>
      <trkpt lat="50.177155" lon="18.57582"><ele>275.2</ele></trkpt>
      <trkpt lat="50.177158" lon="18.575782"><ele>275.2</ele></trkpt>
      <trkpt lat="50.17716" lon="18.57575"><ele>275.2</ele></trkpt>
      <trkpt lat="50.17717" lon="18.575717"><ele>275.4</ele></trkpt>
      <trkpt lat="50.17718" lon="18.57569"><ele>275.4</ele></trkpt>
      <trkpt lat="50.17719" lon="18.575662"><ele>275.4</ele></trkpt>
      <trkpt lat="50.177197" lon="18.575625"><ele>275.4</ele></trkpt>
      <trkpt lat="50.177205" lon="18.575592"><ele>275.4</ele></trkpt>
      <trkpt lat="50.177222" lon="18.575558"><ele>275.4</ele></trkpt>
      <trkpt lat="50.177235" lon="18.57552"><ele>275.6</ele></trkpt>
      <trkpt lat="50.177243" lon="18.575482"><ele>275.6</ele></trkpt>
      <trkpt lat="50.177257" lon="18.575448"><ele>275.6</ele></trkpt>
      <trkpt lat="50.17727" lon="18.57542"><ele>275.6</ele></trkpt>
      <trkpt lat="50.177282" lon="18.575385"><ele>275.6</ele></trkpt>
      <trkpt lat="50.177298" lon="18.575357"><ele>275.6</ele></trkpt>
      <trkpt lat="50.177315" lon="18.575332"><ele>275.8</ele></trkpt>
      <trkpt lat="50.17733" lon="18.575302"><ele>275.8</ele></trkpt>
      <trkpt lat="50.17734" lon="18.575275"><ele>275.8</ele></trkpt>
      <trkpt lat="50.17736" lon="18.57525"><ele>276.0</ele></trkpt>
      <trkpt lat="50.177378" lon="18.57522"><ele>276.0</ele></trkpt>
      <trkpt lat="50.177392" lon="18.575185"><ele>276.0</ele></trkpt>
      <trkpt lat="50.1774" lon="18.575158"><ele>276.2</ele></trkpt>
      <trkpt lat="50.177417" lon="18.575132"><ele>276.2</ele></trkpt>
      <trkpt lat="50.17743" lon="18.575105"><ele>276.4</ele></trkpt>
      <trkpt lat="50.177438" lon="18.575077"><ele>276.4</ele></trkpt>
      <trkpt lat="50.177452" lon="18.575042"><ele>276.6</ele></trkpt>
      <trkpt lat="50.177468" lon="18.575013"><ele>276.6</ele></trkpt>
      <trkpt lat="50.177478" lon="18.574977"><ele>276.6</ele></trkpt>
      <trkpt lat="50.17749" lon="18.574947"><ele>276.8</ele></trkpt>
      <trkpt lat="50.1775" lon="18.57492"><ele>276.8</ele></trkpt>
      <trkpt lat="50.177513" lon="18.574893"><ele>277.0</ele></trkpt>
      <trkpt lat="50.177528" lon="18.574863"><ele>277.0</ele></trkpt>
      <trkpt lat="50.177535" lon="18.574833"><ele>277.0</ele></trkpt>
      <trkpt lat="50.177542" lon="18.574798"><ele>277.2</ele></trkpt>
      <trkpt lat="50.177555" lon="18.574767"><ele>277.2</ele></trkpt>
      <trkpt lat="50.17756" lon="18.574735"><ele>277.2</ele></trkpt>
      <trkpt lat="50.17757" lon="18.5747"><ele>277.2</ele></trkpt>
      <trkpt lat="50.177573" lon="18.574672"><ele>277.4</ele></trkpt>
      <trkpt lat="50.177593" lon="18.574625"><ele>277.4</ele></trkpt>
      <trkpt lat="50.177602" lon="18.574562"><ele>277.6</ele></trkpt>
      <trkpt lat="50.177612" lon="18.574525"><ele>277.6</ele></trkpt>
      <trkpt lat="50.177618" lon="18.574492"><ele>277.6</ele></trkpt>
      <trkpt lat="50.177622" lon="18.574458"><ele>277.6</ele></trkpt>
      <trkpt lat="50.177628" lon="18.574423"><ele>277.6</ele></trkpt>
      <trkpt lat="50.177632" lon="18.574382"><ele>277.8</ele></trkpt>
      <trkpt lat="50.177638" lon="18.574348"><ele>277.8</ele></trkpt>
      <trkpt lat="50.177647" lon="18.57431"><ele>277.8</ele></trkpt>
      <trkpt lat="50.177653" lon="18.574273"><ele>277.8</ele></trkpt>
      <trkpt lat="50.17766" lon="18.57424"><ele>277.8</ele></trkpt>
      <trkpt lat="50.177677" lon="18.57421"><ele>277.8</ele></trkpt>
      <trkpt lat="50.177688" lon="18.574182"><ele>278.0</ele></trkpt>
      <trkpt lat="50.177702" lon="18.574155"><ele>278.0</ele></trkpt>
      <trkpt lat="50.177718" lon="18.574123"><ele>278.0</ele></trkpt>
      <trkpt lat="50.17773" lon="18.574092"><ele>278.0</ele></trkpt>
      <trkpt lat="50.177747" lon="18.574062"><ele>278.0</ele></trkpt>
      <trkpt lat="50.17776" lon="18.574033"><ele>278.0</ele></trkpt>
      <trkpt lat="50.177768" lon="18.574"><ele>278.0</ele></trkpt>
      <trkpt lat="50.177778" lon="18.573968"><ele>278.2</ele></trkpt>
      <trkpt lat="50.177788" lon="18.573933"><ele>278.0</ele></trkpt>
      <trkpt lat="50.177798" lon="18.57391"><ele>278.2</ele></trkpt>
      <trkpt lat="50.177817" lon="18.573882"><ele>278.2</ele></trkpt>
      <trkpt lat="50.17783" lon="18.573853"><ele>278.2</ele></trkpt>
      <trkpt lat="50.177848" lon="18.573795"><ele>278.2</ele></trkpt>
      <trkpt lat="50.177855" lon="18.573758"><ele>278.2</ele></trkpt>
      <trkpt lat="50.177865" lon="18.573733"><ele>278.2</ele></trkpt>
      <trkpt lat="50.177872" lon="18.573703"><ele>278.2</ele></trkpt>
      <trkpt lat="50.17788" lon="18.573668"><ele>278.2</ele></trkpt>
      <trkpt lat="50.177897" lon="18.57364"><ele>278.2</ele></trkpt>
      <trkpt lat="50.17791" lon="18.573612"><ele>278.2</ele></trkpt>
      <trkpt lat="50.17792" lon="18.573582"><ele>278.2</ele></trkpt>
      <trkpt lat="50.177935" lon="18.573555"><ele>278.2</ele></trkpt>
      <trkpt lat="50.177948" lon="18.573527"><ele>278.2</ele></trkpt>
      <trkpt lat="50.177963" lon="18.573498"><ele>278.2</ele></trkpt>
      <trkpt lat="50.177973" lon="18.573465"><ele>278.2</ele></trkpt>
      <trkpt lat="50.177987" lon="18.57343"><ele>278.2</ele></trkpt>
      <trkpt lat="50.177993" lon="18.573395"><ele>278.2</ele></trkpt>
      <trkpt lat="50.178" lon="18.57336"><ele>278.2</ele></trkpt>
      <trkpt lat="50.178008" lon="18.573323"><ele>278.4</ele></trkpt>
      <trkpt lat="50.178015" lon="18.57328"><ele>278.4</ele></trkpt>
      <trkpt lat="50.178015" lon="18.573243"><ele>278.4</ele></trkpt>
      <trkpt lat="50.178025" lon="18.57321"><ele>278.4</ele></trkpt>
      <trkpt lat="50.178028" lon="18.573178"><ele>278.4</ele></trkpt>
      <trkpt lat="50.178035" lon="18.573148"><ele>278.4</ele></trkpt>
      <trkpt lat="50.178038" lon="18.573113"><ele>278.4</ele></trkpt>
      <trkpt lat="50.178047" lon="18.57308"><ele>278.6</ele></trkpt>
      <trkpt lat="50.178053" lon="18.573048"><ele>278.6</ele></trkpt>
      <trkpt lat="50.178063" lon="18.573018"><ele>278.6</ele></trkpt>
      <trkpt lat="50.17807" lon="18.572983"><ele>278.8</ele></trkpt>
      <trkpt lat="50.178073" lon="18.572952"><ele>278.8</ele></trkpt>
      <trkpt lat="50.17808" lon="18.572918"><ele>279.0</ele></trkpt>
      <trkpt lat="50.178088" lon="18.572883"><ele>279.0</ele></trkpt>
      <trkpt lat="50.178095" lon="18.572853"><ele>279.0</ele></trkpt>
      <trkpt lat="50.178108" lon="18.572822"><ele>279.2</ele></trkpt>
      <trkpt lat="50.178112" lon="18.572788"><ele>279.2</ele></trkpt>
      <trkpt lat="50.178118" lon="18.572758"><ele>279.2</ele></trkpt>
      <trkpt lat="50.178123" lon="18.572713"><ele>279.4</ele></trkpt>
      <trkpt lat="50.17813" lon="18.57268"><ele>279.4</ele></trkpt>
      <trkpt lat="50.178143" lon="18.57262"><ele>279.4</ele></trkpt>
      <trkpt lat="50.178153" lon="18.572582"><ele>279.4</ele></trkpt>
      <trkpt lat="50.178162" lon="18.572543"><ele>279.6</ele></trkpt>
      <trkpt lat="50.178168" lon="18.572495"><ele>279.6</ele></trkpt>
      <trkpt lat="50.178175" lon="18.57245"><ele>279.6</ele></trkpt>
      <trkpt lat="50.178188" lon="18.57241"><ele>279.6</ele></trkpt>
      <trkpt lat="50.178198" lon="18.572362"><ele>279.6</ele></trkpt>
      <trkpt lat="50.178207" lon="18.572327"><ele>279.6</ele></trkpt>
      <trkpt lat="50.178213" lon="18.572293"><ele>279.8</ele></trkpt>
      <trkpt lat="50.178223" lon="18.572255"><ele>279.8</ele></trkpt>
      <trkpt lat="50.17823" lon="18.572225"><ele>279.8</ele></trkpt>
      <trkpt lat="50.178237" lon="18.572192"><ele>279.8</ele></trkpt>
      <trkpt lat="50.178245" lon="18.572162"><ele>279.8</ele></trkpt>
      <trkpt lat="50.178255" lon="18.57211"><ele>280.0</ele></trkpt>
      <trkpt lat="50.178265" lon="18.572082"><ele>280.0</ele></trkpt>
      <trkpt lat="50.178268" lon="18.572052"><ele>280.0</ele></trkpt>
      <trkpt lat="50.178275" lon="18.572017"><ele>280.2</ele></trkpt>
      <trkpt lat="50.178283" lon="18.571977"><ele>280.2</ele></trkpt>
      <trkpt lat="50.178293" lon="18.57195"><ele>280.2</ele></trkpt>
      <trkpt lat="50.178307" lon="18.571918"><ele>280.2</ele></trkpt>
      <trkpt lat="50.17831" lon="18.571878"><ele>280.4</ele></trkpt>
      <trkpt lat="50.17831" lon="18.571828"><ele>280.4</ele></trkpt>
      <trkpt lat="50.178322" lon="18.571792"><ele>280.4</ele></trkpt>
      <trkpt lat="50.178332" lon="18.571755"><ele>280.4</ele></trkpt>
      <trkpt lat="50.178345" lon="18.571722"><ele>280.6</ele></trkpt>
      <trkpt lat="50.178355" lon="18.57169"><ele>280.6</ele></trkpt>
      <trkpt lat="50.178363" lon="18.571658"><ele>280.6</ele></trkpt>
      <trkpt lat="50.178373" lon="18.571623"><ele>280.6</ele></trkpt>
      <trkpt lat="50.178387" lon="18.571593"><ele>280.6</ele></trkpt>
      <trkpt lat="50.178393" lon="18.571553"><ele>280.8</ele></trkpt>
      <trkpt lat="50.178402" lon="18.571512"><ele>280.8</ele></trkpt>
      <trkpt lat="50.178405" lon="18.571473"><ele>280.8</ele></trkpt>
      <trkpt lat="50.178408" lon="18.571432"><ele>280.8</ele></trkpt>
      <trkpt lat="50.178415" lon="18.571393"><ele>280.8</ele></trkpt>
      <trkpt lat="50.178432" lon="18.57135"><ele>281.0</ele></trkpt>
      <trkpt lat="50.17844" lon="18.571303"><ele>281.0</ele></trkpt>
      <trkpt lat="50.178447" lon="18.571265"><ele>281.0</ele></trkpt>
      <trkpt lat="50.17845" lon="18.571208"><ele>281.0</ele></trkpt>
      <trkpt lat="50.178467" lon="18.571172"><ele>281.0</ele></trkpt>
      <trkpt lat="50.178473" lon="18.57113"><ele>281.0</ele></trkpt>
      <trkpt lat="50.178482" lon="18.571082"><ele>281.0</ele></trkpt>
      <trkpt lat="50.178492" lon="18.571047"><ele>281.0</ele></trkpt>
      <trkpt lat="50.178505" lon="18.571012"><ele>281.2</ele></trkpt>
      <trkpt lat="50.178512" lon="18.570985"><ele>281.2</ele></trkpt>
      <trkpt lat="50.17852" lon="18.570948"><ele>281.2</ele></trkpt>
      <trkpt lat="50.178527" lon="18.570913"><ele>281.2</ele></trkpt>
      <trkpt lat="50.17854" lon="18.570873"><ele>281.2</ele></trkpt>
      <trkpt lat="50.17855" lon="18.570842"><ele>281.2</ele></trkpt>
      <trkpt lat="50.178565" lon="18.570808"><ele>281.2</ele></trkpt>
      <trkpt lat="50.178575" lon="18.570775"><ele>281.2</ele></trkpt>
      <trkpt lat="50.178588" lon="18.570753"><ele>281.2</ele></trkpt>
      <trkpt lat="50.1786" lon="18.570722"><ele>281.2</ele></trkpt>
      <trkpt lat="50.178607" lon="18.57068"><ele>281.2</ele></trkpt>
      <trkpt lat="50.17862" lon="18.570652"><ele>281.2</ele></trkpt>
      <trkpt lat="50.178627" lon="18.570607"><ele>281.2</ele></trkpt>
      <trkpt lat="50.17864" lon="18.570567"><ele>281.2</ele></trkpt>
      <trkpt lat="50.178648" lon="18.570535"><ele>281.2</ele></trkpt>
      <trkpt lat="50.178648" lon="18.570497"><ele>281.2</ele></trkpt>
      <trkpt lat="50.178652" lon="18.57046"><ele>281.2</ele></trkpt>
      <trkpt lat="50.178665" lon="18.570418"><ele>281.0</ele></trkpt>
      <trkpt lat="50.178668" lon="18.570375"><ele>281.0</ele></trkpt>
      <trkpt lat="50.178675" lon="18.570328"><ele>281.0</ele></trkpt>
      <trkpt lat="50.17868" lon="18.570285"><ele>281.0</ele></trkpt>
      <trkpt lat="50.178687" lon="18.570245"><ele>281.0</ele></trkpt>
      <trkpt lat="50.178693" lon="18.570207"><ele>281.0</ele></trkpt>
      <trkpt lat="50.178703" lon="18.570173"><ele>281.0</ele></trkpt>
      <trkpt lat="50.17871" lon="18.57013"><ele>281.0</ele></trkpt>
      <trkpt lat="50.178713" lon="18.570083"><ele>281.0</ele></trkpt>
      <trkpt lat="50.178725" lon="18.570048"><ele>281.0</ele></trkpt>
      <trkpt lat="50.178728" lon="18.570013"><ele>281.0</ele></trkpt>
      <trkpt lat="50.178742" lon="18.569985"><ele>280.8</ele></trkpt>
      <trkpt lat="50.178752" lon="18.569955"><ele>280.8</ele></trkpt>
      <trkpt lat="50.178767" lon="18.569927"><ele>280.8</ele></trkpt>
      <trkpt lat="50.17878" lon="18.569893"><ele>280.8</ele></trkpt>
      <trkpt lat="50.178783" lon="18.56985"><ele>280.8</ele></trkpt>
      <trkpt lat="50.17879" lon="18.569815"><ele>280.8</ele></trkpt>
      <trkpt lat="50.178805" lon="18.56979"><ele>280.8</ele></trkpt>
      <trkpt lat="50.178825" lon="18.569742"><ele>280.8</ele></trkpt>
      <trkpt lat="50.178832" lon="18.569713"><ele>281.0</ele></trkpt>
      <trkpt lat="50.17884" lon="18.569685"><ele>281.0</ele></trkpt>
      <trkpt lat="50.178847" lon="18.569653"><ele>281.0</ele></trkpt>
      <trkpt lat="50.178863" lon="18.56962"><ele>281.0</ele></trkpt>
      <trkpt lat="50.178873" lon="18.569585"><ele>281.0</ele></trkpt>
      <trkpt lat="50.178882" lon="18.569548"><ele>281.0</ele></trkpt>
      <trkpt lat="50.178892" lon="18.569517"><ele>281.0</ele></trkpt>
      <trkpt lat="50.178905" lon="18.569473"><ele>281.0</ele></trkpt>
      <trkpt lat="50.178912" lon="18.569433"><ele>281.0</ele></trkpt>
      <trkpt lat="50.17892" lon="18.569398"><ele>280.8</ele></trkpt>
      <trkpt lat="50.178927" lon="18.569362"><ele>280.8</ele></trkpt>
      <trkpt lat="50.17894" lon="18.569332"><ele>280.8</ele></trkpt>
      <trkpt lat="50.178947" lon="18.569302"><ele>280.8</ele></trkpt>
      <trkpt lat="50.178958" lon="18.569268"><ele>280.8</ele></trkpt>
      <trkpt lat="50.178965" lon="18.569218"><ele>280.8</ele></trkpt>
      <trkpt lat="50.178972" lon="18.569187"><ele>280.8</ele></trkpt>
      <trkpt lat="50.178982" lon="18.56915"><ele>280.8</ele></trkpt>
      <trkpt lat="50.178992" lon="18.569118"><ele>280.8</ele></trkpt>
      <trkpt lat="50.179003" lon="18.569085"><ele>280.8</ele></trkpt>
      <trkpt lat="50.179007" lon="18.56904"><ele>280.8</ele></trkpt>
      <trkpt lat="50.17901" lon="18.568998"><ele>280.8</ele></trkpt>
      <trkpt lat="50.179017" lon="18.568958"><ele>280.6</ele></trkpt>
      <trkpt lat="50.17902" lon="18.568925"><ele>280.6</ele></trkpt>
      <trkpt lat="50.179027" lon="18.568898"><ele>280.6</ele></trkpt>
      <trkpt lat="50.179033" lon="18.568862"><ele>280.6</ele></trkpt>
      <trkpt lat="50.17904" lon="18.56882"><ele>280.6</ele></trkpt>
      <trkpt lat="50.179045" lon="18.568782"><ele>280.6</ele></trkpt>
      <trkpt lat="50.179062" lon="18.568743"><ele>280.6</ele></trkpt>
      <trkpt lat="50.179068" lon="18.568708"><ele>280.6</ele></trkpt>
      <trkpt lat="50.17908" lon="18.568675"><ele>280.4</ele></trkpt>
      <trkpt lat="50.17909" lon="18.56864"><ele>280.4</ele></trkpt>
      <trkpt lat="50.179103" lon="18.568608"><ele>280.4</ele></trkpt>
      <trkpt lat="50.17912" lon="18.568577"><ele>280.4</ele></trkpt>
      <trkpt lat="50.179128" lon="18.568545"><ele>280.4</ele></trkpt>
      <trkpt lat="50.179138" lon="18.568513"><ele>280.4</ele></trkpt>
      <trkpt lat="50.179145" lon="18.568482"><ele>280.4</ele></trkpt>
      <trkpt lat="50.179152" lon="18.568452"><ele>280.4</ele></trkpt>
      <trkpt lat="50.179167" lon="18.568428"><ele>280.4</ele></trkpt>
      <trkpt lat="50.17918" lon="18.568393"><ele>280.2</ele></trkpt>
      <trkpt lat="50.17919" lon="18.568365"><ele>280.2</ele></trkpt>
      <trkpt lat="50.1792" lon="18.56833"><ele>280.2</ele></trkpt>
      <trkpt lat="50.179208" lon="18.568302"><ele>280.2</ele></trkpt>
      <trkpt lat="50.179218" lon="18.568265"><ele>280.2</ele></trkpt>
      <trkpt lat="50.179232" lon="18.568217"><ele>280.2</ele></trkpt>
      <trkpt lat="50.179232" lon="18.568167"><ele>280.2</ele></trkpt>
      <trkpt lat="50.17924" lon="18.568142"><ele>280.0</ele></trkpt>
      <trkpt lat="50.17925" lon="18.568107"><ele>280.0</ele></trkpt>
      <trkpt lat="50.179267" lon="18.568077"><ele>280.0</ele></trkpt>
      <trkpt lat="50.179277" lon="18.568027"><ele>280.0</ele></trkpt>
      <trkpt lat="50.17928" lon="18.567983"><ele>280.0</ele></trkpt>
      <trkpt lat="50.179282" lon="18.567942"><ele>280.0</ele></trkpt>
      <trkpt lat="50.179285" lon="18.567898"><ele>279.8</ele></trkpt>
      <trkpt lat="50.179298" lon="18.567868"><ele>279.8</ele></trkpt>
      <trkpt lat="50.179305" lon="18.567835"><ele>279.8</ele></trkpt>
      <trkpt lat="50.179315" lon="18.567795"><ele>279.8</ele></trkpt>
      <trkpt lat="50.179323" lon="18.56776"><ele>279.8</ele></trkpt>
      <trkpt lat="50.179327" lon="18.567723"><ele>279.8</ele></trkpt>
      <trkpt lat="50.179337" lon="18.567685"><ele>279.6</ele></trkpt>
      <trkpt lat="50.17934" lon="18.567648"><ele>279.6</ele></trkpt>
      <trkpt lat="50.17934" lon="18.5676"><ele>279.6</ele></trkpt>
      <trkpt lat="50.179343" lon="18.567563"><ele>279.6</ele></trkpt>
      <trkpt lat="50.17935" lon="18.56753"><ele>279.6</ele></trkpt>
      <trkpt lat="50.179362" lon="18.567492"><ele>279.6</ele></trkpt>
      <trkpt lat="50.179368" lon="18.567455"><ele>279.6</ele></trkpt>
      <trkpt lat="50.179368" lon="18.567405"><ele>279.6</ele></trkpt>
      <trkpt lat="50.179382" lon="18.567373"><ele>279.4</ele></trkpt>
      <trkpt lat="50.179388" lon="18.567333"><ele>279.4</ele></trkpt>
      <trkpt lat="50.179388" lon="18.567297"><ele>279.4</ele></trkpt>
      <trkpt lat="50.179398" lon="18.56726"><ele>279.4</ele></trkpt>
      <trkpt lat="50.179403" lon="18.56722"><ele>279.4</ele></trkpt>
      <trkpt lat="50.179417" lon="18.567185"><ele>279.4</ele></trkpt>
      <trkpt lat="50.179423" lon="18.567153"><ele>279.4</ele></trkpt>
      <trkpt lat="50.179437" lon="18.567123"><ele>279.4</ele></trkpt>
      <trkpt lat="50.179442" lon="18.567088"><ele>279.4</ele></trkpt>
      <trkpt lat="50.179455" lon="18.567058"><ele>279.4</ele></trkpt>
      <trkpt lat="50.179458" lon="18.567025"><ele>279.4</ele></trkpt>
      <trkpt lat="50.179465" lon="18.566995"><ele>279.4</ele></trkpt>
      <trkpt lat="50.179468" lon="18.566943"><ele>279.4</ele></trkpt>
      <trkpt lat="50.179478" lon="18.566893"><ele>279.6</ele></trkpt>
      <trkpt lat="50.17948" lon="18.566857"><ele>279.6</ele></trkpt>
      <trkpt lat="50.179487" lon="18.566827"><ele>279.6</ele></trkpt>
      <trkpt lat="50.179487" lon="18.566793"><ele>279.6</ele></trkpt>
      <trkpt lat="50.179493" lon="18.566758"><ele>279.8</ele></trkpt>
      <trkpt lat="50.179497" lon="18.566725"><ele>279.8</ele></trkpt>
      <trkpt lat="50.179497" lon="18.566692"><ele>280.0</ele></trkpt>
      <trkpt lat="50.1795" lon="18.566652"><ele>280.0</ele></trkpt>
      <trkpt lat="50.179507" lon="18.566615"><ele>280.2</ele></trkpt>
      <trkpt lat="50.179517" lon="18.566578"><ele>280.2</ele></trkpt>
      <trkpt lat="50.179522" lon="18.566547"><ele>280.4</ele></trkpt>
      <trkpt lat="50.179525" lon="18.566515"><ele>280.4</ele></trkpt>
      <trkpt lat="50.179528" lon="18.566478"><ele>280.6</ele></trkpt>
      <trkpt lat="50.179525" lon="18.566427"><ele>280.6</ele></trkpt>
      <trkpt lat="50.179535" lon="18.566398"><ele>280.6</ele></trkpt>
      <trkpt lat="50.179528" lon="18.566357"><ele>280.8</ele></trkpt>
      <trkpt lat="50.179535" lon="18.566323"><ele>280.8</ele></trkpt>
      <trkpt lat="50.179538" lon="18.56629"><ele>280.8</ele></trkpt>
      <trkpt lat="50.179542" lon="18.566255"><ele>280.8</ele></trkpt>
      <trkpt lat="50.179545" lon="18.56622"><ele>280.8</ele></trkpt>
      <trkpt lat="50.179545" lon="18.566188"><ele>281.0</ele></trkpt>
      <trkpt lat="50.179545" lon="18.566148"><ele>281.0</ele></trkpt>
      <trkpt lat="50.179545" lon="18.5661"><ele>281.0</ele></trkpt>
      <trkpt lat="50.179545" lon="18.566065"><ele>281.0</ele></trkpt>
      <trkpt lat="50.179542" lon="18.56602"><ele>281.0</ele></trkpt>
      <trkpt lat="50.179538" lon="18.565978"><ele>281.0</ele></trkpt>
      <trkpt lat="50.179542" lon="18.565942"><ele>281.0</ele></trkpt>
      <trkpt lat="50.179548" lon="18.565907"><ele>281.0</ele></trkpt>
      <trkpt lat="50.17956" lon="18.56588"><ele>281.0</ele></trkpt>
      <trkpt lat="50.179563" lon="18.565833"><ele>281.0</ele></trkpt>
      <trkpt lat="50.179563" lon="18.565795"><ele>281.0</ele></trkpt>
      <trkpt lat="50.179577" lon="18.56576"><ele>281.2</ele></trkpt>
      <trkpt lat="50.179583" lon="18.56572"><ele>281.2</ele></trkpt>
      <trkpt lat="50.179593" lon="18.56568"><ele>281.2</ele></trkpt>
      <trkpt lat="50.179602" lon="18.565643"><ele>281.2</ele></trkpt>
      <trkpt lat="50.179612" lon="18.565608"><ele>281.2</ele></trkpt>
      <trkpt lat="50.179615" lon="18.565563"><ele>281.2</ele></trkpt>
      <trkpt lat="50.179615" lon="18.56552"><ele>281.4</ele></trkpt>
      <trkpt lat="50.179615" lon="18.565482"><ele>281.4</ele></trkpt>
      <trkpt lat="50.179615" lon="18.565443"><ele>281.4</ele></trkpt>
      <trkpt lat="50.179615" lon="18.565412"><ele>281.4</ele></trkpt>
      <trkpt lat="50.179615" lon="18.56538"><ele>281.4</ele></trkpt>
      <trkpt lat="50.179615" lon="18.565337"><ele>281.6</ele></trkpt>
      <trkpt lat="50.179615" lon="18.565297"><ele>281.6</ele></trkpt>
      <trkpt lat="50.179615" lon="18.565263"><ele>281.6</ele></trkpt>
      <trkpt lat="50.179618" lon="18.565223"><ele>281.8</ele></trkpt>
      <trkpt lat="50.179622" lon="18.565187"><ele>281.8</ele></trkpt>
      <trkpt lat="50.179625" lon="18.565152"><ele>281.8</ele></trkpt>
      <trkpt lat="50.179625" lon="18.565113"><ele>282.0</ele></trkpt>
      <trkpt lat="50.179628" lon="18.56507"><ele>282.0</ele></trkpt>
      <trkpt lat="50.179635" lon="18.565028"><ele>282.2</ele></trkpt>
      <trkpt lat="50.179628" lon="18.564978"><ele>282.2</ele></trkpt>
      <trkpt lat="50.179628" lon="18.564928"><ele>282.2</ele></trkpt>
      <trkpt lat="50.17964" lon="18.564883"><ele>282.4</ele></trkpt>
      <trkpt lat="50.17964" lon="18.56485"><ele>282.4</ele></trkpt>
      <trkpt lat="50.179643" lon="18.564818"><ele>282.6</ele></trkpt>
      <trkpt lat="50.179643" lon="18.564785"><ele>282.6</ele></trkpt>
      <trkpt lat="50.179653" lon="18.564752"><ele>282.8</ele></trkpt>
      <trkpt lat="50.179653" lon="18.564712"><ele>282.8</ele></trkpt>
      <trkpt lat="50.17966" lon="18.56467"><ele>282.8</ele></trkpt>
      <trkpt lat="50.179657" lon="18.56463"><ele>283.0</ele></trkpt>
      <trkpt lat="50.179667" lon="18.56459"><ele>283.0</ele></trkpt>
      <trkpt lat="50.179673" lon="18.564538"><ele>283.2</ele></trkpt>
      <trkpt lat="50.179673" lon="18.564483"><ele>283.2</ele></trkpt>
      <trkpt lat="50.179673" lon="18.564438"><ele>283.4</ele></trkpt>
      <trkpt lat="50.179677" lon="18.564393"><ele>283.4</ele></trkpt>
      <trkpt lat="50.179682" lon="18.564343"><ele>283.6</ele></trkpt>
      <trkpt lat="50.179685" lon="18.564308"><ele>283.6</ele></trkpt>
      <trkpt lat="50.179685" lon="18.56427"><ele>283.8</ele></trkpt>
      <trkpt lat="50.179692" lon="18.564233"><ele>283.8</ele></trkpt>
      <trkpt lat="50.179695" lon="18.564202"><ele>283.8</ele></trkpt>
      <trkpt lat="50.179705" lon="18.564172"><ele>284.0</ele></trkpt>
      <trkpt lat="50.179718" lon="18.56412"><ele>284.2</ele></trkpt>
      <trkpt lat="50.17972" lon="18.564085"><ele>284.2</ele></trkpt>
      <trkpt lat="50.179723" lon="18.56405"><ele>284.2</ele></trkpt>
      <trkpt lat="50.179723" lon="18.56401"><ele>284.4</ele></trkpt>
      <trkpt lat="50.179727" lon="18.563963"><ele>284.4</ele></trkpt>
      <trkpt lat="50.179733" lon="18.563927"><ele>284.4</ele></trkpt>
      <trkpt lat="50.17974" lon="18.563875"><ele>284.6</ele></trkpt>
      <trkpt lat="50.179747" lon="18.563837"><ele>284.6</ele></trkpt>
      <trkpt lat="50.179757" lon="18.563795"><ele>284.6</ele></trkpt>
      <trkpt lat="50.17976" lon="18.563758"><ele>284.6</ele></trkpt>
      <trkpt lat="50.179765" lon="18.56372"><ele>284.8</ele></trkpt>
      <trkpt lat="50.179772" lon="18.563677"><ele>284.8</ele></trkpt>
      <trkpt lat="50.179778" lon="18.563642"><ele>284.8</ele></trkpt>
      <trkpt lat="50.179778" lon="18.563602"><ele>284.8</ele></trkpt>
      <trkpt lat="50.179782" lon="18.563557"><ele>284.8</ele></trkpt>
      <trkpt lat="50.179782" lon="18.563513"><ele>284.8</ele></trkpt>
      <trkpt lat="50.179785" lon="18.563478"><ele>284.8</ele></trkpt>
      <trkpt lat="50.179792" lon="18.56344"><ele>284.8</ele></trkpt>
      <trkpt lat="50.179795" lon="18.56338"><ele>284.8</ele></trkpt>
      <trkpt lat="50.1798" lon="18.563348"><ele>284.8</ele></trkpt>
      <trkpt lat="50.179807" lon="18.563307"><ele>284.8</ele></trkpt>
      <trkpt lat="50.179813" lon="18.563272"><ele>284.8</ele></trkpt>
      <trkpt lat="50.179813" lon="18.563237"><ele>284.8</ele></trkpt>
      <trkpt lat="50.17982" lon="18.563202"><ele>284.8</ele></trkpt>
      <trkpt lat="50.179837" lon="18.563167"><ele>284.6</ele></trkpt>
      <trkpt lat="50.17984" lon="18.563133"><ele>284.6</ele></trkpt>
      <trkpt lat="50.179845" lon="18.563097"><ele>284.6</ele></trkpt>
      <trkpt lat="50.179852" lon="18.563062"><ele>284.6</ele></trkpt>
      <trkpt lat="50.179852" lon="18.563022"><ele>284.4</ele></trkpt>
      <trkpt lat="50.179858" lon="18.56298"><ele>284.4</ele></trkpt>
      <trkpt lat="50.179872" lon="18.562943"><ele>284.2</ele></trkpt>
      <trkpt lat="50.179878" lon="18.562912"><ele>284.2</ele></trkpt>
      <trkpt lat="50.17988" lon="18.56288"><ele>284.2</ele></trkpt>
      <trkpt lat="50.179883" lon="18.562838"><ele>284.0</ele></trkpt>
      <trkpt lat="50.179893" lon="18.562788"><ele>284.0</ele></trkpt>
      <trkpt lat="50.179897" lon="18.562743"><ele>283.8</ele></trkpt>
      <trkpt lat="50.179897" lon="18.562697"><ele>283.8</ele></trkpt>
      <trkpt lat="50.1799" lon="18.56265"><ele>283.8</ele></trkpt>
      <trkpt lat="50.179903" lon="18.562617"><ele>283.6</ele></trkpt>
      <trkpt lat="50.179907" lon="18.562583"><ele>283.6</ele></trkpt>
      <trkpt lat="50.179913" lon="18.562548"><ele>283.4</ele></trkpt>
      <trkpt lat="50.17992" lon="18.562513"><ele>283.4</ele></trkpt>
      <trkpt lat="50.179932" lon="18.56245"><ele>283.2</ele></trkpt>
      <trkpt lat="50.179932" lon="18.562413"><ele>283.2</ele></trkpt>
      <trkpt lat="50.179925" lon="18.562373"><ele>283.2</ele></trkpt>
      <trkpt lat="50.179922" lon="18.562338"><ele>283.2</ele></trkpt>
      <trkpt lat="50.179935" lon="18.562298"><ele>283.0</ele></trkpt>
      <trkpt lat="50.179942" lon="18.562252"><ele>283.0</ele></trkpt>
      <trkpt lat="50.179952" lon="18.562213"><ele>283.0</ele></trkpt>
      <trkpt lat="50.179958" lon="18.562175"><ele>282.8</ele></trkpt>
      <trkpt lat="50.17996" lon="18.562135"><ele>282.8</ele></trkpt>
      <trkpt lat="50.17996" lon="18.562095"><ele>282.8</ele></trkpt>
      <trkpt lat="50.17996" lon="18.56205"><ele>282.8</ele></trkpt>
      <trkpt lat="50.17997" lon="18.562007"><ele>282.8</ele></trkpt>
      <trkpt lat="50.17997" lon="18.561965"><ele>282.6</ele></trkpt>
      <trkpt lat="50.179977" lon="18.56193"><ele>282.6</ele></trkpt>
      <trkpt lat="50.17998" lon="18.561898"><ele>282.6</ele></trkpt>
      <trkpt lat="50.17999" lon="18.561862"><ele>282.6</ele></trkpt>
      <trkpt lat="50.18" lon="18.56182"><ele>282.6</ele></trkpt>
      <trkpt lat="50.180015" lon="18.56178"><ele>282.6</ele></trkpt>
      <trkpt lat="50.180022" lon="18.56175"><ele>282.4</ele></trkpt>
      <trkpt lat="50.180032" lon="18.561713"><ele>282.4</ele></trkpt>
      <trkpt lat="50.180038" lon="18.56168"><ele>282.4</ele></trkpt>
      <trkpt lat="50.180043" lon="18.561632"><ele>282.4</ele></trkpt>
      <trkpt lat="50.18005" lon="18.561598"><ele>282.4</ele></trkpt>
      <trkpt lat="50.180063" lon="18.561572"><ele>282.4</ele></trkpt>
      <trkpt lat="50.180077" lon="18.561528"><ele>282.4</ele></trkpt>
      <trkpt lat="50.180092" lon="18.561493"><ele>282.4</ele></trkpt>
      <trkpt lat="50.180098" lon="18.56146"><ele>282.4</ele></trkpt>
      <trkpt lat="50.180098" lon="18.561405"><ele>282.4</ele></trkpt>
      <trkpt lat="50.180098" lon="18.561373"><ele>282.4</ele></trkpt>
      <trkpt lat="50.180102" lon="18.56134"><ele>282.4</ele></trkpt>
      <trkpt lat="50.180102" lon="18.561307"><ele>282.4</ele></trkpt>
      <trkpt lat="50.180112" lon="18.561242"><ele>282.4</ele></trkpt>
      <trkpt lat="50.180115" lon="18.561197"><ele>282.4</ele></trkpt>
      <trkpt lat="50.18012" lon="18.561158"><ele>282.4</ele></trkpt>
      <trkpt lat="50.18013" lon="18.561123"><ele>282.4</ele></trkpt>
      <trkpt lat="50.18014" lon="18.561097"><ele>282.4</ele></trkpt>
      <trkpt lat="50.18015" lon="18.561062"><ele>282.4</ele></trkpt>
      <trkpt lat="50.18016" lon="18.561027"><ele>282.4</ele></trkpt>
      <trkpt lat="50.180178" lon="18.560983"><ele>282.6</ele></trkpt>
      <trkpt lat="50.180188" lon="18.560947"><ele>282.6</ele></trkpt>
      <trkpt lat="50.180195" lon="18.560903"><ele>282.6</ele></trkpt>
      <trkpt lat="50.180195" lon="18.560858"><ele>282.6</ele></trkpt>
      <trkpt lat="50.180203" lon="18.560818"><ele>282.6</ele></trkpt>
      <trkpt lat="50.18021" lon="18.560787"><ele>282.6</ele></trkpt>
      <trkpt lat="50.180217" lon="18.560753"><ele>282.6</ele></trkpt>
      <trkpt lat="50.18022" lon="18.560723"><ele>282.6</ele></trkpt>
      <trkpt lat="50.18023" lon="18.560667"><ele>282.6</ele></trkpt>
      <trkpt lat="50.180237" lon="18.560635"><ele>282.6</ele></trkpt>
      <trkpt lat="50.180238" lon="18.5606"><ele>282.6</ele></trkpt>
      <trkpt lat="50.180252" lon="18.560557"><ele>282.6</ele></trkpt>
      <trkpt lat="50.180262" lon="18.560527"><ele>282.6</ele></trkpt>
      <trkpt lat="50.180272" lon="18.560502"><ele>282.6</ele></trkpt>
      <trkpt lat="50.180278" lon="18.560462"><ele>282.6</ele></trkpt>
      <trkpt lat="50.180287" lon="18.560428"><ele>282.6</ele></trkpt>
      <trkpt lat="50.180297" lon="18.560393"><ele>282.6</ele></trkpt>
      <trkpt lat="50.1803" lon="18.560352"><ele>282.6</ele></trkpt>
      <trkpt lat="50.180313" lon="18.56032"><ele>282.6</ele></trkpt>
      <trkpt lat="50.18032" lon="18.560273"><ele>282.6</ele></trkpt>
      <trkpt lat="50.180328" lon="18.560242"><ele>282.6</ele></trkpt>
      <trkpt lat="50.180332" lon="18.560207"><ele>282.6</ele></trkpt>
      <trkpt lat="50.180338" lon="18.560168"><ele>282.6</ele></trkpt>
      <trkpt lat="50.180352" lon="18.560138"><ele>282.6</ele></trkpt>
      <trkpt lat="50.180358" lon="18.560102"><ele>282.4</ele></trkpt>
      <trkpt lat="50.18037" lon="18.560062"><ele>282.4</ele></trkpt>
      <trkpt lat="50.18038" lon="18.560023"><ele>282.4</ele></trkpt>
      <trkpt lat="50.180383" lon="18.55999"><ele>282.4</ele></trkpt>
      <trkpt lat="50.180393" lon="18.559953"><ele>282.4</ele></trkpt>
      <trkpt lat="50.180408" lon="18.559923"><ele>282.4</ele></trkpt>
      <trkpt lat="50.180412" lon="18.559877"><ele>282.4</ele></trkpt>
      <trkpt lat="50.180418" lon="18.559833"><ele>282.4</ele></trkpt>
      <trkpt lat="50.180422" lon="18.559792"><ele>282.4</ele></trkpt>
      <trkpt lat="50.180428" lon="18.559752"><ele>282.4</ele></trkpt>
      <trkpt lat="50.180435" lon="18.559705"><ele>282.4</ele></trkpt>
      <trkpt lat="50.18044" lon="18.559667"><ele>282.4</ele></trkpt>
      <trkpt lat="50.180453" lon="18.559627"><ele>282.4</ele></trkpt>
      <trkpt lat="50.18047" lon="18.559582"><ele>282.4</ele></trkpt>
      <trkpt lat="50.180482" lon="18.559542"><ele>282.2</ele></trkpt>
      <trkpt lat="50.180495" lon="18.559505"><ele>282.2</ele></trkpt>
      <trkpt lat="50.180502" lon="18.559468"><ele>282.2</ele></trkpt>
      <trkpt lat="50.180512" lon="18.559437"><ele>282.2</ele></trkpt>
      <trkpt lat="50.180518" lon="18.559402"><ele>282.2</ele></trkpt>
      <trkpt lat="50.180533" lon="18.559368"><ele>282.2</ele></trkpt>
      <trkpt lat="50.180547" lon="18.559345"><ele>282.2</ele></trkpt>
      <trkpt lat="50.180557" lon="18.559315"><ele>282.2</ele></trkpt>
      <trkpt lat="50.180572" lon="18.559288"><ele>282.2</ele></trkpt>
      <trkpt lat="50.180582" lon="18.559265"><ele>282.2</ele></trkpt>
      <trkpt lat="50.180592" lon="18.559225"><ele>282.0</ele></trkpt>
      <trkpt lat="50.1806" lon="18.559188"><ele>282.0</ele></trkpt>
      <trkpt lat="50.18061" lon="18.559147"><ele>282.0</ele></trkpt>
      <trkpt lat="50.180617" lon="18.559102"><ele>282.0</ele></trkpt>
      <trkpt lat="50.180627" lon="18.559065"><ele>282.0</ele></trkpt>
      <trkpt lat="50.180633" lon="18.559027"><ele>282.0</ele></trkpt>
      <trkpt lat="50.180645" lon="18.558992"><ele>282.0</ele></trkpt>
      <trkpt lat="50.180655" lon="18.558953"><ele>281.8</ele></trkpt>
      <trkpt lat="50.180672" lon="18.558918"><ele>281.8</ele></trkpt>
      <trkpt lat="50.18068" lon="18.558883"><ele>281.8</ele></trkpt>
      <trkpt lat="50.180697" lon="18.558852"><ele>281.8</ele></trkpt>
      <trkpt lat="50.18071" lon="18.558813"><ele>281.8</ele></trkpt>
      <trkpt lat="50.180717" lon="18.558772"><ele>281.8</ele></trkpt>
      <trkpt lat="50.180725" lon="18.55873"><ele>281.8</ele></trkpt>
      <trkpt lat="50.180735" lon="18.55869"><ele>281.6</ele></trkpt>
      <trkpt lat="50.180745" lon="18.558653"><ele>281.6</ele></trkpt>
      <trkpt lat="50.180755" lon="18.55862"><ele>281.6</ele></trkpt>
      <trkpt lat="50.180767" lon="18.558595"><ele>281.6</ele></trkpt>
      <trkpt lat="50.18078" lon="18.558568"><ele>281.6</ele></trkpt>
      <trkpt lat="50.180793" lon="18.558528"><ele>281.6</ele></trkpt>
      <trkpt lat="50.180805" lon="18.558493"><ele>281.6</ele></trkpt>
      <trkpt lat="50.180815" lon="18.558463"><ele>281.6</ele></trkpt>
      <trkpt lat="50.180835" lon="18.558437"><ele>281.6</ele></trkpt>
      <trkpt lat="50.18085" lon="18.558402"><ele>281.6</ele></trkpt>
      <trkpt lat="50.18087" lon="18.55837"><ele>281.6</ele></trkpt>
      <trkpt lat="50.180885" lon="18.55834"><ele>281.6</ele></trkpt>
      <trkpt lat="50.180898" lon="18.558308"><ele>281.4</ele></trkpt>
      <trkpt lat="50.180912" lon="18.558275"><ele>281.4</ele></trkpt>
      <trkpt lat="50.180927" lon="18.558247"><ele>281.4</ele></trkpt>
      <trkpt lat="50.180943" lon="18.558215"><ele>281.4</ele></trkpt>
      <trkpt lat="50.180957" lon="18.558195"><ele>281.4</ele></trkpt>
      <trkpt lat="50.180965" lon="18.558153"><ele>281.4</ele></trkpt>
      <trkpt lat="50.180972" lon="18.558118"><ele>281.2</ele></trkpt>
      <trkpt lat="50.180972" lon="18.558083"><ele>281.2</ele></trkpt>
      <trkpt lat="50.180962" lon="18.558053"><ele>281.2</ele></trkpt>
      <trkpt lat="50.180943" lon="18.558023"><ele>281.2</ele></trkpt>
      <trkpt lat="50.180923" lon="18.558002"><ele>281.0</ele></trkpt>
      <trkpt lat="50.180908" lon="18.55799"><ele>281.0</ele></trkpt>
      <trkpt lat="50.180885" lon="18.557988"><ele>280.8</ele></trkpt>
      <trkpt lat="50.180853" lon="18.557998"><ele>280.6</ele></trkpt>
      <trkpt lat="50.180815" lon="18.558003"><ele>280.2</ele></trkpt>
      <trkpt lat="50.1808" lon="18.558017"><ele>280.2</ele></trkpt>
      <trkpt lat="50.180773" lon="18.558035"><ele>280.0</ele></trkpt>
      <trkpt lat="50.180725" lon="18.558055"><ele>279.8</ele></trkpt>
      <trkpt lat="50.180697" lon="18.558055"><ele>279.6</ele></trkpt>
      <trkpt lat="50.180675" lon="18.558057"><ele>279.4</ele></trkpt>
      <trkpt lat="50.180652" lon="18.558075"><ele>279.2</ele></trkpt>
      <trkpt lat="50.18062" lon="18.558105"><ele>279.0</ele></trkpt>
      <trkpt lat="50.180598" lon="18.55811"><ele>278.8</ele></trkpt>
      <trkpt lat="50.180575" lon="18.558118"><ele>278.6</ele></trkpt>
      <trkpt lat="50.18054" lon="18.558122"><ele>278.6</ele></trkpt>
      <trkpt lat="50.180518" lon="18.558128"><ele>278.4</ele></trkpt>
      <trkpt lat="50.180498" lon="18.558133"><ele>278.2</ele></trkpt>
      <trkpt lat="50.180467" lon="18.558155"><ele>278.0</ele></trkpt>
      <trkpt lat="50.180432" lon="18.558167"><ele>277.8</ele></trkpt>
      <trkpt lat="50.180408" lon="18.558187"><ele>277.6</ele></trkpt>
      <trkpt lat="50.180383" lon="18.558207"><ele>277.6</ele></trkpt>
      <trkpt lat="50.180355" lon="18.558217"><ele>277.4</ele></trkpt>
      <trkpt lat="50.180322" lon="18.558218"><ele>277.4</ele></trkpt>
      <trkpt lat="50.18029" lon="18.558213"><ele>277.2</ele></trkpt>
      <trkpt lat="50.180238" lon="18.558238"><ele>277.0</ele></trkpt>
      <trkpt lat="50.18022" lon="18.55824"><ele>277.0</ele></trkpt>
      <trkpt lat="50.180178" lon="18.558268"><ele>276.8</ele></trkpt>
      <trkpt lat="50.180157" lon="18.558268"><ele>276.8</ele></trkpt>
      <trkpt lat="50.180133" lon="18.558277"><ele>276.6</ele></trkpt>
      <trkpt lat="50.180112" lon="18.558307"><ele>276.6</ele></trkpt>
      <trkpt lat="50.180095" lon="18.558323"><ele>276.6</ele></trkpt>
      <trkpt lat="50.18007" lon="18.558337"><ele>276.4</ele></trkpt>
      <trkpt lat="50.18004" lon="18.55834"><ele>276.2</ele></trkpt>
      <trkpt lat="50.180005" lon="18.558355"><ele>276.2</ele></trkpt>
      <trkpt lat="50.17998" lon="18.558358"><ele>276.0</ele></trkpt>
      <trkpt lat="50.179952" lon="18.558392"><ele>275.8</ele></trkpt>
      <trkpt lat="50.179935" lon="18.558422"><ele>275.8</ele></trkpt>
      <trkpt lat="50.179907" lon="18.558452"><ele>275.8</ele></trkpt>
      <trkpt lat="50.179875" lon="18.558473"><ele>275.6</ele></trkpt>
      <trkpt lat="50.179845" lon="18.558485"><ele>275.6</ele></trkpt>
      <trkpt lat="50.179827" lon="18.55849"><ele>275.6</ele></trkpt>
      <trkpt lat="50.1798" lon="18.558505"><ele>275.6</ele></trkpt>
      <trkpt lat="50.179775" lon="18.558512"><ele>275.6</ele></trkpt>
      <trkpt lat="50.179747" lon="18.558517"><ele>275.6</ele></trkpt>
      <trkpt lat="50.179718" lon="18.558525"><ele>275.6</ele></trkpt>
      <trkpt lat="50.179695" lon="18.558532"><ele>275.6</ele></trkpt>
      <trkpt lat="50.179677" lon="18.558543"><ele>275.6</ele></trkpt>
      <trkpt lat="50.179628" lon="18.558583"><ele>275.8</ele></trkpt>
      <trkpt lat="50.179605" lon="18.558597"><ele>275.8</ele></trkpt>
      <trkpt lat="50.179583" lon="18.558603"><ele>275.8</ele></trkpt>
      <trkpt lat="50.179558" lon="18.558612"><ele>276.0</ele></trkpt>
      <trkpt lat="50.179535" lon="18.558623"><ele>276.0</ele></trkpt>
      <trkpt lat="50.179507" lon="18.558635"><ele>276.2</ele></trkpt>
      <trkpt lat="50.17948" lon="18.558645"><ele>276.4</ele></trkpt>
      <trkpt lat="50.179445" lon="18.558653"><ele>276.4</ele></trkpt>
      <trkpt lat="50.179417" lon="18.558675"><ele>276.6</ele></trkpt>
      <trkpt lat="50.179388" lon="18.558688"><ele>276.6</ele></trkpt>
      <trkpt lat="50.179362" lon="18.558715"><ele>276.8</ele></trkpt>
      <trkpt lat="50.17934" lon="18.558722"><ele>277.0</ele></trkpt>
      <trkpt lat="50.17932" lon="18.558732"><ele>277.2</ele></trkpt>
      <trkpt lat="50.179298" lon="18.55874"><ele>277.4</ele></trkpt>
      <trkpt lat="50.17928" lon="18.55875"><ele>277.6</ele></trkpt>
      <trkpt lat="50.179257" lon="18.55873"><ele>278.4</ele></trkpt>
      <trkpt lat="50.179238" lon="18.558742"><ele>278.4</ele></trkpt>
      <trkpt lat="50.179232" lon="18.55878"><ele>279.0</ele></trkpt>
      <trkpt lat="50.179208" lon="18.558795"><ele>279.2</ele></trkpt>
      <trkpt lat="50.179183" lon="18.558803"><ele>279.2</ele></trkpt>
      <trkpt lat="50.179163" lon="18.558807"><ele>279.2</ele></trkpt>
      <trkpt lat="50.17912" lon="18.558813"><ele>279.2</ele></trkpt>
      <trkpt lat="50.179087" lon="18.558822"><ele>279.2</ele></trkpt>
      <trkpt lat="50.179062" lon="18.558838"><ele>279.2</ele></trkpt>
      <trkpt lat="50.179023" lon="18.558853"><ele>279.4</ele></trkpt>
      <trkpt lat="50.179003" lon="18.558868"><ele>279.4</ele></trkpt>
      <trkpt lat="50.178978" lon="18.558882"><ele>279.4</ele></trkpt>
      <trkpt lat="50.178947" lon="18.55889"><ele>279.4</ele></trkpt>
      <trkpt lat="50.178918" lon="18.558922"><ele>279.4</ele></trkpt>
      <trkpt lat="50.178892" lon="18.558933"><ele>279.4</ele></trkpt>
      <trkpt lat="50.17887" lon="18.558957"><ele>279.4</ele></trkpt>
      <trkpt lat="50.178847" lon="18.558972"><ele>279.4</ele></trkpt>
      <trkpt lat="50.178828" lon="18.558993"><ele>279.4</ele></trkpt>
      <trkpt lat="50.1788" lon="18.559022"><ele>279.4</ele></trkpt>
      <trkpt lat="50.17876" lon="18.559032"><ele>279.4</ele></trkpt>
      <trkpt lat="50.178742" lon="18.55904"><ele>279.4</ele></trkpt>
      <trkpt lat="50.178718" lon="18.559048"><ele>279.4</ele></trkpt>
      <trkpt lat="50.178693" lon="18.559055"><ele>279.4</ele></trkpt>
      <trkpt lat="50.178672" lon="18.559067"><ele>279.4</ele></trkpt>
      <trkpt lat="50.178645" lon="18.55907"><ele>279.4</ele></trkpt>
      <trkpt lat="50.178623" lon="18.559072"><ele>279.4</ele></trkpt>
      <trkpt lat="50.178582" lon="18.55908"><ele>279.4</ele></trkpt>
      <trkpt lat="50.178557" lon="18.559095"><ele>279.4</ele></trkpt>
      <trkpt lat="50.17853" lon="18.55912"><ele>279.6</ele></trkpt>
      <trkpt lat="50.178512" lon="18.559137"><ele>279.6</ele></trkpt>
      <trkpt lat="50.178482" lon="18.559148"><ele>279.6</ele></trkpt>
      <trkpt lat="50.178453" lon="18.559158"><ele>279.4</ele></trkpt>
      <trkpt lat="50.178432" lon="18.559165"><ele>279.4</ele></trkpt>
      <trkpt lat="50.178408" lon="18.559163"><ele>279.4</ele></trkpt>
      <trkpt lat="50.178383" lon="18.55916"><ele>279.4</ele></trkpt>
      <trkpt lat="50.178355" lon="18.559165"><ele>279.4</ele></trkpt>
      <trkpt lat="50.178335" lon="18.559175"><ele>279.4</ele></trkpt>
      <trkpt lat="50.178317" lon="18.559168"><ele>279.2</ele></trkpt>
      <trkpt lat="50.178293" lon="18.559177"><ele>279.2</ele></trkpt>
      <trkpt lat="50.178272" lon="18.559188"><ele>279.2</ele></trkpt>
      <trkpt lat="50.178242" lon="18.559198"><ele>279.0</ele></trkpt>
      <trkpt lat="50.178223" lon="18.559207"><ele>279.0</ele></trkpt>
      <trkpt lat="50.178203" lon="18.55922"><ele>279.0</ele></trkpt>
      <trkpt lat="50.178175" lon="18.559235"><ele>279.0</ele></trkpt>
      <trkpt lat="50.17815" lon="18.559255"><ele>278.8</ele></trkpt>
      <trkpt lat="50.17813" lon="18.559263"><ele>278.8</ele></trkpt>
      <trkpt lat="50.178112" lon="18.559272"><ele>278.8</ele></trkpt>
      <trkpt lat="50.17808" lon="18.55929"><ele>278.6</ele></trkpt>
      <trkpt lat="50.178053" lon="18.559318"><ele>278.6</ele></trkpt>
      <trkpt lat="50.178028" lon="18.55933"><ele>278.4</ele></trkpt>
      <trkpt lat="50.178008" lon="18.559343"><ele>278.4</ele></trkpt>
      <trkpt lat="50.17798" lon="18.55935"><ele>278.4</ele></trkpt>
      <trkpt lat="50.177952" lon="18.559363"><ele>278.2</ele></trkpt>
      <trkpt lat="50.177928" lon="18.55937"><ele>278.2</ele></trkpt>
      <trkpt lat="50.177907" lon="18.559387"><ele>278.2</ele></trkpt>
      <trkpt lat="50.17788" lon="18.559397"><ele>278.0</ele></trkpt>
      <trkpt lat="50.177845" lon="18.559427"><ele>278.0</ele></trkpt>
      <trkpt lat="50.177827" lon="18.559438"><ele>278.0</ele></trkpt>
      <trkpt lat="50.177795" lon="18.559448"><ele>278.0</ele></trkpt>
      <trkpt lat="50.177768" lon="18.559458"><ele>278.0</ele></trkpt>
      <trkpt lat="50.17774" lon="18.55947"><ele>278.0</ele></trkpt>
      <trkpt lat="50.177715" lon="18.55948"><ele>278.0</ele></trkpt>
      <trkpt lat="50.17768" lon="18.559488"><ele>278.0</ele></trkpt>
      <trkpt lat="50.17766" lon="18.559497"><ele>278.0</ele></trkpt>
      <trkpt lat="50.17764" lon="18.559517"><ele>278.0</ele></trkpt>
      <trkpt lat="50.177628" lon="18.559537"><ele>278.4</ele></trkpt>
      <trkpt lat="50.177635" lon="18.559505"><ele>278.4</ele></trkpt>
      <trkpt lat="50.177647" lon="18.559482"><ele>278.6</ele></trkpt>
      <trkpt lat="50.177657" lon="18.559457"><ele>280.2</ele></trkpt>
      <trkpt lat="50.177635" lon="18.559465"><ele>281.6</ele></trkpt>
      <trkpt lat="50.177615" lon="18.55948"><ele>281.8</ele></trkpt>
      <trkpt lat="50.177593" lon="18.559492"><ele>282.0</ele></trkpt>
      <trkpt lat="50.17756" lon="18.559497"><ele>282.2</ele></trkpt>
      <trkpt lat="50.177542" lon="18.559492"><ele>282.4</ele></trkpt>
      <trkpt lat="50.177517" lon="18.559497"><ele>282.6</ele></trkpt>
      <trkpt lat="50.177497" lon="18.559497"><ele>282.6</ele></trkpt>
      <trkpt lat="50.177478" lon="18.559515"><ele>282.6</ele></trkpt>
      <trkpt lat="50.177458" lon="18.559533"><ele>282.6</ele></trkpt>
      <trkpt lat="50.177437" lon="18.559542"><ele>282.6</ele></trkpt>
      <trkpt lat="50.177403" lon="18.559555"><ele>282.4</ele></trkpt>
      <trkpt lat="50.177382" lon="18.559557"><ele>282.4</ele></trkpt>
      <trkpt lat="50.17736" lon="18.559575"><ele>282.2</ele></trkpt>
      <trkpt lat="50.177337" lon="18.559598"><ele>282.2</ele></trkpt>
      <trkpt lat="50.17732" lon="18.559615"><ele>282.0</ele></trkpt>
      <trkpt lat="50.177302" lon="18.559623"><ele>281.8</ele></trkpt>
      <trkpt lat="50.177282" lon="18.559628"><ele>281.6</ele></trkpt>
      <trkpt lat="50.177263" lon="18.559627"><ele>281.4</ele></trkpt>
      <trkpt lat="50.177235" lon="18.559637"><ele>281.2</ele></trkpt>
      <trkpt lat="50.177215" lon="18.559633"><ele>281.0</ele></trkpt>
      <trkpt lat="50.177183" lon="18.559653"><ele>280.8</ele></trkpt>
      <trkpt lat="50.177163" lon="18.559663"><ele>280.6</ele></trkpt>
      <trkpt lat="50.177145" lon="18.559662"><ele>280.4</ele></trkpt>
      <trkpt lat="50.177125" lon="18.559663"><ele>280.0</ele></trkpt>
      <trkpt lat="50.177107" lon="18.559672"><ele>279.8</ele></trkpt>
      <trkpt lat="50.177083" lon="18.559678"><ele>279.6</ele></trkpt>
      <trkpt lat="50.177065" lon="18.5597"><ele>279.2</ele></trkpt>
      <trkpt lat="50.177042" lon="18.559697"><ele>279.0</ele></trkpt>
      <trkpt lat="50.177023" lon="18.559708"><ele>278.6</ele></trkpt>
      <trkpt lat="50.177" lon="18.559727"><ele>278.4</ele></trkpt>
      <trkpt lat="50.176982" lon="18.559727"><ele>278.2</ele></trkpt>
      <trkpt lat="50.17696" lon="18.55973"><ele>278.0</ele></trkpt>
      <trkpt lat="50.176937" lon="18.559743"><ele>277.8</ele></trkpt>
      <trkpt lat="50.176915" lon="18.559762"><ele>277.8</ele></trkpt>
      <trkpt lat="50.176892" lon="18.559777"><ele>277.6</ele></trkpt>
      <trkpt lat="50.176867" lon="18.559798"><ele>277.4</ele></trkpt>
      <trkpt lat="50.17684" lon="18.559817"><ele>277.2</ele></trkpt>
      <trkpt lat="50.176805" lon="18.559835"><ele>277.2</ele></trkpt>
      <trkpt lat="50.176777" lon="18.559855"><ele>277.0</ele></trkpt>
      <trkpt lat="50.176748" lon="18.559863"><ele>277.0</ele></trkpt>
      <trkpt lat="50.176725" lon="18.559877"><ele>277.0</ele></trkpt>
      <trkpt lat="50.176703" lon="18.559883"><ele>276.8</ele></trkpt>
      <trkpt lat="50.176683" lon="18.559902"><ele>276.8</ele></trkpt>
      <trkpt lat="50.176655" lon="18.559917"><ele>276.8</ele></trkpt>
      <trkpt lat="50.176623" lon="18.559932"><ele>276.6</ele></trkpt>
      <trkpt lat="50.176603" lon="18.559942"><ele>276.6</ele></trkpt>
      <trkpt lat="50.176582" lon="18.559957"><ele>276.6</ele></trkpt>
      <trkpt lat="50.17655" lon="18.559972"><ele>276.6</ele></trkpt>
      <trkpt lat="50.176527" lon="18.559983"><ele>276.6</ele></trkpt>
      <trkpt lat="50.176508" lon="18.559997"><ele>276.6</ele></trkpt>
      <trkpt lat="50.176488" lon="18.560012"><ele>276.6</ele></trkpt>
      <trkpt lat="50.17646" lon="18.560022"><ele>276.6</ele></trkpt>
      <trkpt lat="50.176443" lon="18.560035"><ele>276.8</ele></trkpt>
      <trkpt lat="50.176425" lon="18.560043"><ele>276.8</ele></trkpt>
      <trkpt lat="50.176405" lon="18.56005"><ele>276.8</ele></trkpt>
      <trkpt lat="50.176387" lon="18.560072"><ele>276.8</ele></trkpt>
      <trkpt lat="50.17636" lon="18.560075"><ele>276.8</ele></trkpt>
      <trkpt lat="50.176342" lon="18.560087"><ele>277.0</ele></trkpt>
      <trkpt lat="50.176317" lon="18.56009"><ele>277.0</ele></trkpt>
      <trkpt lat="50.17629" lon="18.560102"><ele>277.2</ele></trkpt>
      <trkpt lat="50.176262" lon="18.560112"><ele>277.4</ele></trkpt>
      <trkpt lat="50.176233" lon="18.560118"><ele>277.4</ele></trkpt>
      <trkpt lat="50.176207" lon="18.560127"><ele>277.6</ele></trkpt>
      <trkpt lat="50.176178" lon="18.560133"><ele>277.6</ele></trkpt>
      <trkpt lat="50.17616" lon="18.560145"><ele>277.8</ele></trkpt>
      <trkpt lat="50.17613" lon="18.560155"><ele>277.8</ele></trkpt>
      <trkpt lat="50.176105" lon="18.560168"><ele>277.8</ele></trkpt>
      <trkpt lat="50.176082" lon="18.560185"><ele>278.0</ele></trkpt>
      <trkpt lat="50.176053" lon="18.560203"><ele>278.0</ele></trkpt>
      <trkpt lat="50.176032" lon="18.560223"><ele>278.0</ele></trkpt>
      <trkpt lat="50.176012" lon="18.560233"><ele>278.0</ele></trkpt>
      <trkpt lat="50.175993" lon="18.560252"><ele>278.2</ele></trkpt>
      <trkpt lat="50.175983" lon="18.560288"><ele>278.2</ele></trkpt>
      <trkpt lat="50.17597" lon="18.56032"><ele>278.2</ele></trkpt>
      <trkpt lat="50.175955" lon="18.560338"><ele>278.2</ele></trkpt>
      <trkpt lat="50.175928" lon="18.56035"><ele>278.2</ele></trkpt>
      <trkpt lat="50.175893" lon="18.560348"><ele>278.2</ele></trkpt>
      <trkpt lat="50.175868" lon="18.560337"><ele>278.2</ele></trkpt>
      <trkpt lat="50.175845" lon="18.560322"><ele>278.2</ele></trkpt>
      <trkpt lat="50.175827" lon="18.560298"><ele>278.2</ele></trkpt>
      <trkpt lat="50.175807" lon="18.560288"><ele>278.2</ele></trkpt>
      <trkpt lat="50.175782" lon="18.560283"><ele>278.2</ele></trkpt>
      <trkpt lat="50.175753" lon="18.560283"><ele>278.0</ele></trkpt>
      <trkpt lat="50.175733" lon="18.560283"><ele>278.0</ele></trkpt>
      <trkpt lat="50.175712" lon="18.56028"><ele>277.8</ele></trkpt>
      <trkpt lat="50.175692" lon="18.560282"><ele>277.6</ele></trkpt>
      <trkpt lat="50.17567" lon="18.56029"><ele>277.4</ele></trkpt>
      <trkpt lat="50.17565" lon="18.5603"><ele>277.2</ele></trkpt>
      <trkpt lat="50.175635" lon="18.56032"><ele>277.0</ele></trkpt>
      <trkpt lat="50.175612" lon="18.560338"><ele>276.8</ele></trkpt>
      <trkpt lat="50.175593" lon="18.56035"><ele>276.8</ele></trkpt>
      <trkpt lat="50.175577" lon="18.560362"><ele>276.6</ele></trkpt>
      <trkpt lat="50.175555" lon="18.560378"><ele>276.4</ele></trkpt>
      <trkpt lat="50.175522" lon="18.560407"><ele>276.4</ele></trkpt>
      <trkpt lat="50.175507" lon="18.560432"><ele>276.2</ele></trkpt>
      <trkpt lat="50.17549" lon="18.560445"><ele>276.0</ele></trkpt>
      <trkpt lat="50.175468" lon="18.560462"><ele>275.8</ele></trkpt>
      <trkpt lat="50.175442" lon="18.560473"><ele>275.6</ele></trkpt>
      <trkpt lat="50.175417" lon="18.560478"><ele>275.6</ele></trkpt>
      <trkpt lat="50.175395" lon="18.56048"><ele>275.2</ele></trkpt>
      <trkpt lat="50.175375" lon="18.56048"><ele>275.0</ele></trkpt>
      <trkpt lat="50.17535" lon="18.560485"><ele>274.8</ele></trkpt>
      <trkpt lat="50.17533" lon="18.560485"><ele>274.6</ele></trkpt>
      <trkpt lat="50.175305" lon="18.560495"><ele>274.2</ele></trkpt>
      <trkpt lat="50.17528" lon="18.560498"><ele>274.0</ele></trkpt>
      <trkpt lat="50.175253" lon="18.560512"><ele>273.6</ele></trkpt>
      <trkpt lat="50.175232" lon="18.560515"><ele>273.4</ele></trkpt>
      <trkpt lat="50.175208" lon="18.56052"><ele>273.2</ele></trkpt>
      <trkpt lat="50.17518" lon="18.56053"><ele>273.0</ele></trkpt>
      <trkpt lat="50.175158" lon="18.560542"><ele>272.8</ele></trkpt>
      <trkpt lat="50.175135" lon="18.56055"><ele>272.4</ele></trkpt>
      <trkpt lat="50.175117" lon="18.560555"><ele>272.0</ele></trkpt>
      <trkpt lat="50.175093" lon="18.560552"><ele>271.6</ele></trkpt>
      <trkpt lat="50.175075" lon="18.560557"><ele>271.4</ele></trkpt>
      <trkpt lat="50.175045" lon="18.560565"><ele>271.0</ele></trkpt>
      <trkpt lat="50.175027" lon="18.560568"><ele>271.0</ele></trkpt>
      <trkpt lat="50.174998" lon="18.560582"><ele>270.6</ele></trkpt>
      <trkpt lat="50.174972" lon="18.56059"><ele>270.4</ele></trkpt>
      <trkpt lat="50.17494" lon="18.560595"><ele>270.0</ele></trkpt>
      <trkpt lat="50.174912" lon="18.560603"><ele>269.8</ele></trkpt>
      <trkpt lat="50.17488" lon="18.560618"><ele>269.6</ele></trkpt>
      <trkpt lat="50.174853" lon="18.560643"><ele>269.6</ele></trkpt>
      <trkpt lat="50.174835" lon="18.560648"><ele>269.4</ele></trkpt>
      <trkpt lat="50.174808" lon="18.56065"><ele>269.2</ele></trkpt>
      <trkpt lat="50.17478" lon="18.56067"><ele>269.2</ele></trkpt>
      <trkpt lat="50.174758" lon="18.56067"><ele>269.0</ele></trkpt>
      <trkpt lat="50.174738" lon="18.56067"><ele>269.0</ele></trkpt>
      <trkpt lat="50.174722" lon="18.560685"><ele>269.0</ele></trkpt>
      <trkpt lat="50.174697" lon="18.560693"><ele>269.0</ele></trkpt>
      <trkpt lat="50.174675" lon="18.560708"><ele>269.0</ele></trkpt>
      <trkpt lat="50.174642" lon="18.560705"><ele>269.0</ele></trkpt>
      <trkpt lat="50.174623" lon="18.560708"><ele>269.2</ele></trkpt>
      <trkpt lat="50.174603" lon="18.560738"><ele>269.4</ele></trkpt>
      <trkpt lat="50.174592" lon="18.560762"><ele>269.4</ele></trkpt>
      <trkpt lat="50.174568" lon="18.560788"><ele>269.4</ele></trkpt>
      <trkpt lat="50.17454" lon="18.560815"><ele>269.6</ele></trkpt>
      <trkpt lat="50.17452" lon="18.560827"><ele>269.8</ele></trkpt>
      <trkpt lat="50.174502" lon="18.560842"><ele>269.8</ele></trkpt>
      <trkpt lat="50.174477" lon="18.560867"><ele>270.0</ele></trkpt>
      <trkpt lat="50.174457" lon="18.560873"><ele>270.2</ele></trkpt>
      <trkpt lat="50.174438" lon="18.560883"><ele>270.2</ele></trkpt>
      <trkpt lat="50.174418" lon="18.560897"><ele>270.4</ele></trkpt>
      <trkpt lat="50.174397" lon="18.560915"><ele>270.4</ele></trkpt>
      <trkpt lat="50.174373" lon="18.56092"><ele>270.4</ele></trkpt>
      <trkpt lat="50.174352" lon="18.560928"><ele>270.6</ele></trkpt>
      <trkpt lat="50.174332" lon="18.560942"><ele>270.6</ele></trkpt>
      <trkpt lat="50.174313" lon="18.560947"><ele>270.6</ele></trkpt>
      <trkpt lat="50.17429" lon="18.560943"><ele>270.6</ele></trkpt>
      <trkpt lat="50.174265" lon="18.560933"><ele>270.6</ele></trkpt>
      <trkpt lat="50.17424" lon="18.560947"><ele>270.6</ele></trkpt>
      <trkpt lat="50.174223" lon="18.560962"><ele>270.6</ele></trkpt>
      <trkpt lat="50.174203" lon="18.560967"><ele>270.6</ele></trkpt>
      <trkpt lat="50.174185" lon="18.560985"><ele>270.6</ele></trkpt>
      <trkpt lat="50.174157" lon="18.560997"><ele>270.6</ele></trkpt>
      <trkpt lat="50.174115" lon="18.560993"><ele>270.6</ele></trkpt>
      <trkpt lat="50.174095" lon="18.561008"><ele>270.6</ele></trkpt>
      <trkpt lat="50.174063" lon="18.561033"><ele>270.6</ele></trkpt>
      <trkpt lat="50.174043" lon="18.561043"><ele>270.6</ele></trkpt>
      <trkpt lat="50.174015" lon="18.561058"><ele>270.6</ele></trkpt>
      <trkpt lat="50.173997" lon="18.561065"><ele>270.6</ele></trkpt>
      <trkpt lat="50.173963" lon="18.561075"><ele>270.8</ele></trkpt>
      <trkpt lat="50.173942" lon="18.5611"><ele>270.8</ele></trkpt>
      <trkpt lat="50.173907" lon="18.561135"><ele>271.0</ele></trkpt>
      <trkpt lat="50.17388" lon="18.561157"><ele>271.2</ele></trkpt>
      <trkpt lat="50.173845" lon="18.561172"><ele>271.2</ele></trkpt>
      <trkpt lat="50.173827" lon="18.56118"><ele>271.4</ele></trkpt>
      <trkpt lat="50.1738" lon="18.56119"><ele>271.4</ele></trkpt>
      <trkpt lat="50.173768" lon="18.561203"><ele>271.6</ele></trkpt>
      <trkpt lat="50.17375" lon="18.561213"><ele>271.8</ele></trkpt>
      <trkpt lat="50.173723" lon="18.56122"><ele>272.0</ele></trkpt>
      <trkpt lat="50.173702" lon="18.561233"><ele>272.2</ele></trkpt>
      <trkpt lat="50.17367" lon="18.56124"><ele>272.4</ele></trkpt>
      <trkpt lat="50.173643" lon="18.561252"><ele>272.6</ele></trkpt>
      <trkpt lat="50.173625" lon="18.561263"><ele>272.8</ele></trkpt>
      <trkpt lat="50.173605" lon="18.561303"><ele>273.0</ele></trkpt>
      <trkpt lat="50.17358" lon="18.561328"><ele>273.2</ele></trkpt>
      <trkpt lat="50.173552" lon="18.561333"><ele>273.4</ele></trkpt>
      <trkpt lat="50.173525" lon="18.56133"><ele>273.6</ele></trkpt>
      <trkpt lat="50.173507" lon="18.561338"><ele>274.0</ele></trkpt>
      <trkpt lat="50.173487" lon="18.561342"><ele>274.2</ele></trkpt>
      <trkpt lat="50.173468" lon="18.561335"><ele>274.4</ele></trkpt>
      <trkpt lat="50.173445" lon="18.561345"><ele>274.4</ele></trkpt>
      <trkpt lat="50.173407" lon="18.56137"><ele>274.4</ele></trkpt>
      <trkpt lat="50.173378" lon="18.561388"><ele>274.4</ele></trkpt>
      <trkpt lat="50.173347" lon="18.561397"><ele>274.4</ele></trkpt>
      <trkpt lat="50.17332" lon="18.561397"><ele>274.4</ele></trkpt>
      <trkpt lat="50.173302" lon="18.561405"><ele>274.4</ele></trkpt>
      <trkpt lat="50.17328" lon="18.561405"><ele>274.2</ele></trkpt>
      <trkpt lat="50.173253" lon="18.56141"><ele>274.2</ele></trkpt>
      <trkpt lat="50.173232" lon="18.561418"><ele>274.0</ele></trkpt>
      <trkpt lat="50.1732" lon="18.561425"><ele>274.0</ele></trkpt>
      <trkpt lat="50.173167" lon="18.561438"><ele>273.8</ele></trkpt>
      <trkpt lat="50.173142" lon="18.561433"><ele>273.6</ele></trkpt>
      <trkpt lat="50.173122" lon="18.561438"><ele>273.4</ele></trkpt>
      <trkpt lat="50.1731" lon="18.56145"><ele>273.4</ele></trkpt>
      <trkpt lat="50.173072" lon="18.561472"><ele>273.2</ele></trkpt>
      <trkpt lat="50.173048" lon="18.56148"><ele>273.2</ele></trkpt>
      <trkpt lat="50.17303" lon="18.561503"><ele>273.0</ele></trkpt>
      <trkpt lat="50.17301" lon="18.561513"><ele>273.0</ele></trkpt>
      <trkpt lat="50.172985" lon="18.56152"><ele>273.0</ele></trkpt>
      <trkpt lat="50.172965" lon="18.561542"><ele>273.0</ele></trkpt>
      <trkpt lat="50.17295" lon="18.561555"><ele>273.0</ele></trkpt>
      <trkpt lat="50.172927" lon="18.561562"><ele>273.0</ele></trkpt>
      <trkpt lat="50.172905" lon="18.56156"><ele>273.2</ele></trkpt>
      <trkpt lat="50.172882" lon="18.561572"><ele>273.2</ele></trkpt>
      <trkpt lat="50.172857" lon="18.561577"><ele>273.2</ele></trkpt>
      <trkpt lat="50.172828" lon="18.561583"><ele>273.2</ele></trkpt>
      <trkpt lat="50.172802" lon="18.561598"><ele>273.4</ele></trkpt>
      <trkpt lat="50.172783" lon="18.561603"><ele>273.4</ele></trkpt>
      <trkpt lat="50.172748" lon="18.561613"><ele>273.6</ele></trkpt>
      <trkpt lat="50.172725" lon="18.561633"><ele>273.6</ele></trkpt>
      <trkpt lat="50.172707" lon="18.561647"><ele>273.8</ele></trkpt>
      <trkpt lat="50.172675" lon="18.561673"><ele>274.0</ele></trkpt>
      <trkpt lat="50.172648" lon="18.561687"><ele>274.2</ele></trkpt>
      <trkpt lat="50.172627" lon="18.5617"><ele>274.4</ele></trkpt>
      <trkpt lat="50.172598" lon="18.561712"><ele>274.4</ele></trkpt>
      <trkpt lat="50.172578" lon="18.561727"><ele>274.6</ele></trkpt>
      <trkpt lat="50.172553" lon="18.561743"><ele>274.6</ele></trkpt>
      <trkpt lat="50.172533" lon="18.561748"><ele>274.8</ele></trkpt>
      <trkpt lat="50.172515" lon="18.561758"><ele>274.8</ele></trkpt>
      <trkpt lat="50.172495" lon="18.561767"><ele>275.0</ele></trkpt>
      <trkpt lat="50.172463" lon="18.561783"><ele>275.2</ele></trkpt>
      <trkpt lat="50.172443" lon="18.561793"><ele>275.4</ele></trkpt>
      <trkpt lat="50.172408" lon="18.561798"><ele>275.6</ele></trkpt>
      <trkpt lat="50.172393" lon="18.56181"><ele>275.8</ele></trkpt>
      <trkpt lat="50.172363" lon="18.561817"><ele>276.0</ele></trkpt>
      <trkpt lat="50.172335" lon="18.561822"><ele>276.2</ele></trkpt>
      <trkpt lat="50.172313" lon="18.561842"><ele>276.4</ele></trkpt>
      <trkpt lat="50.17229" lon="18.561865"><ele>276.6</ele></trkpt>
      <trkpt lat="50.172255" lon="18.561872"><ele>276.8</ele></trkpt>
      <trkpt lat="50.17223" lon="18.561895"><ele>277.0</ele></trkpt>
      <trkpt lat="50.172198" lon="18.561908"><ele>277.2</ele></trkpt>
      <trkpt lat="50.172172" lon="18.561905"><ele>277.4</ele></trkpt>
      <trkpt lat="50.172147" lon="18.561917"><ele>277.6</ele></trkpt>
      <trkpt lat="50.17213" lon="18.561928"><ele>277.6</ele></trkpt>
      <trkpt lat="50.172102" lon="18.561942"><ele>278.0</ele></trkpt>
      <trkpt lat="50.172077" lon="18.56195"><ele>278.2</ele></trkpt>
      <trkpt lat="50.172035" lon="18.561952"><ele>278.2</ele></trkpt>
      <trkpt lat="50.172015" lon="18.561942"><ele>278.2</ele></trkpt>
      <trkpt lat="50.171993" lon="18.56194"><ele>278.4</ele></trkpt>
      <trkpt lat="50.17196" lon="18.561948"><ele>278.4</ele></trkpt>
      <trkpt lat="50.171938" lon="18.56196"><ele>278.4</ele></trkpt>
      <trkpt lat="50.171917" lon="18.561967"><ele>278.6</ele></trkpt>
      <trkpt lat="50.17189" lon="18.56196"><ele>278.6</ele></trkpt>
      <trkpt lat="50.171862" lon="18.561965"><ele>278.8</ele></trkpt>
      <trkpt lat="50.171842" lon="18.561985"><ele>279.0</ele></trkpt>
      <trkpt lat="50.171817" lon="18.56201"><ele>279.0</ele></trkpt>
      <trkpt lat="50.171792" lon="18.562027"><ele>279.2</ele></trkpt>
      <trkpt lat="50.17176" lon="18.562043"><ele>279.4</ele></trkpt>
      <trkpt lat="50.171733" lon="18.562058"><ele>279.4</ele></trkpt>
      <trkpt lat="50.171712" lon="18.562065"><ele>279.6</ele></trkpt>
      <trkpt lat="50.171677" lon="18.56208"><ele>279.6</ele></trkpt>
      <trkpt lat="50.171657" lon="18.562085"><ele>279.6</ele></trkpt>
      <trkpt lat="50.171632" lon="18.56209"><ele>279.8</ele></trkpt>
      <trkpt lat="50.171598" lon="18.562097"><ele>279.8</ele></trkpt>
      <trkpt lat="50.171577" lon="18.562105"><ele>279.8</ele></trkpt>
      <trkpt lat="50.171555" lon="18.56211"><ele>279.8</ele></trkpt>
      <trkpt lat="50.17152" lon="18.562127"><ele>279.8</ele></trkpt>
      <trkpt lat="50.171493" lon="18.562127"><ele>279.8</ele></trkpt>
      <trkpt lat="50.171475" lon="18.562137"><ele>279.8</ele></trkpt>
      <trkpt lat="50.171452" lon="18.56215"><ele>280.0</ele></trkpt>
      <trkpt lat="50.17144" lon="18.562173"><ele>280.0</ele></trkpt>
      <trkpt lat="50.17141" lon="18.56219"><ele>280.0</ele></trkpt>
      <trkpt lat="50.171382" lon="18.562207"><ele>280.0</ele></trkpt>
      <trkpt lat="50.171362" lon="18.56221"><ele>280.0</ele></trkpt>
      <trkpt lat="50.17134" lon="18.562207"><ele>280.0</ele></trkpt>
      <trkpt lat="50.17132" lon="18.562208"><ele>280.0</ele></trkpt>
      <trkpt lat="50.171295" lon="18.562215"><ele>280.0</ele></trkpt>
      <trkpt lat="50.171277" lon="18.562223"><ele>280.0</ele></trkpt>
      <trkpt lat="50.171253" lon="18.56223"><ele>280.0</ele></trkpt>
      <trkpt lat="50.171228" lon="18.562238"><ele>280.0</ele></trkpt>
      <trkpt lat="50.171205" lon="18.562258"><ele>280.0</ele></trkpt>
      <trkpt lat="50.171163" lon="18.562295"><ele>280.0</ele></trkpt>
      <trkpt lat="50.171148" lon="18.562308"><ele>280.0</ele></trkpt>
      <trkpt lat="50.171122" lon="18.562315"><ele>279.8</ele></trkpt>
      <trkpt lat="50.171103" lon="18.562332"><ele>279.8</ele></trkpt>
      <trkpt lat="50.171083" lon="18.562333"><ele>279.8</ele></trkpt>
      <trkpt lat="50.171048" lon="18.562342"><ele>279.8</ele></trkpt>
      <trkpt lat="50.17103" lon="18.562345"><ele>279.8</ele></trkpt>
      <trkpt lat="50.171" lon="18.56236"><ele>279.8</ele></trkpt>
      <trkpt lat="50.170978" lon="18.562367"><ele>279.8</ele></trkpt>
      <trkpt lat="50.17095" lon="18.562377"><ele>279.8</ele></trkpt>
      <trkpt lat="50.170923" lon="18.5624"><ele>279.8</ele></trkpt>
      <trkpt lat="50.170895" lon="18.562425"><ele>279.8</ele></trkpt>
      <trkpt lat="50.17087" lon="18.562433"><ele>279.8</ele></trkpt>
      <trkpt lat="50.170847" lon="18.56244"><ele>279.8</ele></trkpt>
      <trkpt lat="50.170818" lon="18.56244"><ele>279.8</ele></trkpt>
      <trkpt lat="50.1708" lon="18.56244"><ele>279.8</ele></trkpt>
      <trkpt lat="50.17078" lon="18.56244"><ele>280.0</ele></trkpt>
      <trkpt lat="50.170758" lon="18.56245"><ele>280.0</ele></trkpt>
      <trkpt lat="50.170725" lon="18.562478"><ele>280.0</ele></trkpt>
      <trkpt lat="50.170707" lon="18.562497"><ele>280.0</ele></trkpt>
      <trkpt lat="50.170683" lon="18.562512"><ele>280.0</ele></trkpt>
      <trkpt lat="50.170665" lon="18.562518"><ele>280.0</ele></trkpt>
      <trkpt lat="50.170645" lon="18.562523"><ele>280.0</ele></trkpt>
      <trkpt lat="50.170623" lon="18.562527"><ele>280.0</ele></trkpt>
      <trkpt lat="50.170588" lon="18.562537"><ele>280.2</ele></trkpt>
      <trkpt lat="50.170553" lon="18.562558"><ele>280.2</ele></trkpt>
      <trkpt lat="50.170527" lon="18.562565"><ele>280.2</ele></trkpt>
      <trkpt lat="50.170505" lon="18.562585"><ele>280.2</ele></trkpt>
      <trkpt lat="50.170482" lon="18.562587"><ele>280.2</ele></trkpt>
      <trkpt lat="50.170447" lon="18.562595"><ele>280.2</ele></trkpt>
      <trkpt lat="50.170425" lon="18.562598"><ele>280.4</ele></trkpt>
      <trkpt lat="50.170402" lon="18.562617"><ele>280.4</ele></trkpt>
      <trkpt lat="50.17038" lon="18.562633"><ele>280.4</ele></trkpt>
      <trkpt lat="50.170355" lon="18.562645"><ele>280.4</ele></trkpt>
      <trkpt lat="50.170332" lon="18.562663"><ele>280.4</ele></trkpt>
      <trkpt lat="50.17031" lon="18.562693"><ele>280.4</ele></trkpt>
      <trkpt lat="50.170287" lon="18.562707"><ele>280.4</ele></trkpt>
      <trkpt lat="50.170265" lon="18.56272"><ele>280.4</ele></trkpt>
      <trkpt lat="50.170245" lon="18.562723"><ele>280.4</ele></trkpt>
      <trkpt lat="50.170223" lon="18.562738"><ele>280.6</ele></trkpt>
      <trkpt lat="50.1702" lon="18.562757"><ele>280.6</ele></trkpt>
      <trkpt lat="50.170182" lon="18.562763"><ele>280.6</ele></trkpt>
      <trkpt lat="50.170157" lon="18.562783"><ele>280.6</ele></trkpt>
      <trkpt lat="50.170115" lon="18.562797"><ele>280.8</ele></trkpt>
      <trkpt lat="50.170085" lon="18.562815"><ele>280.8</ele></trkpt>
      <trkpt lat="50.170067" lon="18.562823"><ele>280.8</ele></trkpt>
      <trkpt lat="50.17004" lon="18.562835"><ele>281.0</ele></trkpt>
      <trkpt lat="50.170022" lon="18.562838"><ele>281.0</ele></trkpt>
      <trkpt lat="50.170008" lon="18.562797"><ele>281.2</ele></trkpt>
      <trkpt lat="50.170002" lon="18.562763"><ele>281.2</ele></trkpt>
      <trkpt lat="50.170005" lon="18.562717"><ele>281.4</ele></trkpt>
      <trkpt lat="50.170002" lon="18.562677"><ele>281.4</ele></trkpt>
      <trkpt lat="50.170002" lon="18.562647"><ele>281.4</ele></trkpt>
      <trkpt lat="50.170002" lon="18.562602"><ele>281.6</ele></trkpt>
      <trkpt lat="50.169997" lon="18.562557"><ele>281.6</ele></trkpt>
      <trkpt lat="50.169993" lon="18.562517"><ele>281.8</ele></trkpt>
      <trkpt lat="50.16999" lon="18.562482"><ele>281.8</ele></trkpt>
      <trkpt lat="50.16999" lon="18.562452"><ele>281.8</ele></trkpt>
      <trkpt lat="50.169987" lon="18.562408"><ele>281.8</ele></trkpt>
      <trkpt lat="50.169977" lon="18.562367"><ele>282.0</ele></trkpt>
      <trkpt lat="50.169973" lon="18.562335"><ele>282.0</ele></trkpt>
      <trkpt lat="50.169967" lon="18.562297"><ele>282.0</ele></trkpt>
      <trkpt lat="50.169963" lon="18.562258"><ele>282.2</ele></trkpt>
      <trkpt lat="50.169955" lon="18.562223"><ele>282.2</ele></trkpt>
      <trkpt lat="50.169945" lon="18.562193"><ele>282.2</ele></trkpt>
      <trkpt lat="50.169942" lon="18.562153"><ele>282.2</ele></trkpt>
      <trkpt lat="50.169932" lon="18.56211"><ele>282.2</ele></trkpt>
      <trkpt lat="50.169928" lon="18.56207"><ele>282.2</ele></trkpt>
      <trkpt lat="50.169922" lon="18.562035"><ele>282.2</ele></trkpt>
      <trkpt lat="50.169922" lon="18.562003"><ele>282.2</ele></trkpt>
      <trkpt lat="50.169913" lon="18.56197"><ele>282.2</ele></trkpt>
      <trkpt lat="50.16991" lon="18.56194"><ele>282.2</ele></trkpt>
      <trkpt lat="50.169893" lon="18.561882"><ele>282.2</ele></trkpt>
      <trkpt lat="50.169878" lon="18.561847"><ele>282.2</ele></trkpt>
      <trkpt lat="50.169872" lon="18.56182"><ele>282.2</ele></trkpt>
      <trkpt lat="50.169862" lon="18.561793"><ele>282.2</ele></trkpt>
      <trkpt lat="50.169842" lon="18.561727"><ele>282.0</ele></trkpt>
      <trkpt lat="50.169833" lon="18.561687"><ele>282.0</ele></trkpt>
      <trkpt lat="50.169823" lon="18.561648"><ele>282.0</ele></trkpt>
      <trkpt lat="50.16981" lon="18.561612"><ele>282.0</ele></trkpt>
      <trkpt lat="50.169803" lon="18.561578"><ele>281.8</ele></trkpt>
      <trkpt lat="50.169795" lon="18.561543"><ele>281.8</ele></trkpt>
      <trkpt lat="50.169788" lon="18.561508"><ele>281.8</ele></trkpt>
      <trkpt lat="50.169785" lon="18.561478"><ele>281.6</ele></trkpt>
      <trkpt lat="50.169778" lon="18.561442"><ele>281.6</ele></trkpt>
      <trkpt lat="50.169772" lon="18.561415"><ele>281.6</ele></trkpt>
      <trkpt lat="50.169768" lon="18.56136"><ele>281.4</ele></trkpt>
      <trkpt lat="50.169762" lon="18.561313"><ele>281.4</ele></trkpt>
      <trkpt lat="50.169753" lon="18.561277"><ele>281.2</ele></trkpt>
      <trkpt lat="50.169743" lon="18.56124"><ele>281.2</ele></trkpt>
      <trkpt lat="50.16973" lon="18.561212"><ele>281.0</ele></trkpt>
      <trkpt lat="50.169718" lon="18.561185"><ele>281.0</ele></trkpt>
      <trkpt lat="50.169718" lon="18.561153"><ele>281.0</ele></trkpt>
      <trkpt lat="50.169715" lon="18.561117"><ele>281.0</ele></trkpt>
      <trkpt lat="50.169712" lon="18.561077"><ele>280.8</ele></trkpt>
      <trkpt lat="50.169705" lon="18.561035"><ele>280.8</ele></trkpt>
      <trkpt lat="50.169692" lon="18.560973"><ele>280.8</ele></trkpt>
      <trkpt lat="50.169688" lon="18.560943"><ele>280.6</ele></trkpt>
      <trkpt lat="50.169688" lon="18.560903"><ele>280.6</ele></trkpt>
      <trkpt lat="50.169688" lon="18.560863"><ele>280.6</ele></trkpt>
      <trkpt lat="50.16968" lon="18.560818"><ele>280.6</ele></trkpt>
      <trkpt lat="50.169677" lon="18.560783"><ele>280.6</ele></trkpt>
      <trkpt lat="50.16967" lon="18.56075"><ele>280.6</ele></trkpt>
      <trkpt lat="50.169663" lon="18.56071"><ele>280.4</ele></trkpt>
      <trkpt lat="50.169663" lon="18.56068"><ele>280.4</ele></trkpt>
      <trkpt lat="50.169653" lon="18.560643"><ele>280.4</ele></trkpt>
      <trkpt lat="50.169643" lon="18.560608"><ele>280.4</ele></trkpt>
      <trkpt lat="50.169635" lon="18.560572"><ele>280.4</ele></trkpt>
      <trkpt lat="50.169628" lon="18.560532"><ele>280.4</ele></trkpt>
      <trkpt lat="50.169615" lon="18.560492"><ele>280.2</ele></trkpt>
      <trkpt lat="50.169612" lon="18.560458"><ele>280.2</ele></trkpt>
      <trkpt lat="50.169608" lon="18.560422"><ele>280.2</ele></trkpt>
      <trkpt lat="50.1696" lon="18.560392"><ele>280.2</ele></trkpt>
      <trkpt lat="50.169597" lon="18.56035"><ele>280.2</ele></trkpt>
      <trkpt lat="50.169593" lon="18.560313"><ele>280.2</ele></trkpt>
      <trkpt lat="50.16959" lon="18.560277"><ele>280.0</ele></trkpt>
      <trkpt lat="50.16959" lon="18.560247"><ele>280.0</ele></trkpt>
      <trkpt lat="50.16958" lon="18.56022"><ele>280.0</ele></trkpt>
      <trkpt lat="50.169577" lon="18.560185"><ele>280.0</ele></trkpt>
      <trkpt lat="50.169563" lon="18.56015"><ele>280.0</ele></trkpt>
      <trkpt lat="50.169563" lon="18.56012"><ele>280.0</ele></trkpt>
      <trkpt lat="50.169563" lon="18.560078"><ele>279.8</ele></trkpt>
      <trkpt lat="50.169548" lon="18.560038"><ele>279.8</ele></trkpt>
      <trkpt lat="50.169548" lon="18.560005"><ele>279.8</ele></trkpt>
      <trkpt lat="50.169538" lon="18.55996"><ele>279.8</ele></trkpt>
      <trkpt lat="50.16952" lon="18.559922"><ele>279.8</ele></trkpt>
      <trkpt lat="50.169507" lon="18.559895"><ele>279.8</ele></trkpt>
      <trkpt lat="50.169487" lon="18.559875"><ele>279.8</ele></trkpt>
      <trkpt lat="50.16948" lon="18.55984"><ele>280.0</ele></trkpt>
      <trkpt lat="50.169472" lon="18.559795"><ele>280.2</ele></trkpt>
      <trkpt lat="50.169465" lon="18.559762"><ele>280.2</ele></trkpt>
      <trkpt lat="50.169455" lon="18.559737"><ele>280.2</ele></trkpt>
      <trkpt lat="50.169448" lon="18.55968"><ele>280.4</ele></trkpt>
      <trkpt lat="50.16944" lon="18.559623"><ele>280.6</ele></trkpt>
      <trkpt lat="50.16943" lon="18.559565"><ele>280.6</ele></trkpt>
      <trkpt lat="50.169427" lon="18.559537"><ele>280.8</ele></trkpt>
      <trkpt lat="50.16942" lon="18.559507"><ele>280.8</ele></trkpt>
      <trkpt lat="50.169417" lon="18.559468"><ele>281.0</ele></trkpt>
      <trkpt lat="50.16942" lon="18.559427"><ele>281.0</ele></trkpt>
      <trkpt lat="50.169395" lon="18.559463"><ele>281.2</ele></trkpt>
      <trkpt lat="50.169378" lon="18.559492"><ele>281.4</ele></trkpt>
      <trkpt lat="50.169357" lon="18.55951"><ele>281.6</ele></trkpt>
      <trkpt lat="50.169337" lon="18.559518"><ele>281.6</ele></trkpt>
      <trkpt lat="50.169312" lon="18.559535"><ele>281.8</ele></trkpt>
      <trkpt lat="50.169285" lon="18.559547"><ele>282.0</ele></trkpt>
      <trkpt lat="50.169267" lon="18.559547"><ele>282.0</ele></trkpt>
      <trkpt lat="50.16924" lon="18.559558"><ele>282.2</ele></trkpt>
      <trkpt lat="50.169218" lon="18.559573"><ele>282.2</ele></trkpt>
      <trkpt lat="50.169193" lon="18.559577"><ele>282.4</ele></trkpt>
      <trkpt lat="50.169167" lon="18.559578"><ele>282.4</ele></trkpt>
      <trkpt lat="50.169138" lon="18.559583"><ele>282.4</ele></trkpt>
      <trkpt lat="50.169113" lon="18.559578"><ele>282.4</ele></trkpt>
      <trkpt lat="50.16909" lon="18.559587"><ele>282.4</ele></trkpt>
      <trkpt lat="50.169072" lon="18.559588"><ele>282.4</ele></trkpt>
      <trkpt lat="50.169042" lon="18.559598"><ele>282.4</ele></trkpt>
      <trkpt lat="50.16902" lon="18.5596"><ele>282.4</ele></trkpt>
      <trkpt lat="50.168992" lon="18.559607"><ele>282.4</ele></trkpt>
      <trkpt lat="50.168968" lon="18.559613"><ele>282.4</ele></trkpt>
      <trkpt lat="50.168937" lon="18.559608"><ele>282.4</ele></trkpt>
      <trkpt lat="50.168902" lon="18.559618"><ele>282.6</ele></trkpt>
      <trkpt lat="50.168882" lon="18.55964"><ele>282.6</ele></trkpt>
      <trkpt lat="50.168853" lon="18.559655"><ele>282.6</ele></trkpt>
      <trkpt lat="50.168835" lon="18.559662"><ele>282.6</ele></trkpt>
      <trkpt lat="50.168805" lon="18.559667"><ele>282.4</ele></trkpt>
      <trkpt lat="50.16878" lon="18.559675"><ele>282.4</ele></trkpt>
      <trkpt lat="50.168755" lon="18.55968"><ele>282.4</ele></trkpt>
      <trkpt lat="50.168725" lon="18.559692"><ele>282.4</ele></trkpt>
      <trkpt lat="50.168697" lon="18.559695"><ele>282.4</ele></trkpt>
      <trkpt lat="50.168678" lon="18.559702"><ele>282.4</ele></trkpt>
      <trkpt lat="50.168652" lon="18.559708"><ele>282.4</ele></trkpt>
      <trkpt lat="50.168627" lon="18.55972"><ele>282.4</ele></trkpt>
      <trkpt lat="50.168603" lon="18.559727"><ele>282.4</ele></trkpt>
      <trkpt lat="50.168585" lon="18.559733"><ele>282.4</ele></trkpt>
      <trkpt lat="50.168565" lon="18.559732"><ele>282.4</ele></trkpt>
      <trkpt lat="50.16856" lon="18.559692"><ele>282.4</ele></trkpt>
      <trkpt lat="50.168572" lon="18.559663"><ele>282.4</ele></trkpt>
      <trkpt lat="50.168572" lon="18.559632"><ele>282.4</ele></trkpt>
      <trkpt lat="50.168578" lon="18.559595"><ele>282.4</ele></trkpt>
      <trkpt lat="50.168582" lon="18.559557"><ele>282.4</ele></trkpt>
      <trkpt lat="50.168592" lon="18.559523"><ele>282.4</ele></trkpt>
      <trkpt lat="50.168613" lon="18.559495"><ele>282.4</ele></trkpt>
      <trkpt lat="50.168613" lon="18.559465"><ele>282.4</ele></trkpt>
      <trkpt lat="50.168623" lon="18.559435"><ele>282.4</ele></trkpt>
      <trkpt lat="50.168633" lon="18.559403"><ele>282.4</ele></trkpt>
      <trkpt lat="50.16864" lon="18.559363"><ele>282.4</ele></trkpt>
      <trkpt lat="50.168655" lon="18.559327"><ele>282.4</ele></trkpt>
      <trkpt lat="50.168672" lon="18.559283"><ele>282.4</ele></trkpt>
      <trkpt lat="50.168683" lon="18.559258"><ele>282.4</ele></trkpt>
      <trkpt lat="50.168703" lon="18.55921"><ele>282.4</ele></trkpt>
      <trkpt lat="50.168717" lon="18.55919"><ele>282.4</ele></trkpt>
      <trkpt lat="50.168732" lon="18.559172"><ele>282.4</ele></trkpt>
      <trkpt lat="50.168752" lon="18.559135"><ele>282.6</ele></trkpt>
      <trkpt lat="50.168758" lon="18.559108"><ele>282.6</ele></trkpt>
      <trkpt lat="50.16877" lon="18.55908"><ele>282.6</ele></trkpt>
      <trkpt lat="50.16879" lon="18.559032"><ele>282.6</ele></trkpt>
      <trkpt lat="50.168798" lon="18.559005"><ele>282.8</ele></trkpt>
      <trkpt lat="50.168812" lon="18.558982"><ele>282.8</ele></trkpt>
      <trkpt lat="50.168822" lon="18.558943"><ele>282.8</ele></trkpt>
      <trkpt lat="50.16884" lon="18.558913"><ele>283.0</ele></trkpt>
      <trkpt lat="50.168857" lon="18.55888"><ele>283.2</ele></trkpt>
      <trkpt lat="50.16887" lon="18.558835"><ele>283.4</ele></trkpt>
      <trkpt lat="50.16887" lon="18.5588"><ele>283.6</ele></trkpt>
      <trkpt lat="50.168863" lon="18.55876"><ele>283.8</ele></trkpt>
      <trkpt lat="50.16885" lon="18.558727"><ele>284.0</ele></trkpt>
      <trkpt lat="50.168825" lon="18.558722"><ele>284.2</ele></trkpt>
      <trkpt lat="50.168802" lon="18.55872"><ele>284.4</ele></trkpt>
      <trkpt lat="50.16878" lon="18.558732"><ele>284.6</ele></trkpt>
      <trkpt lat="50.16876" lon="18.558742"><ele>284.8</ele></trkpt>
      <trkpt lat="50.168735" lon="18.558738"><ele>285.0</ele></trkpt>
      <trkpt lat="50.168713" lon="18.558745"><ele>285.2</ele></trkpt>
      <trkpt lat="50.168693" lon="18.55876"><ele>285.2</ele></trkpt>
      <trkpt lat="50.168665" lon="18.558768"><ele>285.4</ele></trkpt>
      <trkpt lat="50.168633" lon="18.558793"><ele>285.4</ele></trkpt>
      <trkpt lat="50.168603" lon="18.55881"><ele>285.6</ele></trkpt>
      <trkpt lat="50.168585" lon="18.55882"><ele>285.6</ele></trkpt>
      <trkpt lat="50.168547" lon="18.558833"><ele>285.6</ele></trkpt>
      <trkpt lat="50.168512" lon="18.558842"><ele>285.8</ele></trkpt>
      <trkpt lat="50.168492" lon="18.55885"><ele>285.8</ele></trkpt>
      <trkpt lat="50.168482" lon="18.558822"><ele>285.8</ele></trkpt>
      <trkpt lat="50.168482" lon="18.558792"><ele>285.8</ele></trkpt>
      <trkpt lat="50.168477" lon="18.55882"><ele>285.8</ele></trkpt>
      <trkpt lat="50.168453" lon="18.558858"><ele>285.6</ele></trkpt>
      <trkpt lat="50.168425" lon="18.558887"><ele>285.6</ele></trkpt>
      <trkpt lat="50.1684" lon="18.558898"><ele>285.6</ele></trkpt>
      <trkpt lat="50.168393" lon="18.558858"><ele>285.4</ele></trkpt>
      <trkpt lat="50.1684" lon="18.55883"><ele>285.4</ele></trkpt>
      <trkpt lat="50.16838" lon="18.558832"><ele>284.8</ele></trkpt>
      <trkpt lat="50.16836" lon="18.558822"><ele>284.8</ele></trkpt>
      <trkpt lat="50.168338" lon="18.558823"><ele>284.6</ele></trkpt>
      <trkpt lat="50.16832" lon="18.558827"><ele>284.6</ele></trkpt>
      <trkpt lat="50.168287" lon="18.558835"><ele>284.6</ele></trkpt>
      <trkpt lat="50.168262" lon="18.558843"><ele>284.8</ele></trkpt>
      <trkpt lat="50.168237" lon="18.558858"><ele>284.8</ele></trkpt>
      <trkpt lat="50.168203" lon="18.558873"><ele>284.8</ele></trkpt>
      <trkpt lat="50.168182" lon="18.55888"><ele>284.8</ele></trkpt>
      <trkpt lat="50.168157" lon="18.55888"><ele>284.8</ele></trkpt>
      <trkpt lat="50.16813" lon="18.558877"><ele>284.8</ele></trkpt>
      <trkpt lat="50.168105" lon="18.55887"><ele>284.8</ele></trkpt>
      <trkpt lat="50.168082" lon="18.558863"><ele>284.8</ele></trkpt>
      <trkpt lat="50.16806" lon="18.558862"><ele>284.6</ele></trkpt>
      <trkpt lat="50.168028" lon="18.558848"><ele>284.6</ele></trkpt>
      <trkpt lat="50.168015" lon="18.558828"><ele>284.6</ele></trkpt>
      <trkpt lat="50.168" lon="18.558795"><ele>284.6</ele></trkpt>
      <trkpt lat="50.16799" lon="18.55873"><ele>284.6</ele></trkpt>
      <trkpt lat="50.16799" lon="18.558692"><ele>284.6</ele></trkpt>
      <trkpt lat="50.16799" lon="18.558658"><ele>284.6</ele></trkpt>
      <trkpt lat="50.167987" lon="18.558628"><ele>284.4</ele></trkpt>
      <trkpt lat="50.16798" lon="18.558597"><ele>284.4</ele></trkpt>
      <trkpt lat="50.167977" lon="18.558563"><ele>284.4</ele></trkpt>
      <trkpt lat="50.167967" lon="18.558535"><ele>284.4</ele></trkpt>
      <trkpt lat="50.167952" lon="18.558507"><ele>284.2</ele></trkpt>
      <trkpt lat="50.16792" lon="18.558493"><ele>284.0</ele></trkpt>
      <trkpt lat="50.167887" lon="18.558502"><ele>283.8</ele></trkpt>
      <trkpt lat="50.167858" lon="18.55851"><ele>283.6</ele></trkpt>
      <trkpt lat="50.16783" lon="18.558517"><ele>283.4</ele></trkpt>
      <trkpt lat="50.167807" lon="18.55853"><ele>283.4</ele></trkpt>
      <trkpt lat="50.167768" lon="18.55855"><ele>283.0</ele></trkpt>
      <trkpt lat="50.16774" lon="18.558562"><ele>282.8</ele></trkpt>
      <trkpt lat="50.167712" lon="18.558572"><ele>282.6</ele></trkpt>
      <trkpt lat="50.167692" lon="18.558583"><ele>282.4</ele></trkpt>
      <trkpt lat="50.167673" lon="18.558595"><ele>282.4</ele></trkpt>
      <trkpt lat="50.167647" lon="18.558618"><ele>282.0</ele></trkpt>
      <trkpt lat="50.167628" lon="18.558632"><ele>282.0</ele></trkpt>
      <trkpt lat="50.167593" lon="18.558648"><ele>281.6</ele></trkpt>
      <trkpt lat="50.167567" lon="18.55865"><ele>281.6</ele></trkpt>
      <trkpt lat="50.167548" lon="18.55866"><ele>281.4</ele></trkpt>
      <trkpt lat="50.16752" lon="18.558678"><ele>281.2</ele></trkpt>
      <trkpt lat="50.167493" lon="18.558683"><ele>281.2</ele></trkpt>
      <trkpt lat="50.167475" lon="18.55869"><ele>281.0</ele></trkpt>
      <trkpt lat="50.16744" lon="18.55872"><ele>280.8</ele></trkpt>
      <trkpt lat="50.167413" lon="18.558723"><ele>280.8</ele></trkpt>
      <trkpt lat="50.167385" lon="18.55873"><ele>280.6</ele></trkpt>
      <trkpt lat="50.167362" lon="18.558733"><ele>280.4</ele></trkpt>
      <trkpt lat="50.16734" lon="18.558743"><ele>280.2</ele></trkpt>
      <trkpt lat="50.167312" lon="18.558755"><ele>280.0</ele></trkpt>
      <trkpt lat="50.167288" lon="18.558768"><ele>279.8</ele></trkpt>
      <trkpt lat="50.167267" lon="18.558772"><ele>279.6</ele></trkpt>
      <trkpt lat="50.16725" lon="18.558795"><ele>279.4</ele></trkpt>
      <trkpt lat="50.167232" lon="18.5588"><ele>279.4</ele></trkpt>
      <trkpt lat="50.167202" lon="18.558817"><ele>279.2</ele></trkpt>
      <trkpt lat="50.167183" lon="18.558822"><ele>279.0</ele></trkpt>
      <trkpt lat="50.16716" lon="18.558827"><ele>278.8</ele></trkpt>
      <trkpt lat="50.167132" lon="18.558843"><ele>278.8</ele></trkpt>
      <trkpt lat="50.167113" lon="18.55886"><ele>278.6</ele></trkpt>
      <trkpt lat="50.167093" lon="18.558873"><ele>278.4</ele></trkpt>
      <trkpt lat="50.167068" lon="18.558892"><ele>278.2</ele></trkpt>
      <trkpt lat="50.167052" lon="18.558925"><ele>278.2</ele></trkpt>
      <trkpt lat="50.167017" lon="18.558953"><ele>278.0</ele></trkpt>
      <trkpt lat="50.166978" lon="18.558975"><ele>277.8</ele></trkpt>
      <trkpt lat="50.166943" lon="18.558993"><ele>277.6</ele></trkpt>
      <trkpt lat="50.166918" lon="18.559007"><ele>277.6</ele></trkpt>
      <trkpt lat="50.166898" lon="18.559018"><ele>277.4</ele></trkpt>
      <trkpt lat="50.16687" lon="18.559048"><ele>277.4</ele></trkpt>
      <trkpt lat="50.166847" lon="18.559057"><ele>277.4</ele></trkpt>
      <trkpt lat="50.166818" lon="18.559058"><ele>277.2</ele></trkpt>
      <trkpt lat="50.16679" lon="18.55906"><ele>277.2</ele></trkpt>
      <trkpt lat="50.16677" lon="18.559065"><ele>277.2</ele></trkpt>
      <trkpt lat="50.166748" lon="18.559077"><ele>277.2</ele></trkpt>
      <trkpt lat="50.166728" lon="18.559082"><ele>277.2</ele></trkpt>
      <trkpt lat="50.166707" lon="18.5591"><ele>277.0</ele></trkpt>
      <trkpt lat="50.166678" lon="18.559112"><ele>277.0</ele></trkpt>
      <trkpt lat="50.166648" lon="18.559137"><ele>277.0</ele></trkpt>
      <trkpt lat="50.166617" lon="18.55915"><ele>277.0</ele></trkpt>
      <trkpt lat="50.166592" lon="18.55916"><ele>277.0</ele></trkpt>
      <trkpt lat="50.166565" lon="18.559178"><ele>277.0</ele></trkpt>
      <trkpt lat="50.166537" lon="18.559198"><ele>277.0</ele></trkpt>
      <trkpt lat="50.166512" lon="18.559217"><ele>277.0</ele></trkpt>
      <trkpt lat="50.166488" lon="18.55924"><ele>277.0</ele></trkpt>
      <trkpt lat="50.166467" lon="18.559258"><ele>277.0</ele></trkpt>
      <trkpt lat="50.166438" lon="18.55928"><ele>277.0</ele></trkpt>
      <trkpt lat="50.166412" lon="18.5593"><ele>277.0</ele></trkpt>
      <trkpt lat="50.16639" lon="18.559323"><ele>277.0</ele></trkpt>
      <trkpt lat="50.166367" lon="18.55934"><ele>277.2</ele></trkpt>
      <trkpt lat="50.166338" lon="18.559358"><ele>277.2</ele></trkpt>
      <trkpt lat="50.16632" lon="18.559365"><ele>277.2</ele></trkpt>
      <trkpt lat="50.166293" lon="18.559383"><ele>277.2</ele></trkpt>
      <trkpt lat="50.166268" lon="18.559388"><ele>277.2</ele></trkpt>
      <trkpt lat="50.166248" lon="18.559397"><ele>277.4</ele></trkpt>
      <trkpt lat="50.16622" lon="18.559398"><ele>277.4</ele></trkpt>
      <trkpt lat="50.166198" lon="18.559398"><ele>277.4</ele></trkpt>
      <trkpt lat="50.166178" lon="18.5594"><ele>277.4</ele></trkpt>
      <trkpt lat="50.166157" lon="18.559402"><ele>277.4</ele></trkpt>
      <trkpt lat="50.166137" lon="18.559402"><ele>277.4</ele></trkpt>
      <trkpt lat="50.166115" lon="18.559423"><ele>277.6</ele></trkpt>
      <trkpt lat="50.166092" lon="18.55943"><ele>277.6</ele></trkpt>
      <trkpt lat="50.166073" lon="18.559443"><ele>277.6</ele></trkpt>
      <trkpt lat="50.16605" lon="18.559455"><ele>277.6</ele></trkpt>
      <trkpt lat="50.166025" lon="18.559463"><ele>277.6</ele></trkpt>
      <trkpt lat="50.165997" lon="18.559458"><ele>277.4</ele></trkpt>
      <trkpt lat="50.16597" lon="18.559458"><ele>277.4</ele></trkpt>
      <trkpt lat="50.165955" lon="18.559503"><ele>277.0</ele></trkpt>
      <trkpt lat="50.165958" lon="18.559535"><ele>276.8</ele></trkpt>
      <trkpt lat="50.165963" lon="18.559562"><ele>276.8</ele></trkpt>
      <trkpt lat="50.16597" lon="18.559598"><ele>276.8</ele></trkpt>
      <trkpt lat="50.165977" lon="18.559633"><ele>276.6</ele></trkpt>
      <trkpt lat="50.16598" lon="18.559667"><ele>276.4</ele></trkpt>
      <trkpt lat="50.16599" lon="18.559702"><ele>276.4</ele></trkpt>
      <trkpt lat="50.165997" lon="18.559732"><ele>276.2</ele></trkpt>
      <trkpt lat="50.166002" lon="18.559772"><ele>276.0</ele></trkpt>
      <trkpt lat="50.166012" lon="18.559807"><ele>276.0</ele></trkpt>
      <trkpt lat="50.166025" lon="18.55984"><ele>275.8</ele></trkpt>
      <trkpt lat="50.166035" lon="18.559867"><ele>275.6</ele></trkpt>
      <trkpt lat="50.166035" lon="18.559895"><ele>275.4</ele></trkpt>
      <trkpt lat="50.166035" lon="18.559933"><ele>275.2</ele></trkpt>
      <trkpt lat="50.166038" lon="18.55997"><ele>275.2</ele></trkpt>
      <trkpt lat="50.166035" lon="18.56"><ele>275.0</ele></trkpt>
      <trkpt lat="50.166025" lon="18.560023"><ele>274.8</ele></trkpt>
      <trkpt lat="50.166015" lon="18.560052"><ele>274.6</ele></trkpt>
      <trkpt lat="50.166002" lon="18.560075"><ele>274.6</ele></trkpt>
      <trkpt lat="50.165973" lon="18.56011"><ele>274.4</ele></trkpt>
      <trkpt lat="50.165955" lon="18.560128"><ele>274.2</ele></trkpt>
      <trkpt lat="50.165938" lon="18.560145"><ele>274.0</ele></trkpt>
      <trkpt lat="50.165922" lon="18.560163"><ele>274.0</ele></trkpt>
      <trkpt lat="50.165897" lon="18.560207"><ele>273.8</ele></trkpt>
      <trkpt lat="50.16588" lon="18.56023"><ele>273.6</ele></trkpt>
      <trkpt lat="50.165865" lon="18.560248"><ele>273.6</ele></trkpt>
      <trkpt lat="50.165842" lon="18.560267"><ele>273.6</ele></trkpt>
      <trkpt lat="50.165823" lon="18.56029"><ele>273.4</ele></trkpt>
      <trkpt lat="50.16581" lon="18.560317"><ele>273.4</ele></trkpt>
      <trkpt lat="50.165785" lon="18.560342"><ele>273.2</ele></trkpt>
      <trkpt lat="50.165762" lon="18.56037"><ele>273.2</ele></trkpt>
      <trkpt lat="50.165743" lon="18.5604"><ele>273.2</ele></trkpt>
      <trkpt lat="50.165723" lon="18.560432"><ele>273.2</ele></trkpt>
      <trkpt lat="50.165705" lon="18.56046"><ele>273.0</ele></trkpt>
      <trkpt lat="50.165685" lon="18.560492"><ele>273.0</ele></trkpt>
      <trkpt lat="50.165667" lon="18.560518"><ele>273.0</ele></trkpt>
      <trkpt lat="50.165653" lon="18.560538"><ele>272.8</ele></trkpt>
      <trkpt lat="50.165638" lon="18.56056"><ele>272.8</ele></trkpt>
      <trkpt lat="50.165622" lon="18.560578"><ele>272.8</ele></trkpt>
      <trkpt lat="50.165597" lon="18.5606"><ele>272.8</ele></trkpt>
      <trkpt lat="50.165577" lon="18.560613"><ele>272.6</ele></trkpt>
      <trkpt lat="50.165548" lon="18.560628"><ele>272.6</ele></trkpt>
      <trkpt lat="50.165528" lon="18.560635"><ele>272.6</ele></trkpt>
      <trkpt lat="50.1655" lon="18.56064"><ele>272.4</ele></trkpt>
      <trkpt lat="50.165465" lon="18.560648"><ele>272.4</ele></trkpt>
      <trkpt lat="50.16544" lon="18.560637"><ele>272.4</ele></trkpt>
      <trkpt lat="50.1654" lon="18.560617"><ele>272.4</ele></trkpt>
      <trkpt lat="50.165382" lon="18.560605"><ele>272.2</ele></trkpt>
      <trkpt lat="50.165362" lon="18.560598"><ele>272.2</ele></trkpt>
      <trkpt lat="50.165343" lon="18.56059"><ele>272.2</ele></trkpt>
      <trkpt lat="50.165308" lon="18.560568"><ele>272.2</ele></trkpt>
      <trkpt lat="50.165295" lon="18.560545"><ele>272.2</ele></trkpt>
      <trkpt lat="50.16526" lon="18.560525"><ele>272.2</ele></trkpt>
      <trkpt lat="50.165243" lon="18.560498"><ele>272.0</ele></trkpt>
      <trkpt lat="50.165222" lon="18.560485"><ele>272.0</ele></trkpt>
      <trkpt lat="50.1652" lon="18.560477"><ele>272.0</ele></trkpt>
      <trkpt lat="50.165163" lon="18.56046"><ele>272.0</ele></trkpt>
      <trkpt lat="50.165142" lon="18.56045"><ele>272.0</ele></trkpt>
      <trkpt lat="50.165122" lon="18.560442"><ele>272.0</ele></trkpt>
      <trkpt lat="50.165087" lon="18.560447"><ele>272.0</ele></trkpt>
      <trkpt lat="50.165065" lon="18.560448"><ele>272.0</ele></trkpt>
      <trkpt lat="50.16504" lon="18.560445"><ele>272.0</ele></trkpt>
      <trkpt lat="50.16501" lon="18.560458"><ele>271.8</ele></trkpt>
      <trkpt lat="50.165003" lon="18.560505"><ele>271.8</ele></trkpt>
      <trkpt lat="50.16502" lon="18.56055"><ele>271.6</ele></trkpt>
      <trkpt lat="50.16504" lon="18.560575"><ele>271.6</ele></trkpt>
      <trkpt lat="50.165058" lon="18.560603"><ele>271.6</ele></trkpt>
      <trkpt lat="50.165072" lon="18.56063"><ele>271.4</ele></trkpt>
      <trkpt lat="50.165087" lon="18.560658"><ele>271.4</ele></trkpt>
      <trkpt lat="50.1651" lon="18.560683"><ele>271.4</ele></trkpt>
      <trkpt lat="50.165122" lon="18.560727"><ele>271.2</ele></trkpt>
      <trkpt lat="50.165138" lon="18.560753"><ele>271.2</ele></trkpt>
      <trkpt lat="50.165158" lon="18.560813"><ele>271.0</ele></trkpt>
      <trkpt lat="50.165163" lon="18.560843"><ele>270.8</ele></trkpt>
      <trkpt lat="50.16517" lon="18.560873"><ele>270.8</ele></trkpt>
      <trkpt lat="50.165177" lon="18.560905"><ele>270.6</ele></trkpt>
      <trkpt lat="50.16518" lon="18.560938"><ele>270.6</ele></trkpt>
      <trkpt lat="50.165197" lon="18.560975"><ele>270.4</ele></trkpt>
      <trkpt lat="50.165202" lon="18.561012"><ele>270.4</ele></trkpt>
      <trkpt lat="50.165205" lon="18.561045"><ele>270.2</ele></trkpt>
      <trkpt lat="50.165218" lon="18.561077"><ele>270.2</ele></trkpt>
      <trkpt lat="50.165228" lon="18.561107"><ele>270.0</ele></trkpt>
      <trkpt lat="50.165235" lon="18.56114"><ele>270.0</ele></trkpt>
      <trkpt lat="50.165235" lon="18.561172"><ele>269.8</ele></trkpt>
      <trkpt lat="50.165238" lon="18.561207"><ele>269.8</ele></trkpt>
      <trkpt lat="50.165235" lon="18.561247"><ele>269.6</ele></trkpt>
      <trkpt lat="50.16524" lon="18.561288"><ele>269.4</ele></trkpt>
      <trkpt lat="50.165247" lon="18.56132"><ele>269.4</ele></trkpt>
      <trkpt lat="50.165257" lon="18.561355"><ele>269.2</ele></trkpt>
      <trkpt lat="50.165263" lon="18.561382"><ele>269.2</ele></trkpt>
      <trkpt lat="50.16527" lon="18.561435"><ele>268.8</ele></trkpt>
      <trkpt lat="50.165267" lon="18.561468"><ele>268.6</ele></trkpt>
      <trkpt lat="50.165267" lon="18.561502"><ele>268.6</ele></trkpt>
      <trkpt lat="50.165267" lon="18.561558"><ele>268.2</ele></trkpt>
      <trkpt lat="50.165263" lon="18.561608"><ele>268.0</ele></trkpt>
      <trkpt lat="50.165263" lon="18.561663"><ele>267.6</ele></trkpt>
      <trkpt lat="50.16527" lon="18.561708"><ele>267.2</ele></trkpt>
      <trkpt lat="50.165285" lon="18.56173"><ele>267.0</ele></trkpt>
      <trkpt lat="50.165282" lon="18.561777"><ele>266.6</ele></trkpt>
      <trkpt lat="50.165282" lon="18.561828"><ele>266.2</ele></trkpt>
      <trkpt lat="50.165282" lon="18.56186"><ele>265.8</ele></trkpt>
      <trkpt lat="50.165285" lon="18.561892"><ele>265.4</ele></trkpt>
      <trkpt lat="50.165305" lon="18.56193"><ele>265.0</ele></trkpt>
      <trkpt lat="50.165315" lon="18.561957"><ele>264.8</ele></trkpt>
      <trkpt lat="50.165327" lon="18.561992"><ele>264.6</ele></trkpt>
      <trkpt lat="50.16535" lon="18.562022"><ele>264.2</ele></trkpt>
      <trkpt lat="50.165365" lon="18.562063"><ele>264.0</ele></trkpt>
      <trkpt lat="50.165388" lon="18.562097"><ele>263.6</ele></trkpt>
      <trkpt lat="50.165407" lon="18.56212"><ele>263.4</ele></trkpt>
      <trkpt lat="50.165427" lon="18.562148"><ele>263.2</ele></trkpt>
      <trkpt lat="50.165442" lon="18.562163"><ele>263.0</ele></trkpt>
      <trkpt lat="50.165455" lon="18.562185"><ele>263.0</ele></trkpt>
      <trkpt lat="50.165462" lon="18.56222"><ele>262.8</ele></trkpt>
      <trkpt lat="50.165468" lon="18.562253"><ele>262.8</ele></trkpt>
      <trkpt lat="50.165478" lon="18.562297"><ele>262.8</ele></trkpt>
      <trkpt lat="50.165487" lon="18.562322"><ele>262.8</ele></trkpt>
      <trkpt lat="50.165507" lon="18.56236"><ele>263.0</ele></trkpt>
      <trkpt lat="50.165517" lon="18.562402"><ele>263.2</ele></trkpt>
      <trkpt lat="50.165517" lon="18.562437"><ele>263.4</ele></trkpt>
      <trkpt lat="50.165522" lon="18.562478"><ele>263.6</ele></trkpt>
      <trkpt lat="50.165535" lon="18.562517"><ele>263.8</ele></trkpt>
      <trkpt lat="50.165535" lon="18.562557"><ele>264.0</ele></trkpt>
      <trkpt lat="50.165528" lon="18.562585"><ele>264.4</ele></trkpt>
      <trkpt lat="50.165525" lon="18.56263"><ele>264.6</ele></trkpt>
      <trkpt lat="50.165535" lon="18.562663"><ele>264.8</ele></trkpt>
      <trkpt lat="50.165535" lon="18.562697"><ele>265.0</ele></trkpt>
      <trkpt lat="50.165542" lon="18.56274"><ele>265.4</ele></trkpt>
      <trkpt lat="50.165542" lon="18.562788"><ele>265.6</ele></trkpt>
      <trkpt lat="50.165545" lon="18.562832"><ele>266.0</ele></trkpt>
      <trkpt lat="50.165548" lon="18.562878"><ele>266.2</ele></trkpt>
      <trkpt lat="50.165548" lon="18.56292"><ele>266.4</ele></trkpt>
      <trkpt lat="50.165563" lon="18.56297"><ele>266.8</ele></trkpt>
      <trkpt lat="50.165573" lon="18.562998"><ele>267.0</ele></trkpt>
      <trkpt lat="50.165573" lon="18.563027"><ele>267.0</ele></trkpt>
      <trkpt lat="50.165587" lon="18.56308"><ele>267.4</ele></trkpt>
      <trkpt lat="50.1656" lon="18.563103"><ele>267.4</ele></trkpt>
      <trkpt lat="50.165618" lon="18.56315"><ele>267.8</ele></trkpt>
      <trkpt lat="50.165625" lon="18.56318"><ele>267.8</ele></trkpt>
      <trkpt lat="50.16564" lon="18.563205"><ele>268.0</ele></trkpt>
      <trkpt lat="50.165653" lon="18.563233"><ele>268.2</ele></trkpt>
      <trkpt lat="50.165667" lon="18.563265"><ele>268.2</ele></trkpt>
      <trkpt lat="50.16568" lon="18.563297"><ele>268.4</ele></trkpt>
      <trkpt lat="50.165685" lon="18.563325"><ele>268.4</ele></trkpt>
      <trkpt lat="50.165698" lon="18.56335"><ele>268.6</ele></trkpt>
      <trkpt lat="50.165715" lon="18.56337"><ele>268.6</ele></trkpt>
      <trkpt lat="50.165727" lon="18.563392"><ele>268.8</ele></trkpt>
      <trkpt lat="50.165743" lon="18.56341"><ele>268.8</ele></trkpt>
      <trkpt lat="50.16576" lon="18.563425"><ele>269.0</ele></trkpt>
      <trkpt lat="50.165795" lon="18.563455"><ele>269.0</ele></trkpt>
      <trkpt lat="50.16581" lon="18.56347"><ele>269.2</ele></trkpt>
      <trkpt lat="50.16584" lon="18.563485"><ele>269.2</ele></trkpt>
      <trkpt lat="50.165865" lon="18.563485"><ele>269.4</ele></trkpt>
      <trkpt lat="50.165903" lon="18.563493"><ele>269.4</ele></trkpt>
      <trkpt lat="50.165922" lon="18.563497"><ele>269.4</ele></trkpt>
      <trkpt lat="50.165958" lon="18.563498"><ele>269.4</ele></trkpt>
      <trkpt lat="50.165977" lon="18.563507"><ele>269.4</ele></trkpt>
      <trkpt lat="50.166012" lon="18.563513"><ele>269.4</ele></trkpt>
      <trkpt lat="50.166035" lon="18.563515"><ele>269.4</ele></trkpt>
      <trkpt lat="50.166063" lon="18.563523"><ele>269.4</ele></trkpt>
      <trkpt lat="50.166088" lon="18.563527"><ele>269.4</ele></trkpt>
      <trkpt lat="50.16612" lon="18.563535"><ele>269.4</ele></trkpt>
      <trkpt lat="50.16614" lon="18.56354"><ele>269.2</ele></trkpt>
      <trkpt lat="50.166162" lon="18.563548"><ele>269.2</ele></trkpt>
      <trkpt lat="50.166182" lon="18.56356"><ele>269.2</ele></trkpt>
      <trkpt lat="50.1662" lon="18.563567"><ele>269.2</ele></trkpt>
      <trkpt lat="50.16622" lon="18.563563"><ele>269.2</ele></trkpt>
      <trkpt lat="50.16624" lon="18.563563"><ele>269.2</ele></trkpt>
      <trkpt lat="50.166258" lon="18.563567"><ele>269.2</ele></trkpt>
      <trkpt lat="50.16628" lon="18.563577"><ele>269.2</ele></trkpt>
      <trkpt lat="50.1663" lon="18.563595"><ele>269.0</ele></trkpt>
      <trkpt lat="50.166317" lon="18.56361"><ele>269.0</ele></trkpt>
      <trkpt lat="50.166332" lon="18.563628"><ele>269.0</ele></trkpt>
      <trkpt lat="50.166348" lon="18.563643"><ele>269.0</ele></trkpt>
      <trkpt lat="50.166377" lon="18.563675"><ele>269.0</ele></trkpt>
      <trkpt lat="50.166397" lon="18.563695"><ele>269.0</ele></trkpt>
      <trkpt lat="50.166415" lon="18.563708"><ele>269.0</ele></trkpt>
      <trkpt lat="50.166435" lon="18.56372"><ele>269.0</ele></trkpt>
      <trkpt lat="50.16646" lon="18.563728"><ele>269.2</ele></trkpt>
      <trkpt lat="50.16648" lon="18.563747"><ele>269.2</ele></trkpt>
      <trkpt lat="50.166502" lon="18.563765"><ele>269.2</ele></trkpt>
      <trkpt lat="50.166527" lon="18.563783"><ele>269.2</ele></trkpt>
      <trkpt lat="50.166547" lon="18.563785"><ele>269.2</ele></trkpt>
      <trkpt lat="50.166565" lon="18.563788"><ele>269.2</ele></trkpt>
      <trkpt lat="50.166598" lon="18.563793"><ele>269.2</ele></trkpt>
      <trkpt lat="50.166633" lon="18.563818"><ele>269.4</ele></trkpt>
      <trkpt lat="50.166665" lon="18.563845"><ele>269.4</ele></trkpt>
      <trkpt lat="50.16668" lon="18.563868"><ele>269.4</ele></trkpt>
      <trkpt lat="50.166713" lon="18.563892"><ele>269.4</ele></trkpt>
      <trkpt lat="50.166738" lon="18.563923"><ele>269.6</ele></trkpt>
      <trkpt lat="50.166763" lon="18.563953"><ele>269.6</ele></trkpt>
      <trkpt lat="50.166777" lon="18.563983"><ele>269.6</ele></trkpt>
      <trkpt lat="50.1668" lon="18.563995"><ele>269.8</ele></trkpt>
      <trkpt lat="50.166815" lon="18.564013"><ele>269.8</ele></trkpt>
      <trkpt lat="50.1668" lon="18.564055"><ele>269.8</ele></trkpt>
      <trkpt lat="50.166767" lon="18.564092"><ele>270.0</ele></trkpt>
      <trkpt lat="50.166748" lon="18.564112"><ele>270.0</ele></trkpt>
      <trkpt lat="50.166717" lon="18.564135"><ele>270.2</ele></trkpt>
      <trkpt lat="50.166697" lon="18.564152"><ele>270.2</ele></trkpt>
      <trkpt lat="50.166678" lon="18.564165"><ele>270.4</ele></trkpt>
      <trkpt lat="50.166658" lon="18.564185"><ele>270.4</ele></trkpt>
      <trkpt lat="50.16664" lon="18.564213"><ele>270.6</ele></trkpt>
      <trkpt lat="50.166627" lon="18.564245"><ele>270.6</ele></trkpt>
      <trkpt lat="50.166613" lon="18.56427"><ele>270.6</ele></trkpt>
      <trkpt lat="50.166595" lon="18.564288"><ele>270.8</ele></trkpt>
      <trkpt lat="50.166575" lon="18.564305"><ele>270.8</ele></trkpt>
      <trkpt lat="50.166557" lon="18.564315"><ele>270.8</ele></trkpt>
      <trkpt lat="50.16653" lon="18.564333"><ele>271.0</ele></trkpt>
      <trkpt lat="50.166502" lon="18.564345"><ele>271.0</ele></trkpt>
      <trkpt lat="50.166477" lon="18.564363"><ele>271.0</ele></trkpt>
      <trkpt lat="50.166453" lon="18.564382"><ele>271.2</ele></trkpt>
      <trkpt lat="50.166428" lon="18.564398"><ele>271.2</ele></trkpt>
      <trkpt lat="50.1664" lon="18.564422"><ele>271.2</ele></trkpt>
      <trkpt lat="50.166377" lon="18.56444"><ele>271.4</ele></trkpt>
      <trkpt lat="50.166342" lon="18.564468"><ele>271.4</ele></trkpt>
      <trkpt lat="50.166317" lon="18.56448"><ele>271.6</ele></trkpt>
      <trkpt lat="50.16629" lon="18.564497"><ele>271.6</ele></trkpt>
      <trkpt lat="50.166262" lon="18.564518"><ele>271.8</ele></trkpt>
      <trkpt lat="50.16624" lon="18.564527"><ele>271.8</ele></trkpt>
      <trkpt lat="50.166217" lon="18.564543"><ele>272.0</ele></trkpt>
      <trkpt lat="50.166195" lon="18.564558"><ele>272.0</ele></trkpt>
      <trkpt lat="50.166168" lon="18.564568"><ele>272.2</ele></trkpt>
      <trkpt lat="50.166143" lon="18.564578"><ele>272.2</ele></trkpt>
      <trkpt lat="50.166123" lon="18.56458"><ele>272.4</ele></trkpt>
      <trkpt lat="50.166102" lon="18.564582"><ele>272.6</ele></trkpt>
      <trkpt lat="50.166073" lon="18.564593"><ele>272.8</ele></trkpt>
      <trkpt lat="50.166053" lon="18.564605"><ele>273.0</ele></trkpt>
      <trkpt lat="50.166025" lon="18.564608"><ele>273.2</ele></trkpt>
      <trkpt lat="50.166002" lon="18.564608"><ele>273.2</ele></trkpt>
      <trkpt lat="50.16597" lon="18.56462"><ele>273.6</ele></trkpt>
      <trkpt lat="50.165942" lon="18.564628"><ele>273.6</ele></trkpt>
      <trkpt lat="50.16592" lon="18.564637"><ele>273.8</ele></trkpt>
      <trkpt lat="50.165897" lon="18.564658"><ele>274.0</ele></trkpt>
      <trkpt lat="50.165875" lon="18.564673"><ele>274.2</ele></trkpt>
      <trkpt lat="50.165855" lon="18.564687"><ele>274.2</ele></trkpt>
      <trkpt lat="50.16584" lon="18.564707"><ele>274.4</ele></trkpt>
      <trkpt lat="50.165817" lon="18.56472"><ele>274.6</ele></trkpt>
      <trkpt lat="50.165792" lon="18.564722"><ele>274.6</ele></trkpt>
      <trkpt lat="50.165765" lon="18.56473"><ele>274.8</ele></trkpt>
      <trkpt lat="50.165743" lon="18.564745"><ele>275.0</ele></trkpt>
      <trkpt lat="50.16572" lon="18.564752"><ele>275.0</ele></trkpt>
      <trkpt lat="50.165698" lon="18.564757"><ele>275.2</ele></trkpt>
      <trkpt lat="50.165673" lon="18.56477"><ele>275.4</ele></trkpt>
      <trkpt lat="50.165653" lon="18.564782"><ele>275.4</ele></trkpt>
      <trkpt lat="50.165628" lon="18.564798"><ele>275.6</ele></trkpt>
      <trkpt lat="50.165587" lon="18.56481"><ele>275.8</ele></trkpt>
      <trkpt lat="50.165567" lon="18.564828"><ele>276.0</ele></trkpt>
      <trkpt lat="50.165545" lon="18.56485"><ele>276.2</ele></trkpt>
      <trkpt lat="50.165525" lon="18.564845"><ele>276.4</ele></trkpt>
      <trkpt lat="50.165507" lon="18.564837"><ele>276.4</ele></trkpt>
      <trkpt lat="50.165487" lon="18.564832"><ele>276.6</ele></trkpt>
      <trkpt lat="50.165458" lon="18.564825"><ele>276.8</ele></trkpt>
      <trkpt lat="50.165427" lon="18.564832"><ele>277.0</ele></trkpt>
      <trkpt lat="50.165403" lon="18.56485"><ele>277.2</ele></trkpt>
      <trkpt lat="50.165385" lon="18.564857"><ele>277.2</ele></trkpt>
      <trkpt lat="50.165362" lon="18.564858"><ele>277.6</ele></trkpt>
      <trkpt lat="50.16534" lon="18.564877"><ele>278.0</ele></trkpt>
      <trkpt lat="50.165318" lon="18.564888"><ele>278.2</ele></trkpt>
      <trkpt lat="50.165298" lon="18.564897"><ele>278.4</ele></trkpt>
      <trkpt lat="50.165267" lon="18.564907"><ele>278.6</ele></trkpt>
      <trkpt lat="50.165238" lon="18.56492"><ele>278.8</ele></trkpt>
      <trkpt lat="50.165218" lon="18.564935"><ele>279.0</ele></trkpt>
      <trkpt lat="50.16519" lon="18.564948"><ele>279.2</ele></trkpt>
      <trkpt lat="50.16516" lon="18.564957"><ele>279.4</ele></trkpt>
      <trkpt lat="50.165138" lon="18.56496"><ele>279.4</ele></trkpt>
      <trkpt lat="50.165107" lon="18.564973"><ele>279.6</ele></trkpt>
      <trkpt lat="50.165083" lon="18.564985"><ele>279.8</ele></trkpt>
      <trkpt lat="50.165065" lon="18.564997"><ele>279.8</ele></trkpt>
      <trkpt lat="50.165042" lon="18.565007"><ele>279.8</ele></trkpt>
      <trkpt lat="50.165023" lon="18.565015"><ele>280.0</ele></trkpt>
      <trkpt lat="50.165007" lon="18.565028"><ele>280.0</ele></trkpt>
      <trkpt lat="50.164988" lon="18.565042"><ele>280.0</ele></trkpt>
      <trkpt lat="50.164968" lon="18.565048"><ele>280.2</ele></trkpt>
      <trkpt lat="50.164927" lon="18.565068"><ele>280.2</ele></trkpt>
      <trkpt lat="50.164905" lon="18.565082"><ele>280.2</ele></trkpt>
      <trkpt lat="50.164882" lon="18.565085"><ele>280.2</ele></trkpt>
      <trkpt lat="50.164847" lon="18.565102"><ele>280.4</ele></trkpt>
      <trkpt lat="50.164828" lon="18.565113"><ele>280.4</ele></trkpt>
      <trkpt lat="50.164808" lon="18.565125"><ele>280.4</ele></trkpt>
      <trkpt lat="50.16479" lon="18.565138"><ele>280.4</ele></trkpt>
      <trkpt lat="50.164767" lon="18.565153"><ele>280.6</ele></trkpt>
      <trkpt lat="50.164748" lon="18.565158"><ele>280.6</ele></trkpt>
      <trkpt lat="50.164732" lon="18.565173"><ele>280.6</ele></trkpt>
      <trkpt lat="50.16471" lon="18.565192"><ele>280.6</ele></trkpt>
      <trkpt lat="50.164687" lon="18.565205"><ele>280.6</ele></trkpt>
      <trkpt lat="50.164668" lon="18.565205"><ele>280.6</ele></trkpt>
      <trkpt lat="50.16464" lon="18.565213"><ele>280.8</ele></trkpt>
      <trkpt lat="50.164595" lon="18.565227"><ele>280.8</ele></trkpt>
      <trkpt lat="50.164562" lon="18.565235"><ele>280.8</ele></trkpt>
      <trkpt lat="50.16454" lon="18.56524"><ele>280.8</ele></trkpt>
      <trkpt lat="50.16452" lon="18.565245"><ele>281.0</ele></trkpt>
      <trkpt lat="50.164495" lon="18.565255"><ele>281.0</ele></trkpt>
      <trkpt lat="50.164473" lon="18.565267"><ele>281.0</ele></trkpt>
      <trkpt lat="50.16445" lon="18.565273"><ele>281.0</ele></trkpt>
      <trkpt lat="50.164428" lon="18.565275"><ele>281.0</ele></trkpt>
      <trkpt lat="50.164405" lon="18.565275"><ele>281.2</ele></trkpt>
      <trkpt lat="50.164387" lon="18.565278"><ele>281.2</ele></trkpt>
      <trkpt lat="50.164355" lon="18.565292"><ele>281.2</ele></trkpt>
      <trkpt lat="50.164335" lon="18.565303"><ele>281.2</ele></trkpt>
      <trkpt lat="50.164317" lon="18.565313"><ele>281.4</ele></trkpt>
      <trkpt lat="50.164297" lon="18.56533"><ele>281.4</ele></trkpt>
      <trkpt lat="50.164278" lon="18.565335"><ele>281.4</ele></trkpt>
      <trkpt lat="50.164252" lon="18.565345"><ele>281.4</ele></trkpt>
      <trkpt lat="50.164233" lon="18.565348"><ele>281.6</ele></trkpt>
      <trkpt lat="50.164217" lon="18.565365"><ele>281.6</ele></trkpt>
      <trkpt lat="50.164188" lon="18.565377"><ele>281.6</ele></trkpt>
      <trkpt lat="50.164165" lon="18.565385"><ele>281.6</ele></trkpt>
      <trkpt lat="50.164137" lon="18.565398"><ele>281.6</ele></trkpt>
      <trkpt lat="50.164118" lon="18.565407"><ele>281.8</ele></trkpt>
      <trkpt lat="50.164095" lon="18.56541"><ele>281.8</ele></trkpt>
      <trkpt lat="50.164077" lon="18.56541"><ele>281.8</ele></trkpt>
      <trkpt lat="50.164057" lon="18.565412"><ele>281.8</ele></trkpt>
      <trkpt lat="50.164035" lon="18.565423"><ele>281.8</ele></trkpt>
      <trkpt lat="50.164008" lon="18.565437"><ele>281.8</ele></trkpt>
      <trkpt lat="50.16399" lon="18.56545"><ele>281.8</ele></trkpt>
      <trkpt lat="50.163967" lon="18.565452"><ele>281.8</ele></trkpt>
      <trkpt lat="50.163948" lon="18.56546"><ele>281.8</ele></trkpt>
      <trkpt lat="50.163928" lon="18.565463"><ele>281.8</ele></trkpt>
      <trkpt lat="50.163907" lon="18.565482"><ele>281.8</ele></trkpt>
      <trkpt lat="50.163887" lon="18.565493"><ele>282.0</ele></trkpt>
      <trkpt lat="50.163858" lon="18.565503"><ele>282.0</ele></trkpt>
      <trkpt lat="50.163827" lon="18.565517"><ele>282.0</ele></trkpt>
      <trkpt lat="50.163807" lon="18.56553"><ele>282.0</ele></trkpt>
      <trkpt lat="50.163775" lon="18.56554"><ele>282.2</ele></trkpt>
      <trkpt lat="50.163753" lon="18.56555"><ele>282.2</ele></trkpt>
      <trkpt lat="50.16373" lon="18.56556"><ele>282.2</ele></trkpt>
      <trkpt lat="50.163708" lon="18.56557"><ele>282.2</ele></trkpt>
      <trkpt lat="50.163688" lon="18.56558"><ele>282.4</ele></trkpt>
      <trkpt lat="50.163667" lon="18.565592"><ele>282.4</ele></trkpt>
      <trkpt lat="50.163638" lon="18.56561"><ele>282.4</ele></trkpt>
      <trkpt lat="50.1636" lon="18.565633"><ele>282.6</ele></trkpt>
      <trkpt lat="50.163573" lon="18.565662"><ele>282.6</ele></trkpt>
      <trkpt lat="50.163552" lon="18.565673"><ele>282.6</ele></trkpt>
      <trkpt lat="50.163522" lon="18.565693"><ele>282.8</ele></trkpt>
      <trkpt lat="50.163497" lon="18.565702"><ele>282.8</ele></trkpt>
      <trkpt lat="50.163478" lon="18.565708"><ele>282.8</ele></trkpt>
      <trkpt lat="50.163455" lon="18.565718"><ele>282.8</ele></trkpt>
      <trkpt lat="50.16342" lon="18.565728"><ele>283.0</ele></trkpt>
      <trkpt lat="50.1634" lon="18.56574"><ele>283.0</ele></trkpt>
      <trkpt lat="50.163382" lon="18.565753"><ele>283.2</ele></trkpt>
      <trkpt lat="50.16336" lon="18.56576"><ele>283.2</ele></trkpt>
      <trkpt lat="50.16332" lon="18.565772"><ele>283.4</ele></trkpt>
      <trkpt lat="50.163277" lon="18.565792"><ele>283.6</ele></trkpt>
      <trkpt lat="50.163257" lon="18.5658"><ele>283.6</ele></trkpt>
      <trkpt lat="50.163238" lon="18.5658"><ele>283.6</ele></trkpt>
      <trkpt lat="50.163218" lon="18.565803"><ele>283.8</ele></trkpt>
      <trkpt lat="50.163193" lon="18.56582"><ele>283.8</ele></trkpt>
      <trkpt lat="50.16317" lon="18.565827"><ele>284.0</ele></trkpt>
      <trkpt lat="50.163142" lon="18.565828"><ele>284.0</ele></trkpt>
      <trkpt lat="50.16312" lon="18.565842"><ele>284.0</ele></trkpt>
      <trkpt lat="50.163097" lon="18.565858"><ele>284.2</ele></trkpt>
      <trkpt lat="50.163072" lon="18.565868"><ele>284.2</ele></trkpt>
      <trkpt lat="50.163045" lon="18.565878"><ele>284.2</ele></trkpt>
      <trkpt lat="50.163023" lon="18.565882"><ele>284.2</ele></trkpt>
      <trkpt lat="50.163" lon="18.565888"><ele>284.2</ele></trkpt>
      <trkpt lat="50.162965" lon="18.565912"><ele>284.4</ele></trkpt>
      <trkpt lat="50.162947" lon="18.565918"><ele>284.4</ele></trkpt>
      <trkpt lat="50.162915" lon="18.565913"><ele>284.4</ele></trkpt>
      <trkpt lat="50.16288" lon="18.565918"><ele>284.4</ele></trkpt>
      <trkpt lat="50.162853" lon="18.565918"><ele>284.6</ele></trkpt>
      <trkpt lat="50.162825" lon="18.565928"><ele>284.6</ele></trkpt>
      <trkpt lat="50.162802" lon="18.565943"><ele>284.6</ele></trkpt>
      <trkpt lat="50.162783" lon="18.565953"><ele>284.6</ele></trkpt>
      <trkpt lat="50.16276" lon="18.56596"><ele>284.6</ele></trkpt>
      <trkpt lat="50.162742" lon="18.565987"><ele>284.6</ele></trkpt>
      <trkpt lat="50.162713" lon="18.56602"><ele>284.6</ele></trkpt>
      <trkpt lat="50.16268" lon="18.566058"><ele>284.6</ele></trkpt>
      <trkpt lat="50.162662" lon="18.566078"><ele>284.6</ele></trkpt>
      <trkpt lat="50.162637" lon="18.566095"><ele>284.6</ele></trkpt>
      <trkpt lat="50.162607" lon="18.5661"><ele>284.6</ele></trkpt>
      <trkpt lat="50.162585" lon="18.56611"><ele>284.6</ele></trkpt>
      <trkpt lat="50.162562" lon="18.566118"><ele>284.6</ele></trkpt>
      <trkpt lat="50.16254" lon="18.566128"><ele>284.6</ele></trkpt>
      <trkpt lat="50.162498" lon="18.56616"><ele>284.6</ele></trkpt>
      <trkpt lat="50.16247" lon="18.566172"><ele>284.6</ele></trkpt>
      <trkpt lat="50.16245" lon="18.566177"><ele>284.6</ele></trkpt>
      <trkpt lat="50.162415" lon="18.5662"><ele>284.8</ele></trkpt>
      <trkpt lat="50.16239" lon="18.56621"><ele>284.8</ele></trkpt>
      <trkpt lat="50.162363" lon="18.566222"><ele>284.8</ele></trkpt>
      <trkpt lat="50.162345" lon="18.566235"><ele>284.8</ele></trkpt>
      <trkpt lat="50.162322" lon="18.566243"><ele>284.8</ele></trkpt>
      <trkpt lat="50.1623" lon="18.566253"><ele>284.8</ele></trkpt>
      <trkpt lat="50.16228" lon="18.566257"><ele>284.8</ele></trkpt>
      <trkpt lat="50.162248" lon="18.56628"><ele>284.8</ele></trkpt>
      <trkpt lat="50.16223" lon="18.566297"><ele>284.8</ele></trkpt>
      <trkpt lat="50.162192" lon="18.566307"><ele>285.0</ele></trkpt>
      <trkpt lat="50.162172" lon="18.566315"><ele>285.0</ele></trkpt>
      <trkpt lat="50.162153" lon="18.56632"><ele>285.0</ele></trkpt>
      <trkpt lat="50.162118" lon="18.566335"><ele>285.0</ele></trkpt>
      <trkpt lat="50.162082" lon="18.566345"><ele>285.2</ele></trkpt>
      <trkpt lat="50.162053" lon="18.566348"><ele>285.2</ele></trkpt>
      <trkpt lat="50.162018" lon="18.56636"><ele>285.4</ele></trkpt>
      <trkpt lat="50.162002" lon="18.56638"><ele>285.4</ele></trkpt>
      <trkpt lat="50.161973" lon="18.566405"><ele>285.6</ele></trkpt>
      <trkpt lat="50.161955" lon="18.566397"><ele>285.8</ele></trkpt>
      <trkpt lat="50.161928" lon="18.566388"><ele>286.0</ele></trkpt>
      <trkpt lat="50.161913" lon="18.566375"><ele>286.0</ele></trkpt>
      <trkpt lat="50.161887" lon="18.566388"><ele>286.6</ele></trkpt>
      <trkpt lat="50.161865" lon="18.5664"><ele>286.8</ele></trkpt>
      <trkpt lat="50.161845" lon="18.566407"><ele>287.0</ele></trkpt>
      <trkpt lat="50.161823" lon="18.56641"><ele>287.0</ele></trkpt>
      <trkpt lat="50.161785" lon="18.566415"><ele>287.2</ele></trkpt>
      <trkpt lat="50.161765" lon="18.566415"><ele>287.4</ele></trkpt>
      <trkpt lat="50.161733" lon="18.566437"><ele>287.8</ele></trkpt>
      <trkpt lat="50.161712" lon="18.566443"><ele>287.8</ele></trkpt>
      <trkpt lat="50.161685" lon="18.566455"><ele>288.0</ele></trkpt>
      <trkpt lat="50.161653" lon="18.566455"><ele>288.2</ele></trkpt>
      <trkpt lat="50.161635" lon="18.566463"><ele>288.6</ele></trkpt>
      <trkpt lat="50.161612" lon="18.566455"><ele>288.8</ele></trkpt>
      <trkpt lat="50.161587" lon="18.566463"><ele>288.8</ele></trkpt>
      <trkpt lat="50.16156" lon="18.566477"><ele>289.2</ele></trkpt>
      <trkpt lat="50.161532" lon="18.566482"><ele>289.4</ele></trkpt>
      <trkpt lat="50.161528" lon="18.56652"><ele>289.8</ele></trkpt>
      <trkpt lat="50.161532" lon="18.566567"><ele>290.0</ele></trkpt>
      <trkpt lat="50.161545" lon="18.566588"><ele>290.2</ele></trkpt>
      <trkpt lat="50.16156" lon="18.566633"><ele>290.4</ele></trkpt>
      <trkpt lat="50.16156" lon="18.56668"><ele>290.6</ele></trkpt>
      <trkpt lat="50.161563" lon="18.566712"><ele>290.6</ele></trkpt>
      <trkpt lat="50.161573" lon="18.566747"><ele>290.8</ele></trkpt>
      <trkpt lat="50.161583" lon="18.566775"><ele>290.8</ele></trkpt>
      <trkpt lat="50.161597" lon="18.566812"><ele>291.0</ele></trkpt>
      <trkpt lat="50.161602" lon="18.566845"><ele>291.0</ele></trkpt>
      <trkpt lat="50.161608" lon="18.566875"><ele>291.0</ele></trkpt>
      <trkpt lat="50.161625" lon="18.566925"><ele>291.2</ele></trkpt>
      <trkpt lat="50.161632" lon="18.566957"><ele>291.2</ele></trkpt>
      <trkpt lat="50.161647" lon="18.56698"><ele>291.2</ele></trkpt>
      <trkpt lat="50.16166" lon="18.567008"><ele>291.2</ele></trkpt>
      <trkpt lat="50.16167" lon="18.567033"><ele>291.2</ele></trkpt>
      <trkpt lat="50.161685" lon="18.567055"><ele>291.2</ele></trkpt>
      <trkpt lat="50.161705" lon="18.567085"><ele>291.2</ele></trkpt>
      <trkpt lat="50.16172" lon="18.567115"><ele>291.2</ele></trkpt>
      <trkpt lat="50.16173" lon="18.567148"><ele>291.2</ele></trkpt>
      <trkpt lat="50.161743" lon="18.567172"><ele>291.2</ele></trkpt>
      <trkpt lat="50.16175" lon="18.5672"><ele>291.2</ele></trkpt>
      <trkpt lat="50.16176" lon="18.567233"><ele>291.2</ele></trkpt>
      <trkpt lat="50.161768" lon="18.567268"><ele>291.2</ele></trkpt>
      <trkpt lat="50.161782" lon="18.5673"><ele>291.2</ele></trkpt>
      <trkpt lat="50.161788" lon="18.567332"><ele>291.0</ele></trkpt>
      <trkpt lat="50.1618" lon="18.567358"><ele>291.0</ele></trkpt>
      <trkpt lat="50.161807" lon="18.56739"><ele>291.0</ele></trkpt>
      <trkpt lat="50.16183" lon="18.56744"><ele>290.8</ele></trkpt>
      <trkpt lat="50.16184" lon="18.567472"><ele>290.6</ele></trkpt>
      <trkpt lat="50.161842" lon="18.567512"><ele>290.6</ele></trkpt>
      <trkpt lat="50.161848" lon="18.567552"><ele>290.6</ele></trkpt>
      <trkpt lat="50.161852" lon="18.56758"><ele>290.4</ele></trkpt>
      <trkpt lat="50.161862" lon="18.56761"><ele>290.4</ele></trkpt>
      <trkpt lat="50.161865" lon="18.567657"><ele>290.2</ele></trkpt>
      <trkpt lat="50.161865" lon="18.567687"><ele>290.0</ele></trkpt>
      <trkpt lat="50.161865" lon="18.56772"><ele>289.8</ele></trkpt>
      <trkpt lat="50.161868" lon="18.56775"><ele>289.8</ele></trkpt>
      <trkpt lat="50.161872" lon="18.56778"><ele>289.6</ele></trkpt>
      <trkpt lat="50.161883" lon="18.567813"><ele>289.4</ele></trkpt>
      <trkpt lat="50.161887" lon="18.567845"><ele>289.4</ele></trkpt>
      <trkpt lat="50.16189" lon="18.567882"><ele>289.2</ele></trkpt>
      <trkpt lat="50.161893" lon="18.567918"><ele>289.0</ele></trkpt>
      <trkpt lat="50.161903" lon="18.567943"><ele>288.8</ele></trkpt>
      <trkpt lat="50.161907" lon="18.567975"><ele>288.8</ele></trkpt>
      <trkpt lat="50.16192" lon="18.568023"><ele>288.4</ele></trkpt>
      <trkpt lat="50.16192" lon="18.568072"><ele>288.0</ele></trkpt>
      <trkpt lat="50.16191" lon="18.568108"><ele>287.6</ele></trkpt>
      <trkpt lat="50.161913" lon="18.568147"><ele>287.2</ele></trkpt>
      <trkpt lat="50.16191" lon="18.568192"><ele>287.0</ele></trkpt>
      <trkpt lat="50.161907" lon="18.568223"><ele>286.6</ele></trkpt>
      <trkpt lat="50.16191" lon="18.568265"><ele>286.2</ele></trkpt>
      <trkpt lat="50.161907" lon="18.5683"><ele>286.0</ele></trkpt>
      <trkpt lat="50.1619" lon="18.568343"><ele>285.6</ele></trkpt>
      <trkpt lat="50.161903" lon="18.568378"><ele>285.4</ele></trkpt>
      <trkpt lat="50.161903" lon="18.568423"><ele>285.2</ele></trkpt>
      <trkpt lat="50.161913" lon="18.568475"><ele>284.8</ele></trkpt>
      <trkpt lat="50.16192" lon="18.568508"><ele>284.8</ele></trkpt>
      <trkpt lat="50.16192" lon="18.56856"><ele>284.6</ele></trkpt>
      <trkpt lat="50.161913" lon="18.568588"><ele>284.4</ele></trkpt>
      <trkpt lat="50.161922" lon="18.568633"><ele>284.2</ele></trkpt>
      <trkpt lat="50.161928" lon="18.568682"><ele>284.0</ele></trkpt>
      <trkpt lat="50.161945" lon="18.568712"><ele>284.0</ele></trkpt>
      <trkpt lat="50.161955" lon="18.568737"><ele>283.8</ele></trkpt>
      <trkpt lat="50.161967" lon="18.56876"><ele>283.8</ele></trkpt>
      <trkpt lat="50.161983" lon="18.56878"><ele>283.8</ele></trkpt>
      <trkpt lat="50.162" lon="18.568808"><ele>283.6</ele></trkpt>
      <trkpt lat="50.162008" lon="18.568857"><ele>283.6</ele></trkpt>
      <trkpt lat="50.162022" lon="18.568882"><ele>283.4</ele></trkpt>
      <trkpt lat="50.162038" lon="18.568925"><ele>283.4</ele></trkpt>
      <trkpt lat="50.162043" lon="18.56896"><ele>283.4</ele></trkpt>
      <trkpt lat="50.162047" lon="18.568992"><ele>283.4</ele></trkpt>
      <trkpt lat="50.162047" lon="18.56903"><ele>283.4</ele></trkpt>
      <trkpt lat="50.162053" lon="18.56906"><ele>283.2</ele></trkpt>
      <trkpt lat="50.162063" lon="18.569095"><ele>283.2</ele></trkpt>
      <trkpt lat="50.162073" lon="18.56913"><ele>283.2</ele></trkpt>
      <trkpt lat="50.162085" lon="18.569158"><ele>283.2</ele></trkpt>
      <trkpt lat="50.162092" lon="18.569193"><ele>283.2</ele></trkpt>
      <trkpt lat="50.162102" lon="18.569228"><ele>283.2</ele></trkpt>
      <trkpt lat="50.162108" lon="18.569258"><ele>283.2</ele></trkpt>
      <trkpt lat="50.162112" lon="18.569288"><ele>283.2</ele></trkpt>
      <trkpt lat="50.162112" lon="18.569335"><ele>283.4</ele></trkpt>
      <trkpt lat="50.162123" lon="18.569387"><ele>283.4</ele></trkpt>
      <trkpt lat="50.16214" lon="18.569447"><ele>283.4</ele></trkpt>
      <trkpt lat="50.16214" lon="18.569485"><ele>283.4</ele></trkpt>
      <trkpt lat="50.162143" lon="18.569515"><ele>283.6</ele></trkpt>
      <trkpt lat="50.16215" lon="18.569548"><ele>283.6</ele></trkpt>
      <trkpt lat="50.16216" lon="18.569583"><ele>283.6</ele></trkpt>
      <trkpt lat="50.162165" lon="18.56961"><ele>283.6</ele></trkpt>
      <trkpt lat="50.162182" lon="18.569662"><ele>283.8</ele></trkpt>
      <trkpt lat="50.162188" lon="18.56969"><ele>283.8</ele></trkpt>
      <trkpt lat="50.162192" lon="18.569722"><ele>284.0</ele></trkpt>
      <trkpt lat="50.162203" lon="18.569747"><ele>284.0</ele></trkpt>
      <trkpt lat="50.162207" lon="18.56978"><ele>284.0</ele></trkpt>
      <trkpt lat="50.16222" lon="18.569802"><ele>284.0</ele></trkpt>
      <trkpt lat="50.162227" lon="18.56984"><ele>284.2</ele></trkpt>
      <trkpt lat="50.16223" lon="18.569878"><ele>284.2</ele></trkpt>
      <trkpt lat="50.162237" lon="18.569908"><ele>284.2</ele></trkpt>
      <trkpt lat="50.16224" lon="18.569942"><ele>284.2</ele></trkpt>
      <trkpt lat="50.162245" lon="18.569973"><ele>284.2</ele></trkpt>
      <trkpt lat="50.162258" lon="18.57001"><ele>284.4</ele></trkpt>
      <trkpt lat="50.162258" lon="18.57004"><ele>284.4</ele></trkpt>
      <trkpt lat="50.162252" lon="18.57008"><ele>284.4</ele></trkpt>
      <trkpt lat="50.162252" lon="18.57011"><ele>284.4</ele></trkpt>
      <trkpt lat="50.162258" lon="18.570143"><ele>284.4</ele></trkpt>
      <trkpt lat="50.162265" lon="18.57018"><ele>284.4</ele></trkpt>
      <trkpt lat="50.16228" lon="18.570208"><ele>284.4</ele></trkpt>
      <trkpt lat="50.16229" lon="18.570242"><ele>284.4</ele></trkpt>
      <trkpt lat="50.162297" lon="18.570277"><ele>284.4</ele></trkpt>
      <trkpt lat="50.162303" lon="18.570307"><ele>284.6</ele></trkpt>
      <trkpt lat="50.1623" lon="18.570342"><ele>284.6</ele></trkpt>
      <trkpt lat="50.162297" lon="18.57038"><ele>284.6</ele></trkpt>
      <trkpt lat="50.162303" lon="18.570418"><ele>284.6</ele></trkpt>
      <trkpt lat="50.162307" lon="18.570453"><ele>284.8</ele></trkpt>
      <trkpt lat="50.16231" lon="18.570485"><ele>284.8</ele></trkpt>
      <trkpt lat="50.16231" lon="18.570518"><ele>284.8</ele></trkpt>
      <trkpt lat="50.16232" lon="18.570545"><ele>284.8</ele></trkpt>
      <trkpt lat="50.162328" lon="18.570585"><ele>285.0</ele></trkpt>
      <trkpt lat="50.162338" lon="18.570625"><ele>285.0</ele></trkpt>
      <trkpt lat="50.162342" lon="18.570663"><ele>285.0</ele></trkpt>
      <trkpt lat="50.162342" lon="18.57071"><ele>285.2</ele></trkpt>
      <trkpt lat="50.162348" lon="18.570753"><ele>285.2</ele></trkpt>
      <trkpt lat="50.162352" lon="18.570792"><ele>285.2</ele></trkpt>
      <trkpt lat="50.162358" lon="18.570827"><ele>285.4</ele></trkpt>
      <trkpt lat="50.162352" lon="18.570873"><ele>285.4</ele></trkpt>
      <trkpt lat="50.162358" lon="18.570915"><ele>285.4</ele></trkpt>
      <trkpt lat="50.162363" lon="18.570945"><ele>285.6</ele></trkpt>
      <trkpt lat="50.16237" lon="18.57098"><ele>285.6</ele></trkpt>
      <trkpt lat="50.162377" lon="18.571012"><ele>285.6</ele></trkpt>
      <trkpt lat="50.16238" lon="18.571047"><ele>285.6</ele></trkpt>
      <trkpt lat="50.162383" lon="18.571087"><ele>285.6</ele></trkpt>
      <trkpt lat="50.162387" lon="18.571128"><ele>285.8</ele></trkpt>
      <trkpt lat="50.16239" lon="18.571168"><ele>285.8</ele></trkpt>
      <trkpt lat="50.1624" lon="18.571205"><ele>285.8</ele></trkpt>
      <trkpt lat="50.162405" lon="18.571243"><ele>285.8</ele></trkpt>
      <trkpt lat="50.162408" lon="18.57128"><ele>285.8</ele></trkpt>
      <trkpt lat="50.162415" lon="18.571315"><ele>285.8</ele></trkpt>
      <trkpt lat="50.162415" lon="18.571345"><ele>285.8</ele></trkpt>
      <trkpt lat="50.162425" lon="18.571382"><ele>285.8</ele></trkpt>
      <trkpt lat="50.162428" lon="18.571417"><ele>285.8</ele></trkpt>
      <trkpt lat="50.162438" lon="18.571443"><ele>285.8</ele></trkpt>
      <trkpt lat="50.162447" lon="18.571473"><ele>285.8</ele></trkpt>
      <trkpt lat="50.162457" lon="18.5715"><ele>285.8</ele></trkpt>
      <trkpt lat="50.162463" lon="18.57153"><ele>285.8</ele></trkpt>
      <trkpt lat="50.16247" lon="18.571562"><ele>285.8</ele></trkpt>
      <trkpt lat="50.16247" lon="18.571598"><ele>285.8</ele></trkpt>
      <trkpt lat="50.16248" lon="18.571628"><ele>285.6</ele></trkpt>
      <trkpt lat="50.162482" lon="18.571657"><ele>285.6</ele></trkpt>
      <trkpt lat="50.162482" lon="18.571687"><ele>285.6</ele></trkpt>
      <trkpt lat="50.162495" lon="18.57172"><ele>285.6</ele></trkpt>
      <trkpt lat="50.162502" lon="18.571748"><ele>285.6</ele></trkpt>
      <trkpt lat="50.162518" lon="18.57178"><ele>285.4</ele></trkpt>
      <trkpt lat="50.162523" lon="18.571818"><ele>285.4</ele></trkpt>
      <trkpt lat="50.162533" lon="18.571845"><ele>285.4</ele></trkpt>
      <trkpt lat="50.162537" lon="18.5719"><ele>285.4</ele></trkpt>
      <trkpt lat="50.162543" lon="18.571933"><ele>285.4</ele></trkpt>
      <trkpt lat="50.162557" lon="18.571965"><ele>285.4</ele></trkpt>
      <trkpt lat="50.162562" lon="18.572"><ele>285.2</ele></trkpt>
      <trkpt lat="50.162575" lon="18.572038"><ele>285.2</ele></trkpt>
      <trkpt lat="50.162578" lon="18.572073"><ele>285.2</ele></trkpt>
      <trkpt lat="50.162575" lon="18.572113"><ele>285.2</ele></trkpt>
      <trkpt lat="50.162578" lon="18.572157"><ele>285.2</ele></trkpt>
      <trkpt lat="50.162582" lon="18.5722"><ele>285.2</ele></trkpt>
      <trkpt lat="50.162588" lon="18.572237"><ele>285.2</ele></trkpt>
      <trkpt lat="50.162595" lon="18.572275"><ele>285.2</ele></trkpt>
      <trkpt lat="50.162603" lon="18.572317"><ele>285.2</ele></trkpt>
      <trkpt lat="50.162617" lon="18.572353"><ele>285.2</ele></trkpt>
      <trkpt lat="50.162627" lon="18.572393"><ele>285.2</ele></trkpt>
      <trkpt lat="50.162642" lon="18.572432"><ele>285.2</ele></trkpt>
      <trkpt lat="50.162655" lon="18.572465"><ele>285.2</ele></trkpt>
      <trkpt lat="50.162668" lon="18.5725"><ele>285.2</ele></trkpt>
      <trkpt lat="50.162668" lon="18.57253"><ele>285.2</ele></trkpt>
      <trkpt lat="50.162675" lon="18.57256"><ele>285.2</ele></trkpt>
      <trkpt lat="50.162675" lon="18.572597"><ele>285.2</ele></trkpt>
      <trkpt lat="50.162678" lon="18.572633"><ele>285.2</ele></trkpt>
      <trkpt lat="50.16268" lon="18.572665"><ele>285.2</ele></trkpt>
      <trkpt lat="50.162687" lon="18.572695"><ele>285.2</ele></trkpt>
      <trkpt lat="50.162693" lon="18.57273"><ele>285.2</ele></trkpt>
      <trkpt lat="50.162697" lon="18.57276"><ele>285.2</ele></trkpt>
      <trkpt lat="50.162707" lon="18.572795"><ele>285.2</ele></trkpt>
      <trkpt lat="50.16272" lon="18.572835"><ele>285.2</ele></trkpt>
      <trkpt lat="50.162725" lon="18.572875"><ele>285.2</ele></trkpt>
      <trkpt lat="50.162735" lon="18.572913"><ele>285.2</ele></trkpt>
      <trkpt lat="50.162738" lon="18.572953"><ele>285.2</ele></trkpt>
      <trkpt lat="50.162745" lon="18.572993"><ele>285.2</ele></trkpt>
      <trkpt lat="50.162748" lon="18.573033"><ele>285.2</ele></trkpt>
      <trkpt lat="50.162755" lon="18.573072"><ele>285.2</ele></trkpt>
      <trkpt lat="50.16276" lon="18.57311"><ele>285.2</ele></trkpt>
      <trkpt lat="50.162763" lon="18.573142"><ele>285.2</ele></trkpt>
      <trkpt lat="50.162767" lon="18.573172"><ele>285.2</ele></trkpt>
      <trkpt lat="50.162777" lon="18.573198"><ele>285.2</ele></trkpt>
      <trkpt lat="50.16278" lon="18.57323"><ele>285.2</ele></trkpt>
      <trkpt lat="50.162787" lon="18.573267"><ele>285.2</ele></trkpt>
      <trkpt lat="50.162797" lon="18.573297"><ele>285.4</ele></trkpt>
      <trkpt lat="50.162802" lon="18.573323"><ele>285.4</ele></trkpt>
      <trkpt lat="50.162802" lon="18.573355"><ele>285.4</ele></trkpt>
      <trkpt lat="50.162812" lon="18.57339"><ele>285.4</ele></trkpt>
      <trkpt lat="50.162815" lon="18.573423"><ele>285.4</ele></trkpt>
      <trkpt lat="50.162822" lon="18.573455"><ele>285.6</ele></trkpt>
      <trkpt lat="50.162835" lon="18.573485"><ele>285.6</ele></trkpt>
      <trkpt lat="50.162847" lon="18.57352"><ele>285.6</ele></trkpt>
      <trkpt lat="50.162863" lon="18.573557"><ele>285.6</ele></trkpt>
      <trkpt lat="50.162873" lon="18.573595"><ele>285.8</ele></trkpt>
      <trkpt lat="50.162882" lon="18.573628"><ele>285.8</ele></trkpt>
      <trkpt lat="50.162892" lon="18.573665"><ele>285.8</ele></trkpt>
      <trkpt lat="50.162898" lon="18.573697"><ele>285.8</ele></trkpt>
      <trkpt lat="50.162905" lon="18.573733"><ele>286.0</ele></trkpt>
      <trkpt lat="50.162915" lon="18.573772"><ele>286.0</ele></trkpt>
      <trkpt lat="50.162918" lon="18.573812"><ele>286.0</ele></trkpt>
      <trkpt lat="50.162923" lon="18.573855"><ele>286.2</ele></trkpt>
      <trkpt lat="50.162923" lon="18.573895"><ele>286.2</ele></trkpt>
      <trkpt lat="50.162923" lon="18.573935"><ele>286.2</ele></trkpt>
      <trkpt lat="50.162918" lon="18.573982"><ele>286.4</ele></trkpt>
      <trkpt lat="50.162918" lon="18.574025"><ele>286.4</ele></trkpt>
      <trkpt lat="50.162923" lon="18.57407"><ele>286.4</ele></trkpt>
      <trkpt lat="50.162927" lon="18.574115"><ele>286.4</ele></trkpt>
      <trkpt lat="50.162933" lon="18.574152"><ele>286.6</ele></trkpt>
      <trkpt lat="50.162943" lon="18.574185"><ele>286.6</ele></trkpt>
      <trkpt lat="50.162958" lon="18.574217"><ele>286.6</ele></trkpt>
      <trkpt lat="50.162972" lon="18.574248"><ele>286.6</ele></trkpt>
      <trkpt lat="50.162985" lon="18.574278"><ele>286.6</ele></trkpt>
      <trkpt lat="50.162998" lon="18.574307"><ele>286.6</ele></trkpt>
      <trkpt lat="50.163013" lon="18.574338"><ele>286.6</ele></trkpt>
      <trkpt lat="50.163027" lon="18.574368"><ele>286.6</ele></trkpt>
      <trkpt lat="50.163037" lon="18.574407"><ele>286.6</ele></trkpt>
      <trkpt lat="50.163042" lon="18.574445"><ele>286.6</ele></trkpt>
      <trkpt lat="50.163045" lon="18.574485"><ele>286.6</ele></trkpt>
      <trkpt lat="50.163052" lon="18.574522"><ele>286.6</ele></trkpt>
      <trkpt lat="50.163052" lon="18.57456"><ele>286.6</ele></trkpt>
      <trkpt lat="50.163055" lon="18.574598"><ele>286.4</ele></trkpt>
      <trkpt lat="50.163058" lon="18.574637"><ele>286.4</ele></trkpt>
      <trkpt lat="50.163065" lon="18.574672"><ele>286.4</ele></trkpt>
      <trkpt lat="50.163075" lon="18.57471"><ele>286.4</ele></trkpt>
      <trkpt lat="50.163078" lon="18.574748"><ele>286.4</ele></trkpt>
      <trkpt lat="50.163083" lon="18.574778"><ele>286.2</ele></trkpt>
      <trkpt lat="50.163083" lon="18.57482"><ele>286.2</ele></trkpt>
      <trkpt lat="50.16309" lon="18.574865"><ele>286.2</ele></trkpt>
      <trkpt lat="50.163093" lon="18.574908"><ele>286.0</ele></trkpt>
      <trkpt lat="50.163097" lon="18.574947"><ele>286.0</ele></trkpt>
      <trkpt lat="50.163097" lon="18.574992"><ele>286.0</ele></trkpt>
      <trkpt lat="50.1631" lon="18.575028"><ele>286.0</ele></trkpt>
      <trkpt lat="50.1631" lon="18.575067"><ele>286.0</ele></trkpt>
      <trkpt lat="50.163113" lon="18.575097"><ele>285.8</ele></trkpt>
      <trkpt lat="50.163125" lon="18.575118"><ele>285.8</ele></trkpt>
      <trkpt lat="50.163138" lon="18.575155"><ele>285.8</ele></trkpt>
      <trkpt lat="50.163152" lon="18.575187"><ele>285.8</ele></trkpt>
      <trkpt lat="50.16316" lon="18.575225"><ele>285.8</ele></trkpt>
      <trkpt lat="50.163173" lon="18.57526"><ele>285.8</ele></trkpt>
      <trkpt lat="50.16318" lon="18.575297"><ele>285.8</ele></trkpt>
      <trkpt lat="50.16319" lon="18.575333"><ele>285.8</ele></trkpt>
      <trkpt lat="50.1632" lon="18.575365"><ele>285.6</ele></trkpt>
      <trkpt lat="50.163212" lon="18.575402"><ele>285.6</ele></trkpt>
      <trkpt lat="50.163222" lon="18.57544"><ele>285.6</ele></trkpt>
      <trkpt lat="50.163232" lon="18.575478"><ele>285.6</ele></trkpt>
      <trkpt lat="50.16324" lon="18.575515"><ele>285.6</ele></trkpt>
      <trkpt lat="50.163257" lon="18.575548"><ele>285.6</ele></trkpt>
      <trkpt lat="50.16327" lon="18.575582"><ele>285.6</ele></trkpt>
      <trkpt lat="50.163277" lon="18.575622"><ele>285.6</ele></trkpt>
      <trkpt lat="50.16328" lon="18.57566"><ele>285.6</ele></trkpt>
      <trkpt lat="50.163288" lon="18.57569"><ele>285.8</ele></trkpt>
      <trkpt lat="50.163295" lon="18.575728"><ele>285.8</ele></trkpt>
      <trkpt lat="50.163302" lon="18.575767"><ele>285.8</ele></trkpt>
      <trkpt lat="50.163302" lon="18.575808"><ele>285.8</ele></trkpt>
      <trkpt lat="50.163302" lon="18.575847"><ele>285.8</ele></trkpt>
      <trkpt lat="50.163312" lon="18.575882"><ele>285.8</ele></trkpt>
      <trkpt lat="50.163315" lon="18.57592"><ele>285.8</ele></trkpt>
      <trkpt lat="50.163323" lon="18.575957"><ele>285.8</ele></trkpt>
      <trkpt lat="50.16333" lon="18.575988"><ele>285.8</ele></trkpt>
      <trkpt lat="50.16333" lon="18.576022"><ele>286.0</ele></trkpt>
      <trkpt lat="50.16333" lon="18.576057"><ele>286.0</ele></trkpt>
      <trkpt lat="50.163333" lon="18.576098"><ele>286.0</ele></trkpt>
      <trkpt lat="50.163343" lon="18.576137"><ele>286.0</ele></trkpt>
      <trkpt lat="50.163357" lon="18.576175"><ele>286.0</ele></trkpt>
      <trkpt lat="50.163362" lon="18.576215"><ele>286.0</ele></trkpt>
      <trkpt lat="50.163372" lon="18.576255"><ele>286.0</ele></trkpt>
      <trkpt lat="50.163375" lon="18.576295"><ele>286.2</ele></trkpt>
      <trkpt lat="50.163382" lon="18.576335"><ele>286.2</ele></trkpt>
      <trkpt lat="50.163395" lon="18.576373"><ele>286.2</ele></trkpt>
      <trkpt lat="50.163392" lon="18.576425"><ele>286.2</ele></trkpt>
      <trkpt lat="50.163395" lon="18.576467"><ele>286.2</ele></trkpt>
      <trkpt lat="50.163395" lon="18.576508"><ele>286.2</ele></trkpt>
      <trkpt lat="50.163395" lon="18.576557"><ele>286.2</ele></trkpt>
      <trkpt lat="50.163392" lon="18.576598"><ele>286.2</ele></trkpt>
      <trkpt lat="50.163395" lon="18.576632"><ele>286.2</ele></trkpt>
      <trkpt lat="50.163395" lon="18.576667"><ele>286.2</ele></trkpt>
      <trkpt lat="50.1634" lon="18.576705"><ele>286.2</ele></trkpt>
      <trkpt lat="50.163403" lon="18.576742"><ele>286.2</ele></trkpt>
      <trkpt lat="50.16341" lon="18.576775"><ele>286.2</ele></trkpt>
      <trkpt lat="50.163413" lon="18.57681"><ele>286.2</ele></trkpt>
      <trkpt lat="50.16342" lon="18.576842"><ele>286.2</ele></trkpt>
      <trkpt lat="50.163423" lon="18.576873"><ele>286.0</ele></trkpt>
      <trkpt lat="50.163433" lon="18.576903"><ele>286.0</ele></trkpt>
      <trkpt lat="50.163437" lon="18.576933"><ele>286.0</ele></trkpt>
      <trkpt lat="50.16344" lon="18.576968"><ele>286.0</ele></trkpt>
      <trkpt lat="50.163448" lon="18.577007"><ele>285.8</ele></trkpt>
      <trkpt lat="50.163455" lon="18.57704"><ele>285.8</ele></trkpt>
      <trkpt lat="50.163458" lon="18.577073"><ele>285.8</ele></trkpt>
      <trkpt lat="50.163462" lon="18.577102"><ele>285.8</ele></trkpt>
      <trkpt lat="50.163472" lon="18.577133"><ele>285.6</ele></trkpt>
      <trkpt lat="50.163475" lon="18.577167"><ele>285.6</ele></trkpt>
      <trkpt lat="50.163478" lon="18.5772"><ele>285.6</ele></trkpt>
      <trkpt lat="50.16348" lon="18.577232"><ele>285.4</ele></trkpt>
      <trkpt lat="50.163487" lon="18.57726"><ele>285.4</ele></trkpt>
      <trkpt lat="50.163497" lon="18.57729"><ele>285.4</ele></trkpt>
      <trkpt lat="50.163503" lon="18.577325"><ele>285.4</ele></trkpt>
      <trkpt lat="50.163513" lon="18.577367"><ele>285.2</ele></trkpt>
      <trkpt lat="50.163522" lon="18.577403"><ele>285.2</ele></trkpt>
      <trkpt lat="50.163528" lon="18.57744"><ele>285.2</ele></trkpt>
      <trkpt lat="50.163528" lon="18.577477"><ele>285.0</ele></trkpt>
      <trkpt lat="50.163532" lon="18.57751"><ele>285.0</ele></trkpt>
      <trkpt lat="50.163535" lon="18.577552"><ele>285.0</ele></trkpt>
      <trkpt lat="50.163548" lon="18.577593"><ele>284.8</ele></trkpt>
      <trkpt lat="50.16356" lon="18.57762"><ele>284.8</ele></trkpt>
      <trkpt lat="50.16357" lon="18.577657"><ele>284.8</ele></trkpt>
      <trkpt lat="50.16358" lon="18.577688"><ele>284.8</ele></trkpt>
      <trkpt lat="50.163597" lon="18.577713"><ele>284.6</ele></trkpt>
      <trkpt lat="50.163608" lon="18.577743"><ele>284.6</ele></trkpt>
      <trkpt lat="50.163618" lon="18.577773"><ele>284.6</ele></trkpt>
      <trkpt lat="50.163618" lon="18.577808"><ele>284.6</ele></trkpt>
      <trkpt lat="50.163622" lon="18.577847"><ele>284.4</ele></trkpt>
      <trkpt lat="50.163632" lon="18.577887"><ele>284.4</ele></trkpt>
      <trkpt lat="50.16364" lon="18.57792"><ele>284.4</ele></trkpt>
      <trkpt lat="50.163653" lon="18.577953"><ele>284.4</ele></trkpt>
      <trkpt lat="50.163667" lon="18.577982"><ele>284.4</ele></trkpt>
      <trkpt lat="50.163673" lon="18.578013"><ele>284.4</ele></trkpt>
      <trkpt lat="50.163685" lon="18.578043"><ele>284.4</ele></trkpt>
      <trkpt lat="50.163698" lon="18.578067"><ele>284.4</ele></trkpt>
      <trkpt lat="50.163715" lon="18.578087"><ele>284.4</ele></trkpt>
      <trkpt lat="50.163733" lon="18.578105"><ele>284.4</ele></trkpt>
      <trkpt lat="50.163765" lon="18.578118"><ele>284.4</ele></trkpt>
      <trkpt lat="50.163798" lon="18.578155"><ele>284.4</ele></trkpt>
      <trkpt lat="50.163817" lon="18.578165"><ele>284.4</ele></trkpt>
      <trkpt lat="50.16384" lon="18.57818"><ele>284.4</ele></trkpt>
      <trkpt lat="50.163868" lon="18.578192"><ele>284.4</ele></trkpt>
      <trkpt lat="50.16389" lon="18.578203"><ele>284.4</ele></trkpt>
      <trkpt lat="50.163913" lon="18.57822"><ele>284.4</ele></trkpt>
      <trkpt lat="50.163945" lon="18.578242"><ele>284.6</ele></trkpt>
      <trkpt lat="50.163963" lon="18.57825"><ele>284.6</ele></trkpt>
      <trkpt lat="50.16398" lon="18.578268"><ele>284.6</ele></trkpt>
      <trkpt lat="50.163997" lon="18.57828"><ele>284.6</ele></trkpt>
      <trkpt lat="50.164015" lon="18.578293"><ele>284.6</ele></trkpt>
      <trkpt lat="50.164032" lon="18.578315"><ele>284.6</ele></trkpt>
      <trkpt lat="50.164053" lon="18.57833"><ele>284.6</ele></trkpt>
      <trkpt lat="50.164077" lon="18.578343"><ele>284.8</ele></trkpt>
      <trkpt lat="50.164092" lon="18.578363"><ele>284.8</ele></trkpt>
      <trkpt lat="50.164108" lon="18.578382"><ele>284.8</ele></trkpt>
      <trkpt lat="50.16413" lon="18.578402"><ele>284.8</ele></trkpt>
      <trkpt lat="50.164153" lon="18.578425"><ele>284.8</ele></trkpt>
      <trkpt lat="50.164185" lon="18.578438"><ele>284.8</ele></trkpt>
      <trkpt lat="50.164203" lon="18.578453"><ele>284.8</ele></trkpt>
      <trkpt lat="50.16423" lon="18.578468"><ele>284.8</ele></trkpt>
      <trkpt lat="50.164255" lon="18.57848"><ele>284.8</ele></trkpt>
      <trkpt lat="50.164283" lon="18.578487"><ele>284.8</ele></trkpt>
      <trkpt lat="50.16431" lon="18.578497"><ele>284.8</ele></trkpt>
      <trkpt lat="50.164332" lon="18.5785"><ele>284.8</ele></trkpt>
      <trkpt lat="50.16436" lon="18.578507"><ele>284.8</ele></trkpt>
      <trkpt lat="50.164383" lon="18.57852"><ele>285.0</ele></trkpt>
      <trkpt lat="50.164405" lon="18.578527"><ele>285.0</ele></trkpt>
      <trkpt lat="50.164425" lon="18.57854"><ele>285.0</ele></trkpt>
      <trkpt lat="50.164453" lon="18.578553"><ele>285.0</ele></trkpt>
      <trkpt lat="50.164477" lon="18.57857"><ele>285.0</ele></trkpt>
      <trkpt lat="50.164505" lon="18.578588"><ele>285.0</ele></trkpt>
      <trkpt lat="50.164527" lon="18.578607"><ele>285.0</ele></trkpt>
      <trkpt lat="50.16455" lon="18.578627"><ele>285.0</ele></trkpt>
      <trkpt lat="50.164568" lon="18.578645"><ele>285.0</ele></trkpt>
      <trkpt lat="50.164592" lon="18.578663"><ele>285.0</ele></trkpt>
      <trkpt lat="50.164623" lon="18.578702"><ele>285.0</ele></trkpt>
      <trkpt lat="50.164648" lon="18.578717"><ele>285.0</ele></trkpt>
      <trkpt lat="50.16468" lon="18.57872"><ele>285.0</ele></trkpt>
      <trkpt lat="50.164703" lon="18.578725"><ele>285.0</ele></trkpt>
      <trkpt lat="50.164722" lon="18.578737"><ele>285.0</ele></trkpt>
      <trkpt lat="50.164745" lon="18.57874"><ele>285.2</ele></trkpt>
      <trkpt lat="50.164763" lon="18.578747"><ele>285.2</ele></trkpt>
      <trkpt lat="50.164787" lon="18.578757"><ele>285.2</ele></trkpt>
      <trkpt lat="50.164808" lon="18.578767"><ele>285.2</ele></trkpt>
      <trkpt lat="50.164828" lon="18.578782"><ele>285.2</ele></trkpt>
      <trkpt lat="50.164843" lon="18.5788"><ele>285.2</ele></trkpt>
      <trkpt lat="50.164863" lon="18.578818"><ele>285.2</ele></trkpt>
      <trkpt lat="50.164873" lon="18.578853"><ele>285.2</ele></trkpt>
      <trkpt lat="50.164888" lon="18.57888"><ele>285.2</ele></trkpt>
      <trkpt lat="50.16493" lon="18.578897"><ele>285.2</ele></trkpt>
      <trkpt lat="50.164962" lon="18.57892"><ele>285.2</ele></trkpt>
      <trkpt lat="50.164992" lon="18.578935"><ele>285.2</ele></trkpt>
      <trkpt lat="50.16502" lon="18.578952"><ele>285.2</ele></trkpt>
      <trkpt lat="50.16504" lon="18.57896"><ele>285.2</ele></trkpt>
      <trkpt lat="50.165058" lon="18.578975"><ele>285.2</ele></trkpt>
      <trkpt lat="50.16508" lon="18.578985"><ele>285.2</ele></trkpt>
      <trkpt lat="50.16511" lon="18.578997"><ele>285.2</ele></trkpt>
      <trkpt lat="50.165145" lon="18.579017"><ele>285.2</ele></trkpt>
      <trkpt lat="50.16517" lon="18.579037"><ele>285.0</ele></trkpt>
      <trkpt lat="50.1652" lon="18.579053"><ele>285.0</ele></trkpt>
      <trkpt lat="50.165222" lon="18.57906"><ele>285.0</ele></trkpt>
      <trkpt lat="50.165243" lon="18.579073"><ele>285.0</ele></trkpt>
      <trkpt lat="50.165263" lon="18.579082"><ele>285.0</ele></trkpt>
      <trkpt lat="50.165285" lon="18.579098"><ele>284.8</ele></trkpt>
      <trkpt lat="50.165308" lon="18.579115"><ele>284.8</ele></trkpt>
      <trkpt lat="50.165337" lon="18.579132"><ele>284.8</ele></trkpt>
      <trkpt lat="50.16536" lon="18.579145"><ele>284.8</ele></trkpt>
      <trkpt lat="50.165403" lon="18.579168"><ele>284.6</ele></trkpt>
      <trkpt lat="50.165427" lon="18.579183"><ele>284.6</ele></trkpt>
      <trkpt lat="50.165455" lon="18.579195"><ele>284.6</ele></trkpt>
      <trkpt lat="50.165478" lon="18.579205"><ele>284.6</ele></trkpt>
      <trkpt lat="50.165507" lon="18.579215"><ele>284.6</ele></trkpt>
      <trkpt lat="50.165528" lon="18.579223"><ele>284.4</ele></trkpt>
      <trkpt lat="50.165558" lon="18.579235"><ele>284.4</ele></trkpt>
      <trkpt lat="50.16558" lon="18.57924"><ele>284.4</ele></trkpt>
      <trkpt lat="50.165618" lon="18.579243"><ele>284.4</ele></trkpt>
      <trkpt lat="50.165643" lon="18.579245"><ele>284.2</ele></trkpt>
      <trkpt lat="50.165667" lon="18.579243"><ele>284.2</ele></trkpt>
      <trkpt lat="50.165695" lon="18.57924"><ele>284.2</ele></trkpt>
      <trkpt lat="50.165718" lon="18.579227"><ele>284.0</ele></trkpt>
      <trkpt lat="50.165737" lon="18.579227"><ele>284.0</ele></trkpt>
      <trkpt lat="50.165772" lon="18.579208"><ele>283.8</ele></trkpt>
      <trkpt lat="50.165798" lon="18.579203"><ele>283.8</ele></trkpt>
      <trkpt lat="50.16582" lon="18.579202"><ele>283.8</ele></trkpt>
      <trkpt lat="50.165845" lon="18.5792"><ele>283.6</ele></trkpt>
      <trkpt lat="50.165865" lon="18.579193"><ele>283.6</ele></trkpt>
      <trkpt lat="50.16589" lon="18.579183"><ele>283.6</ele></trkpt>
      <trkpt lat="50.165917" lon="18.579172"><ele>283.4</ele></trkpt>
      <trkpt lat="50.165945" lon="18.579157"><ele>283.4</ele></trkpt>
      <trkpt lat="50.16597" lon="18.579145"><ele>283.2</ele></trkpt>
      <trkpt lat="50.165998" lon="18.579125"><ele>283.2</ele></trkpt>
      <trkpt lat="50.166035" lon="18.57911"><ele>283.0</ele></trkpt>
      <trkpt lat="50.166057" lon="18.579095"><ele>283.0</ele></trkpt>
      <trkpt lat="50.166082" lon="18.579088"><ele>283.0</ele></trkpt>
      <trkpt lat="50.166112" lon="18.579078"><ele>283.0</ele></trkpt>
      <trkpt lat="50.166137" lon="18.579068"><ele>282.8</ele></trkpt>
      <trkpt lat="50.16616" lon="18.57906"><ele>282.8</ele></trkpt>
      <trkpt lat="50.166178" lon="18.579055"><ele>282.8</ele></trkpt>
      <trkpt lat="50.166198" lon="18.579048"><ele>282.8</ele></trkpt>
      <trkpt lat="50.16622" lon="18.579042"><ele>282.8</ele></trkpt>
      <trkpt lat="50.166242" lon="18.579037"><ele>282.8</ele></trkpt>
      <trkpt lat="50.166268" lon="18.579033"><ele>282.8</ele></trkpt>
      <trkpt lat="50.166287" lon="18.579028"><ele>282.8</ele></trkpt>
      <trkpt lat="50.16631" lon="18.579023"><ele>282.8</ele></trkpt>
      <trkpt lat="50.166335" lon="18.579017"><ele>282.8</ele></trkpt>
      <trkpt lat="50.16636" lon="18.579003"><ele>282.8</ele></trkpt>
      <trkpt lat="50.166387" lon="18.578993"><ele>282.8</ele></trkpt>
      <trkpt lat="50.166418" lon="18.578973"><ele>283.0</ele></trkpt>
      <trkpt lat="50.16644" lon="18.57896"><ele>283.0</ele></trkpt>
      <trkpt lat="50.166467" lon="18.578952"><ele>283.0</ele></trkpt>
      <trkpt lat="50.166485" lon="18.578943"><ele>283.0</ele></trkpt>
      <trkpt lat="50.16652" lon="18.578928"><ele>283.2</ele></trkpt>
      <trkpt lat="50.16654" lon="18.57892"><ele>283.4</ele></trkpt>
      <trkpt lat="50.166557" lon="18.578908"><ele>283.4</ele></trkpt>
      <trkpt lat="50.166575" lon="18.578895"><ele>283.6</ele></trkpt>
      <trkpt lat="50.166592" lon="18.578878"><ele>283.6</ele></trkpt>
      <trkpt lat="50.16661" lon="18.57887"><ele>283.8</ele></trkpt>
      <trkpt lat="50.166637" lon="18.578857"><ele>283.8</ele></trkpt>
      <trkpt lat="50.166665" lon="18.578845"><ele>284.0</ele></trkpt>
      <trkpt lat="50.16668" lon="18.57883"><ele>284.2</ele></trkpt>
      <trkpt lat="50.16671" lon="18.57882"><ele>284.4</ele></trkpt>
      <trkpt lat="50.166728" lon="18.578812"><ele>284.6</ele></trkpt>
      <trkpt lat="50.166752" lon="18.578803"><ele>284.6</ele></trkpt>
      <trkpt lat="50.166773" lon="18.578788"><ele>284.8</ele></trkpt>
      <trkpt lat="50.166797" lon="18.57878"><ele>285.0</ele></trkpt>
      <trkpt lat="50.166815" lon="18.578777"><ele>285.2</ele></trkpt>
      <trkpt lat="50.166843" lon="18.578778"><ele>285.4</ele></trkpt>
      <trkpt lat="50.16687" lon="18.578782"><ele>285.6</ele></trkpt>
      <trkpt lat="50.166895" lon="18.578778"><ele>285.8</ele></trkpt>
      <trkpt lat="50.166915" lon="18.578778"><ele>286.0</ele></trkpt>
      <trkpt lat="50.166943" lon="18.578782"><ele>286.2</ele></trkpt>
      <trkpt lat="50.166962" lon="18.578792"><ele>286.4</ele></trkpt>
      <trkpt lat="50.166988" lon="18.578817"><ele>286.6</ele></trkpt>
      <trkpt lat="50.167013" lon="18.578848"><ele>286.8</ele></trkpt>
      <trkpt lat="50.167033" lon="18.578875"><ele>287.0</ele></trkpt>
      <trkpt lat="50.167062" lon="18.5789"><ele>287.2</ele></trkpt>
      <trkpt lat="50.167078" lon="18.57892"><ele>287.2</ele></trkpt>
      <trkpt lat="50.167107" lon="18.578937"><ele>287.4</ele></trkpt>
      <trkpt lat="50.167125" lon="18.578947"><ele>287.6</ele></trkpt>
      <trkpt lat="50.167148" lon="18.578952"><ele>287.6</ele></trkpt>
      <trkpt lat="50.167167" lon="18.578958"><ele>287.8</ele></trkpt>
      <trkpt lat="50.167202" lon="18.578967"><ele>288.0</ele></trkpt>
      <trkpt lat="50.167225" lon="18.578983"><ele>288.0</ele></trkpt>
      <trkpt lat="50.167247" lon="18.578997"><ele>288.0</ele></trkpt>
      <trkpt lat="50.167267" lon="18.579008"><ele>288.2</ele></trkpt>
      <trkpt lat="50.167285" lon="18.579013"><ele>288.2</ele></trkpt>
      <trkpt lat="50.167308" lon="18.579005"><ele>288.2</ele></trkpt>
      <trkpt lat="50.16733" lon="18.579025"><ele>288.2</ele></trkpt>
      <trkpt lat="50.167362" lon="18.579047"><ele>288.2</ele></trkpt>
      <trkpt lat="50.167395" lon="18.57906"><ele>288.2</ele></trkpt>
      <trkpt lat="50.16743" lon="18.579073"><ele>288.0</ele></trkpt>
      <trkpt lat="50.167462" lon="18.579093"><ele>287.8</ele></trkpt>
      <trkpt lat="50.16748" lon="18.579108"><ele>287.8</ele></trkpt>
      <trkpt lat="50.1675" lon="18.579123"><ele>287.6</ele></trkpt>
      <trkpt lat="50.167522" lon="18.579135"><ele>287.6</ele></trkpt>
      <trkpt lat="50.167545" lon="18.579158"><ele>287.4</ele></trkpt>
      <trkpt lat="50.167567" lon="18.579173"><ele>287.2</ele></trkpt>
      <trkpt lat="50.167593" lon="18.579188"><ele>287.2</ele></trkpt>
      <trkpt lat="50.167618" lon="18.579205"><ele>287.0</ele></trkpt>
      <trkpt lat="50.167647" lon="18.579225"><ele>286.8</ele></trkpt>
      <trkpt lat="50.167673" lon="18.57924"><ele>286.8</ele></trkpt>
      <trkpt lat="50.167712" lon="18.579258"><ele>286.4</ele></trkpt>
      <trkpt lat="50.16773" lon="18.579275"><ele>286.2</ele></trkpt>
      <trkpt lat="50.16775" lon="18.579287"><ele>286.2</ele></trkpt>
      <trkpt lat="50.167768" lon="18.579307"><ele>286.0</ele></trkpt>
      <trkpt lat="50.1678" lon="18.579317"><ele>285.6</ele></trkpt>
      <trkpt lat="50.167827" lon="18.579322"><ele>285.4</ele></trkpt>
      <trkpt lat="50.167845" lon="18.57933"><ele>285.2</ele></trkpt>
      <trkpt lat="50.167872" lon="18.579353"><ele>285.0</ele></trkpt>
      <trkpt lat="50.16789" lon="18.579363"><ele>284.8</ele></trkpt>
      <trkpt lat="50.167922" lon="18.57938"><ele>284.6</ele></trkpt>
      <trkpt lat="50.167942" lon="18.579392"><ele>284.6</ele></trkpt>
      <trkpt lat="50.16796" lon="18.579398"><ele>284.4</ele></trkpt>
      <trkpt lat="50.167983" lon="18.57941"><ele>284.2</ele></trkpt>
      <trkpt lat="50.168002" lon="18.579425"><ele>284.2</ele></trkpt>
      <trkpt lat="50.168022" lon="18.57944"><ele>284.0</ele></trkpt>
      <trkpt lat="50.16804" lon="18.57945"><ele>283.8</ele></trkpt>
      <trkpt lat="50.16807" lon="18.57947"><ele>283.8</ele></trkpt>
      <trkpt lat="50.168085" lon="18.579485"><ele>283.6</ele></trkpt>
      <trkpt lat="50.168102" lon="18.5795"><ele>283.4</ele></trkpt>
      <trkpt lat="50.168123" lon="18.579513"><ele>283.4</ele></trkpt>
      <trkpt lat="50.168143" lon="18.57952"><ele>283.2</ele></trkpt>
      <trkpt lat="50.168178" lon="18.57954"><ele>283.0</ele></trkpt>
      <trkpt lat="50.168198" lon="18.579552"><ele>283.0</ele></trkpt>
      <trkpt lat="50.168217" lon="18.579557"><ele>282.8</ele></trkpt>
      <trkpt lat="50.16824" lon="18.579562"><ele>282.8</ele></trkpt>
      <trkpt lat="50.168258" lon="18.579575"><ele>282.6</ele></trkpt>
      <trkpt lat="50.168278" lon="18.57958"><ele>282.6</ele></trkpt>
      <trkpt lat="50.168297" lon="18.579585"><ele>282.6</ele></trkpt>
      <trkpt lat="50.16832" lon="18.579595"><ele>282.4</ele></trkpt>
      <trkpt lat="50.168338" lon="18.5796"><ele>282.4</ele></trkpt>
      <trkpt lat="50.168358" lon="18.579618"><ele>282.2</ele></trkpt>
      <trkpt lat="50.168373" lon="18.579635"><ele>282.2</ele></trkpt>
      <trkpt lat="50.168402" lon="18.57965"><ele>282.0</ele></trkpt>
      <trkpt lat="50.168422" lon="18.579662"><ele>282.0</ele></trkpt>
      <trkpt lat="50.168443" lon="18.579673"><ele>281.8</ele></trkpt>
      <trkpt lat="50.168473" lon="18.579685"><ele>281.8</ele></trkpt>
      <trkpt lat="50.168492" lon="18.579693"><ele>281.8</ele></trkpt>
      <trkpt lat="50.16852" lon="18.579705"><ele>281.6</ele></trkpt>
      <trkpt lat="50.168553" lon="18.579732"><ele>281.4</ele></trkpt>
      <trkpt lat="50.168572" lon="18.579748"><ele>281.2</ele></trkpt>
      <trkpt lat="50.168592" lon="18.579763"><ele>281.2</ele></trkpt>
      <trkpt lat="50.168613" lon="18.579778"><ele>281.0</ele></trkpt>
      <trkpt lat="50.168637" lon="18.579785"><ele>281.0</ele></trkpt>
      <trkpt lat="50.168662" lon="18.579798"><ele>280.8</ele></trkpt>
      <trkpt lat="50.168683" lon="18.579807"><ele>280.8</ele></trkpt>
      <trkpt lat="50.168717" lon="18.57982"><ele>280.8</ele></trkpt>
      <trkpt lat="50.168735" lon="18.579835"><ele>280.6</ele></trkpt>
      <trkpt lat="50.168755" lon="18.579848"><ele>280.4</ele></trkpt>
      <trkpt lat="50.168773" lon="18.57986"><ele>280.4</ele></trkpt>
      <trkpt lat="50.168797" lon="18.579872"><ele>280.2</ele></trkpt>
      <trkpt lat="50.168812" lon="18.579888"><ele>280.0</ele></trkpt>
      <trkpt lat="50.168835" lon="18.579932"><ele>279.8</ele></trkpt>
      <trkpt lat="50.16885" lon="18.579952"><ele>279.8</ele></trkpt>
      <trkpt lat="50.16887" lon="18.57997"><ele>279.6</ele></trkpt>
      <trkpt lat="50.168888" lon="18.579992"><ele>279.4</ele></trkpt>
      <trkpt lat="50.168902" lon="18.580012"><ele>279.2</ele></trkpt>
      <trkpt lat="50.168923" lon="18.580037"><ele>279.0</ele></trkpt>
      <trkpt lat="50.16894" lon="18.580055"><ele>278.8</ele></trkpt>
      <trkpt lat="50.16896" lon="18.580073"><ele>278.8</ele></trkpt>
      <trkpt lat="50.168975" lon="18.5801"><ele>278.6</ele></trkpt>
      <trkpt lat="50.168992" lon="18.580122"><ele>278.4</ele></trkpt>
      <trkpt lat="50.169003" lon="18.580147"><ele>278.2</ele></trkpt>
      <trkpt lat="50.169023" lon="18.580167"><ele>278.0</ele></trkpt>
      <trkpt lat="50.169042" lon="18.580187"><ele>277.8</ele></trkpt>
      <trkpt lat="50.169058" lon="18.58021"><ele>277.8</ele></trkpt>
      <trkpt lat="50.169075" lon="18.580235"><ele>277.6</ele></trkpt>
      <trkpt lat="50.169093" lon="18.58026"><ele>277.4</ele></trkpt>
      <trkpt lat="50.169113" lon="18.580283"><ele>277.2</ele></trkpt>
      <trkpt lat="50.169135" lon="18.580307"><ele>277.0</ele></trkpt>
      <trkpt lat="50.169152" lon="18.580327"><ele>276.8</ele></trkpt>
      <trkpt lat="50.169167" lon="18.580352"><ele>276.8</ele></trkpt>
      <trkpt lat="50.16918" lon="18.580377"><ele>276.6</ele></trkpt>
      <trkpt lat="50.1692" lon="18.580397"><ele>276.4</ele></trkpt>
      <trkpt lat="50.169218" lon="18.580427"><ele>276.2</ele></trkpt>
      <trkpt lat="50.169232" lon="18.580457"><ele>276.2</ele></trkpt>
      <trkpt lat="50.169247" lon="18.580487"><ele>276.0</ele></trkpt>
      <trkpt lat="50.169257" lon="18.580517"><ele>275.8</ele></trkpt>
      <trkpt lat="50.169273" lon="18.580545"><ele>275.8</ele></trkpt>
      <trkpt lat="50.169292" lon="18.580573"><ele>275.6</ele></trkpt>
      <trkpt lat="50.169312" lon="18.580598"><ele>275.4</ele></trkpt>
      <trkpt lat="50.169327" lon="18.580618"><ele>275.4</ele></trkpt>
      <trkpt lat="50.169347" lon="18.580642"><ele>275.2</ele></trkpt>
      <trkpt lat="50.169365" lon="18.580667"><ele>275.0</ele></trkpt>
      <trkpt lat="50.169378" lon="18.580692"><ele>275.0</ele></trkpt>
      <trkpt lat="50.169395" lon="18.580708"><ele>274.8</ele></trkpt>
      <trkpt lat="50.169413" lon="18.58073"><ele>274.8</ele></trkpt>
      <trkpt lat="50.16943" lon="18.580748"><ele>274.6</ele></trkpt>
      <trkpt lat="50.169448" lon="18.580772"><ele>274.6</ele></trkpt>
      <trkpt lat="50.169468" lon="18.580788"><ele>274.4</ele></trkpt>
      <trkpt lat="50.169497" lon="18.580827"><ele>274.2</ele></trkpt>
      <trkpt lat="50.169513" lon="18.580847"><ele>274.2</ele></trkpt>
      <trkpt lat="50.169535" lon="18.580865"><ele>274.0</ele></trkpt>
      <trkpt lat="50.169558" lon="18.580883"><ele>274.0</ele></trkpt>
      <trkpt lat="50.16958" lon="18.5809"><ele>273.8</ele></trkpt>
      <trkpt lat="50.169612" lon="18.58092"><ele>273.8</ele></trkpt>
      <trkpt lat="50.169635" lon="18.580942"><ele>273.8</ele></trkpt>
      <trkpt lat="50.169663" lon="18.58096"><ele>273.6</ele></trkpt>
      <trkpt lat="50.169688" lon="18.58098"><ele>273.6</ele></trkpt>
      <trkpt lat="50.169712" lon="18.581"><ele>273.6</ele></trkpt>
      <trkpt lat="50.169727" lon="18.581022"><ele>273.4</ele></trkpt>
      <trkpt lat="50.16975" lon="18.58104"><ele>273.4</ele></trkpt>
      <trkpt lat="50.169772" lon="18.58106"><ele>273.4</ele></trkpt>
      <trkpt lat="50.169788" lon="18.581077"><ele>273.4</ele></trkpt>
      <trkpt lat="50.16981" lon="18.5811"><ele>273.4</ele></trkpt>
      <trkpt lat="50.16983" lon="18.58112"><ele>273.4</ele></trkpt>
      <trkpt lat="50.169845" lon="18.58114"><ele>273.2</ele></trkpt>
      <trkpt lat="50.169862" lon="18.581163"><ele>273.2</ele></trkpt>
      <trkpt lat="50.169875" lon="18.581192"><ele>273.2</ele></trkpt>
      <trkpt lat="50.169893" lon="18.58122"><ele>273.2</ele></trkpt>
      <trkpt lat="50.169917" lon="18.581248"><ele>273.2</ele></trkpt>
      <trkpt lat="50.169932" lon="18.581275"><ele>273.2</ele></trkpt>
      <trkpt lat="50.169952" lon="18.581298"><ele>273.2</ele></trkpt>
      <trkpt lat="50.16997" lon="18.58132"><ele>273.2</ele></trkpt>
      <trkpt lat="50.169987" lon="18.58134"><ele>273.2</ele></trkpt>
      <trkpt lat="50.170005" lon="18.58136"><ele>273.2</ele></trkpt>
      <trkpt lat="50.170035" lon="18.581407"><ele>273.2</ele></trkpt>
      <trkpt lat="50.170047" lon="18.581433"><ele>273.2</ele></trkpt>
      <trkpt lat="50.170067" lon="18.581455"><ele>273.2</ele></trkpt>
      <trkpt lat="50.170082" lon="18.581473"><ele>273.2</ele></trkpt>
      <trkpt lat="50.170095" lon="18.581498"><ele>273.2</ele></trkpt>
      <trkpt lat="50.170115" lon="18.581517"><ele>273.2</ele></trkpt>
      <trkpt lat="50.17013" lon="18.581538"><ele>273.2</ele></trkpt>
      <trkpt lat="50.17015" lon="18.581555"><ele>273.2</ele></trkpt>
      <trkpt lat="50.170168" lon="18.581578"><ele>273.2</ele></trkpt>
      <trkpt lat="50.170185" lon="18.5816"><ele>273.2</ele></trkpt>
      <trkpt lat="50.1702" lon="18.581622"><ele>273.2</ele></trkpt>
      <trkpt lat="50.170223" lon="18.581645"><ele>273.2</ele></trkpt>
      <trkpt lat="50.17024" lon="18.581665"><ele>273.2</ele></trkpt>
      <trkpt lat="50.170255" lon="18.581685"><ele>273.2</ele></trkpt>
      <trkpt lat="50.170275" lon="18.581702"><ele>273.2</ele></trkpt>
      <trkpt lat="50.170293" lon="18.581727"><ele>273.2</ele></trkpt>
      <trkpt lat="50.17031" lon="18.581747"><ele>273.0</ele></trkpt>
      <trkpt lat="50.170328" lon="18.58177"><ele>273.0</ele></trkpt>
      <trkpt lat="50.170342" lon="18.581795"><ele>273.0</ele></trkpt>
      <trkpt lat="50.170355" lon="18.581815"><ele>273.0</ele></trkpt>
      <trkpt lat="50.170373" lon="18.581835"><ele>273.0</ele></trkpt>
      <trkpt lat="50.170393" lon="18.581853"><ele>273.0</ele></trkpt>
      <trkpt lat="50.170408" lon="18.581875"><ele>272.8</ele></trkpt>
      <trkpt lat="50.170425" lon="18.581892"><ele>272.8</ele></trkpt>
      <trkpt lat="50.170443" lon="18.58191"><ele>272.8</ele></trkpt>
      <trkpt lat="50.170463" lon="18.581933"><ele>272.8</ele></trkpt>
      <trkpt lat="50.170482" lon="18.58195"><ele>272.6</ele></trkpt>
      <trkpt lat="50.170505" lon="18.581972"><ele>272.6</ele></trkpt>
      <trkpt lat="50.170523" lon="18.58199"><ele>272.6</ele></trkpt>
      <trkpt lat="50.170543" lon="18.582012"><ele>272.6</ele></trkpt>
      <trkpt lat="50.170562" lon="18.582032"><ele>272.4</ele></trkpt>
      <trkpt lat="50.170582" lon="18.582053"><ele>272.4</ele></trkpt>
      <trkpt lat="50.1706" lon="18.582075"><ele>272.4</ele></trkpt>
      <trkpt lat="50.17062" lon="18.582093"><ele>272.2</ele></trkpt>
      <trkpt lat="50.170637" lon="18.582113"><ele>272.2</ele></trkpt>
      <trkpt lat="50.170658" lon="18.582132"><ele>272.2</ele></trkpt>
      <trkpt lat="50.17069" lon="18.582167"><ele>272.0</ele></trkpt>
      <trkpt lat="50.17071" lon="18.582185"><ele>272.0</ele></trkpt>
      <trkpt lat="50.170738" lon="18.582203"><ele>271.8</ele></trkpt>
      <trkpt lat="50.170763" lon="18.582223"><ele>271.8</ele></trkpt>
      <trkpt lat="50.170783" lon="18.582243"><ele>271.8</ele></trkpt>
      <trkpt lat="50.170805" lon="18.582265"><ele>271.6</ele></trkpt>
      <trkpt lat="50.170828" lon="18.582287"><ele>271.6</ele></trkpt>
      <trkpt lat="50.17085" lon="18.582312"><ele>271.4</ele></trkpt>
      <trkpt lat="50.17087" lon="18.582332"><ele>271.4</ele></trkpt>
      <trkpt lat="50.170888" lon="18.582352"><ele>271.4</ele></trkpt>
      <trkpt lat="50.170918" lon="18.582372"><ele>271.2</ele></trkpt>
      <trkpt lat="50.170937" lon="18.582397"><ele>271.2</ele></trkpt>
      <trkpt lat="50.17096" lon="18.582418"><ele>271.2</ele></trkpt>
      <trkpt lat="50.170978" lon="18.58244"><ele>271.0</ele></trkpt>
      <trkpt lat="50.170995" lon="18.582462"><ele>271.0</ele></trkpt>
      <trkpt lat="50.171013" lon="18.582482"><ele>271.0</ele></trkpt>
      <trkpt lat="50.171027" lon="18.582503"><ele>270.8</ele></trkpt>
      <trkpt lat="50.171048" lon="18.582522"><ele>270.8</ele></trkpt>
      <trkpt lat="50.171068" lon="18.582545"><ele>270.8</ele></trkpt>
      <trkpt lat="50.171083" lon="18.582568"><ele>270.6</ele></trkpt>
      <trkpt lat="50.171103" lon="18.582592"><ele>270.6</ele></trkpt>
      <trkpt lat="50.171122" lon="18.582612"><ele>270.6</ele></trkpt>
      <trkpt lat="50.171145" lon="18.582633"><ele>270.6</ele></trkpt>
      <trkpt lat="50.17116" lon="18.582653"><ele>270.6</ele></trkpt>
      <trkpt lat="50.17118" lon="18.582675"><ele>270.4</ele></trkpt>
      <trkpt lat="50.1712" lon="18.582692"><ele>270.4</ele></trkpt>
      <trkpt lat="50.171222" lon="18.58271"><ele>270.4</ele></trkpt>
      <trkpt lat="50.17124" lon="18.58273"><ele>270.4</ele></trkpt>
      <trkpt lat="50.17126" lon="18.582753"><ele>270.4</ele></trkpt>
      <trkpt lat="50.17128" lon="18.582772"><ele>270.2</ele></trkpt>
      <trkpt lat="50.171302" lon="18.582793"><ele>270.2</ele></trkpt>
      <trkpt lat="50.171333" lon="18.5828"><ele>270.2</ele></trkpt>
      <trkpt lat="50.171362" lon="18.582817"><ele>270.2</ele></trkpt>
      <trkpt lat="50.171385" lon="18.582828"><ele>270.2</ele></trkpt>
      <trkpt lat="50.171403" lon="18.582848"><ele>270.2</ele></trkpt>
      <trkpt lat="50.17142" lon="18.582863"><ele>270.0</ele></trkpt>
      <trkpt lat="50.171442" lon="18.582878"><ele>270.0</ele></trkpt>
      <trkpt lat="50.171465" lon="18.582898"><ele>270.0</ele></trkpt>
      <trkpt lat="50.171483" lon="18.582918"><ele>270.0</ele></trkpt>
      <trkpt lat="50.171507" lon="18.582938"><ele>270.0</ele></trkpt>
      <trkpt lat="50.171532" lon="18.58296"><ele>269.8</ele></trkpt>
      <trkpt lat="50.171552" lon="18.58298"><ele>269.8</ele></trkpt>
      <trkpt lat="50.171573" lon="18.583002"><ele>269.8</ele></trkpt>
      <trkpt lat="50.171597" lon="18.583022"><ele>269.6</ele></trkpt>
      <trkpt lat="50.171618" lon="18.583043"><ele>269.6</ele></trkpt>
      <trkpt lat="50.17164" lon="18.583065"><ele>269.6</ele></trkpt>
      <trkpt lat="50.17166" lon="18.583083"><ele>269.4</ele></trkpt>
      <trkpt lat="50.171682" lon="18.583108"><ele>269.4</ele></trkpt>
      <trkpt lat="50.171702" lon="18.583133"><ele>269.4</ele></trkpt>
      <trkpt lat="50.17172" lon="18.583152"><ele>269.4</ele></trkpt>
      <trkpt lat="50.17174" lon="18.58317"><ele>269.2</ele></trkpt>
      <trkpt lat="50.17176" lon="18.58319"><ele>269.2</ele></trkpt>
      <trkpt lat="50.171778" lon="18.583207"><ele>269.0</ele></trkpt>
      <trkpt lat="50.171795" lon="18.583238"><ele>269.0</ele></trkpt>
      <trkpt lat="50.171813" lon="18.583255"><ele>269.0</ele></trkpt>
      <trkpt lat="50.171833" lon="18.58328"><ele>268.8</ele></trkpt>
      <trkpt lat="50.171848" lon="18.583303"><ele>268.8</ele></trkpt>
      <trkpt lat="50.171862" lon="18.583323"><ele>268.6</ele></trkpt>
      <trkpt lat="50.17188" lon="18.583353"><ele>268.6</ele></trkpt>
      <trkpt lat="50.1719" lon="18.583375"><ele>268.4</ele></trkpt>
      <trkpt lat="50.171917" lon="18.583403"><ele>268.4</ele></trkpt>
      <trkpt lat="50.171935" lon="18.583433"><ele>268.2</ele></trkpt>
      <trkpt lat="50.171955" lon="18.583458"><ele>268.2</ele></trkpt>
      <trkpt lat="50.17197" lon="18.583487"><ele>268.2</ele></trkpt>
      <trkpt lat="50.17199" lon="18.583512"><ele>268.0</ele></trkpt>
      <trkpt lat="50.172008" lon="18.583532"><ele>268.0</ele></trkpt>
      <trkpt lat="50.172032" lon="18.583548"><ele>267.8</ele></trkpt>
      <trkpt lat="50.172053" lon="18.58356"><ele>267.8</ele></trkpt>
      <trkpt lat="50.172073" lon="18.583577"><ele>267.6</ele></trkpt>
      <trkpt lat="50.172095" lon="18.583588"><ele>267.6</ele></trkpt>
      <trkpt lat="50.172118" lon="18.583598"><ele>267.4</ele></trkpt>
      <trkpt lat="50.17214" lon="18.583605"><ele>267.4</ele></trkpt>
      <trkpt lat="50.172165" lon="18.583615"><ele>267.2</ele></trkpt>
      <trkpt lat="50.172188" lon="18.583622"><ele>267.2</ele></trkpt>
      <trkpt lat="50.17221" lon="18.583622"><ele>267.0</ele></trkpt>
      <trkpt lat="50.172233" lon="18.583622"><ele>267.0</ele></trkpt>
      <trkpt lat="50.172258" lon="18.583615"><ele>266.8</ele></trkpt>
      <trkpt lat="50.17228" lon="18.583612"><ele>266.8</ele></trkpt>
      <trkpt lat="50.172307" lon="18.58361"><ele>266.6</ele></trkpt>
      <trkpt lat="50.172328" lon="18.583605"><ele>266.6</ele></trkpt>
      <trkpt lat="50.172352" lon="18.583598"><ele>266.4</ele></trkpt>
      <trkpt lat="50.172373" lon="18.583595"><ele>266.4</ele></trkpt>
      <trkpt lat="50.172397" lon="18.583588"><ele>266.2</ele></trkpt>
      <trkpt lat="50.172418" lon="18.583582"><ele>266.2</ele></trkpt>
      <trkpt lat="50.172443" lon="18.583572"><ele>266.0</ele></trkpt>
      <trkpt lat="50.17247" lon="18.58356"><ele>266.0</ele></trkpt>
      <trkpt lat="50.172488" lon="18.583543"><ele>265.8</ele></trkpt>
      <trkpt lat="50.172512" lon="18.58353"><ele>265.8</ele></trkpt>
      <trkpt lat="50.17253" lon="18.583517"><ele>265.6</ele></trkpt>
      <trkpt lat="50.17255" lon="18.583502"><ele>265.6</ele></trkpt>
      <trkpt lat="50.172575" lon="18.583492"><ele>265.6</ele></trkpt>
      <trkpt lat="50.172598" lon="18.583483"><ele>265.4</ele></trkpt>
      <trkpt lat="50.172627" lon="18.583475"><ele>265.4</ele></trkpt>
      <trkpt lat="50.172645" lon="18.583453"><ele>265.4</ele></trkpt>
      <trkpt lat="50.172668" lon="18.583443"><ele>265.2</ele></trkpt>
      <trkpt lat="50.172693" lon="18.58344"><ele>265.2</ele></trkpt>
      <trkpt lat="50.172717" lon="18.583437"><ele>265.2</ele></trkpt>
      <trkpt lat="50.172745" lon="18.583438"><ele>265.0</ele></trkpt>
      <trkpt lat="50.172767" lon="18.583438"><ele>265.0</ele></trkpt>
      <trkpt lat="50.17279" lon="18.583435"><ele>265.0</ele></trkpt>
      <trkpt lat="50.172812" lon="18.583432"><ele>264.8</ele></trkpt>
      <trkpt lat="50.172835" lon="18.58344"><ele>264.8</ele></trkpt>
      <trkpt lat="50.172857" lon="18.583443"><ele>264.8</ele></trkpt>
      <trkpt lat="50.172877" lon="18.583457"><ele>264.8</ele></trkpt>
      <trkpt lat="50.172905" lon="18.583473"><ele>264.6</ele></trkpt>
      <trkpt lat="50.172927" lon="18.58348"><ele>264.6</ele></trkpt>
      <trkpt lat="50.172968" lon="18.583492"><ele>264.6</ele></trkpt>
      <trkpt lat="50.172988" lon="18.583507"><ele>264.6</ele></trkpt>
      <trkpt lat="50.173007" lon="18.583517"><ele>264.4</ele></trkpt>
      <trkpt lat="50.173027" lon="18.583533"><ele>264.4</ele></trkpt>
      <trkpt lat="50.173045" lon="18.583548"><ele>264.4</ele></trkpt>
      <trkpt lat="50.173062" lon="18.583572"><ele>264.4</ele></trkpt>
      <trkpt lat="50.17308" lon="18.583592"><ele>264.4</ele></trkpt>
      <trkpt lat="50.1731" lon="18.583612"><ele>264.4</ele></trkpt>
      <trkpt lat="50.173132" lon="18.583642"><ele>264.4</ele></trkpt>
      <trkpt lat="50.173152" lon="18.583662"><ele>264.4</ele></trkpt>
      <trkpt lat="50.173167" lon="18.583678"><ele>264.4</ele></trkpt>
      <trkpt lat="50.173187" lon="18.583695"><ele>264.4</ele></trkpt>
      <trkpt lat="50.173205" lon="18.583713"><ele>264.4</ele></trkpt>
      <trkpt lat="50.173225" lon="18.58373"><ele>264.4</ele></trkpt>
      <trkpt lat="50.17324" lon="18.58375"><ele>264.4</ele></trkpt>
      <trkpt lat="50.173273" lon="18.58379"><ele>264.4</ele></trkpt>
      <trkpt lat="50.173288" lon="18.58381"><ele>264.4</ele></trkpt>
      <trkpt lat="50.173305" lon="18.58383"><ele>264.4</ele></trkpt>
      <trkpt lat="50.173323" lon="18.58385"><ele>264.4</ele></trkpt>
      <trkpt lat="50.17334" lon="18.583868"><ele>264.4</ele></trkpt>
      <trkpt lat="50.17336" lon="18.58389"><ele>264.4</ele></trkpt>
      <trkpt lat="50.173372" lon="18.583912"><ele>264.4</ele></trkpt>
      <trkpt lat="50.173392" lon="18.583933"><ele>264.4</ele></trkpt>
      <trkpt lat="50.173407" lon="18.58396"><ele>264.4</ele></trkpt>
      <trkpt lat="50.173423" lon="18.583983"><ele>264.4</ele></trkpt>
      <trkpt lat="50.17344" lon="18.584008"><ele>264.4</ele></trkpt>
      <trkpt lat="50.173458" lon="18.584032"><ele>264.4</ele></trkpt>
      <trkpt lat="50.173478" lon="18.58405"><ele>264.4</ele></trkpt>
      <trkpt lat="50.17349" lon="18.584073"><ele>264.4</ele></trkpt>
      <trkpt lat="50.17351" lon="18.58409"><ele>264.4</ele></trkpt>
      <trkpt lat="50.173525" lon="18.584113"><ele>264.4</ele></trkpt>
      <trkpt lat="50.173545" lon="18.584133"><ele>264.2</ele></trkpt>
      <trkpt lat="50.173563" lon="18.584153"><ele>264.2</ele></trkpt>
      <trkpt lat="50.173583" lon="18.584168"><ele>264.2</ele></trkpt>
      <trkpt lat="50.173605" lon="18.584183"><ele>264.2</ele></trkpt>
      <trkpt lat="50.173625" lon="18.584205"><ele>264.2</ele></trkpt>
      <trkpt lat="50.17364" lon="18.584223"><ele>264.2</ele></trkpt>
      <trkpt lat="50.173657" lon="18.584255"><ele>264.2</ele></trkpt>
      <trkpt lat="50.17367" lon="18.58428"><ele>264.2</ele></trkpt>
      <trkpt lat="50.173688" lon="18.584298"><ele>264.2</ele></trkpt>
      <trkpt lat="50.173708" lon="18.58432"><ele>264.2</ele></trkpt>
      <trkpt lat="50.173723" lon="18.584345"><ele>264.2</ele></trkpt>
      <trkpt lat="50.173743" lon="18.584365"><ele>264.2</ele></trkpt>
      <trkpt lat="50.173762" lon="18.584388"><ele>264.2</ele></trkpt>
      <trkpt lat="50.173782" lon="18.584408"><ele>264.2</ele></trkpt>
      <trkpt lat="50.1738" lon="18.584432"><ele>264.2</ele></trkpt>
      <trkpt lat="50.17382" lon="18.584452"><ele>264.2</ele></trkpt>
      <trkpt lat="50.173837" lon="18.584477"><ele>264.2</ele></trkpt>
      <trkpt lat="50.173855" lon="18.584497"><ele>264.0</ele></trkpt>
      <trkpt lat="50.173875" lon="18.584518"><ele>264.0</ele></trkpt>
      <trkpt lat="50.173897" lon="18.584538"><ele>264.0</ele></trkpt>
      <trkpt lat="50.173913" lon="18.58456"><ele>264.0</ele></trkpt>
      <trkpt lat="50.173935" lon="18.58458"><ele>264.0</ele></trkpt>
      <trkpt lat="50.173948" lon="18.5846"><ele>264.0</ele></trkpt>
      <trkpt lat="50.173973" lon="18.584618"><ele>264.0</ele></trkpt>
      <trkpt lat="50.173993" lon="18.584638"><ele>264.0</ele></trkpt>
      <trkpt lat="50.174012" lon="18.584655"><ele>264.0</ele></trkpt>
      <trkpt lat="50.174028" lon="18.58467"><ele>264.0</ele></trkpt>
      <trkpt lat="50.174047" lon="18.584683"><ele>264.0</ele></trkpt>
      <trkpt lat="50.174067" lon="18.5847"><ele>264.0</ele></trkpt>
      <trkpt lat="50.174085" lon="18.58472"><ele>264.0</ele></trkpt>
      <trkpt lat="50.174105" lon="18.584743"><ele>264.0</ele></trkpt>
      <trkpt lat="50.17412" lon="18.584765"><ele>264.0</ele></trkpt>
      <trkpt lat="50.174137" lon="18.584788"><ele>264.0</ele></trkpt>
      <trkpt lat="50.174162" lon="18.584827"><ele>264.0</ele></trkpt>
      <trkpt lat="50.174178" lon="18.584853"><ele>264.0</ele></trkpt>
      <trkpt lat="50.174192" lon="18.58488"><ele>264.0</ele></trkpt>
      <trkpt lat="50.174207" lon="18.584907"><ele>264.0</ele></trkpt>
      <trkpt lat="50.174223" lon="18.58493"><ele>264.0</ele></trkpt>
      <trkpt lat="50.17424" lon="18.584958"><ele>264.0</ele></trkpt>
      <trkpt lat="50.174258" lon="18.584985"><ele>264.0</ele></trkpt>
      <trkpt lat="50.174278" lon="18.585012"><ele>264.0</ele></trkpt>
      <trkpt lat="50.174293" lon="18.585037"><ele>264.0</ele></trkpt>
      <trkpt lat="50.174307" lon="18.58506"><ele>264.0</ele></trkpt>
      <trkpt lat="50.174322" lon="18.585087"><ele>264.0</ele></trkpt>
      <trkpt lat="50.174338" lon="18.585113"><ele>264.0</ele></trkpt>
      <trkpt lat="50.174355" lon="18.585137"><ele>264.0</ele></trkpt>
      <trkpt lat="50.17437" lon="18.58516"><ele>264.0</ele></trkpt>
      <trkpt lat="50.174383" lon="18.58519"><ele>264.0</ele></trkpt>
      <trkpt lat="50.174397" lon="18.585222"><ele>264.0</ele></trkpt>
      <trkpt lat="50.174412" lon="18.58525"><ele>264.0</ele></trkpt>
      <trkpt lat="50.174425" lon="18.585277"><ele>264.0</ele></trkpt>
      <trkpt lat="50.17444" lon="18.585303"><ele>264.0</ele></trkpt>
      <trkpt lat="50.17446" lon="18.58533"><ele>264.0</ele></trkpt>
      <trkpt lat="50.174477" lon="18.58536"><ele>264.0</ele></trkpt>
      <trkpt lat="50.174492" lon="18.585388"><ele>264.0</ele></trkpt>
      <trkpt lat="50.174505" lon="18.585412"><ele>264.0</ele></trkpt>
      <trkpt lat="50.17452" lon="18.58544"><ele>264.0</ele></trkpt>
      <trkpt lat="50.174533" lon="18.58547"><ele>264.0</ele></trkpt>
      <trkpt lat="50.174543" lon="18.585502"><ele>264.0</ele></trkpt>
      <trkpt lat="50.17456" lon="18.585532"><ele>264.0</ele></trkpt>
      <trkpt lat="50.174575" lon="18.585562"><ele>264.0</ele></trkpt>
      <trkpt lat="50.174588" lon="18.585593"><ele>264.2</ele></trkpt>
      <trkpt lat="50.1746" lon="18.58562"><ele>264.2</ele></trkpt>
      <trkpt lat="50.17462" lon="18.585655"><ele>264.2</ele></trkpt>
      <trkpt lat="50.174637" lon="18.58568"><ele>264.2</ele></trkpt>
      <trkpt lat="50.174652" lon="18.585707"><ele>264.2</ele></trkpt>
      <trkpt lat="50.174668" lon="18.58573"><ele>264.2</ele></trkpt>
      <trkpt lat="50.174687" lon="18.58576"><ele>264.2</ele></trkpt>
      <trkpt lat="50.1747" lon="18.58579"><ele>264.2</ele></trkpt>
      <trkpt lat="50.174717" lon="18.585815"><ele>264.2</ele></trkpt>
      <trkpt lat="50.174728" lon="18.58584"><ele>264.2</ele></trkpt>
      <trkpt lat="50.174742" lon="18.585867"><ele>264.2</ele></trkpt>
      <trkpt lat="50.174755" lon="18.585895"><ele>264.2</ele></trkpt>
      <trkpt lat="50.17477" lon="18.58592"><ele>264.4</ele></trkpt>
      <trkpt lat="50.17479" lon="18.58595"><ele>264.4</ele></trkpt>
      <trkpt lat="50.1748" lon="18.585977"><ele>264.4</ele></trkpt>
      <trkpt lat="50.174815" lon="18.586003"><ele>264.4</ele></trkpt>
      <trkpt lat="50.174828" lon="18.58603"><ele>264.4</ele></trkpt>
      <trkpt lat="50.17484" lon="18.58606"><ele>264.4</ele></trkpt>
      <trkpt lat="50.174857" lon="18.58609"><ele>264.4</ele></trkpt>
      <trkpt lat="50.174873" lon="18.586117"><ele>264.4</ele></trkpt>
      <trkpt lat="50.174888" lon="18.586137"><ele>264.6</ele></trkpt>
      <trkpt lat="50.174902" lon="18.586162"><ele>264.6</ele></trkpt>
      <trkpt lat="50.174918" lon="18.586193"><ele>264.6</ele></trkpt>
      <trkpt lat="50.174933" lon="18.586227"><ele>264.6</ele></trkpt>
      <trkpt lat="50.17495" lon="18.586253"><ele>264.6</ele></trkpt>
      <trkpt lat="50.174953" lon="18.586292"><ele>264.6</ele></trkpt>
      <trkpt lat="50.17496" lon="18.586322"><ele>264.6</ele></trkpt>
      <trkpt lat="50.174965" lon="18.586358"><ele>264.6</ele></trkpt>
      <trkpt lat="50.174978" lon="18.586392"><ele>264.8</ele></trkpt>
      <trkpt lat="50.174992" lon="18.586425"><ele>264.8</ele></trkpt>
      <trkpt lat="50.175007" lon="18.586452"><ele>264.8</ele></trkpt>
      <trkpt lat="50.175027" lon="18.586505"><ele>264.8</ele></trkpt>
      <trkpt lat="50.17504" lon="18.586532"><ele>265.0</ele></trkpt>
      <trkpt lat="50.175055" lon="18.586565"><ele>265.0</ele></trkpt>
      <trkpt lat="50.175068" lon="18.586597"><ele>265.0</ele></trkpt>
      <trkpt lat="50.17508" lon="18.586625"><ele>265.0</ele></trkpt>
      <trkpt lat="50.175097" lon="18.586652"><ele>265.0</ele></trkpt>
      <trkpt lat="50.17511" lon="18.586682"><ele>265.0</ele></trkpt>
      <trkpt lat="50.175125" lon="18.586712"><ele>265.2</ele></trkpt>
      <trkpt lat="50.175148" lon="18.58674"><ele>265.2</ele></trkpt>
      <trkpt lat="50.175163" lon="18.586768"><ele>265.2</ele></trkpt>
      <trkpt lat="50.175177" lon="18.586793"><ele>265.2</ele></trkpt>
      <trkpt lat="50.17519" lon="18.586818"><ele>265.2</ele></trkpt>
      <trkpt lat="50.175205" lon="18.586847"><ele>265.2</ele></trkpt>
      <trkpt lat="50.175218" lon="18.58688"><ele>265.2</ele></trkpt>
      <trkpt lat="50.175238" lon="18.586912"><ele>265.2</ele></trkpt>
      <trkpt lat="50.175253" lon="18.586938"><ele>265.4</ele></trkpt>
      <trkpt lat="50.175267" lon="18.586962"><ele>265.4</ele></trkpt>
      <trkpt lat="50.17528" lon="18.586983"><ele>265.4</ele></trkpt>
      <trkpt lat="50.175295" lon="18.58701"><ele>265.4</ele></trkpt>
      <trkpt lat="50.175315" lon="18.58704"><ele>265.4</ele></trkpt>
      <trkpt lat="50.175333" lon="18.58707"><ele>265.4</ele></trkpt>
      <trkpt lat="50.17535" lon="18.587097"><ele>265.4</ele></trkpt>
      <trkpt lat="50.175362" lon="18.587125"><ele>265.4</ele></trkpt>
      <trkpt lat="50.175375" lon="18.587152"><ele>265.4</ele></trkpt>
      <trkpt lat="50.175392" lon="18.587178"><ele>265.4</ele></trkpt>
      <trkpt lat="50.175407" lon="18.587205"><ele>265.4</ele></trkpt>
      <trkpt lat="50.175423" lon="18.587237"><ele>265.4</ele></trkpt>
      <trkpt lat="50.175437" lon="18.587265"><ele>265.4</ele></trkpt>
      <trkpt lat="50.175452" lon="18.58729"><ele>265.4</ele></trkpt>
      <trkpt lat="50.175465" lon="18.58732"><ele>265.4</ele></trkpt>
      <trkpt lat="50.175478" lon="18.587347"><ele>265.4</ele></trkpt>
      <trkpt lat="50.175493" lon="18.587375"><ele>265.4</ele></trkpt>
      <trkpt lat="50.175507" lon="18.587403"><ele>265.4</ele></trkpt>
      <trkpt lat="50.175522" lon="18.587435"><ele>265.4</ele></trkpt>
      <trkpt lat="50.175535" lon="18.587465"><ele>265.2</ele></trkpt>
      <trkpt lat="50.175548" lon="18.587493"><ele>265.2</ele></trkpt>
      <trkpt lat="50.175563" lon="18.587522"><ele>265.2</ele></trkpt>
      <trkpt lat="50.17559" lon="18.587575"><ele>265.2</ele></trkpt>
      <trkpt lat="50.175605" lon="18.587602"><ele>265.2</ele></trkpt>
      <trkpt lat="50.175625" lon="18.587632"><ele>265.2</ele></trkpt>
      <trkpt lat="50.17564" lon="18.587658"><ele>265.2</ele></trkpt>
      <trkpt lat="50.17565" lon="18.587685"><ele>265.2</ele></trkpt>
      <trkpt lat="50.175667" lon="18.587715"><ele>265.2</ele></trkpt>
      <trkpt lat="50.175677" lon="18.587738"><ele>265.2</ele></trkpt>
      <trkpt lat="50.175692" lon="18.587767"><ele>265.0</ele></trkpt>
      <trkpt lat="50.175705" lon="18.587795"><ele>265.0</ele></trkpt>
      <trkpt lat="50.175723" lon="18.587825"><ele>265.0</ele></trkpt>
      <trkpt lat="50.17574" lon="18.587852"><ele>265.0</ele></trkpt>
      <trkpt lat="50.175753" lon="18.587878"><ele>265.0</ele></trkpt>
      <trkpt lat="50.175765" lon="18.587905"><ele>265.0</ele></trkpt>
      <trkpt lat="50.175775" lon="18.58793"><ele>265.0</ele></trkpt>
      <trkpt lat="50.175792" lon="18.58796"><ele>265.0</ele></trkpt>
      <trkpt lat="50.17581" lon="18.587985"><ele>265.0</ele></trkpt>
      <trkpt lat="50.175827" lon="18.588022"><ele>265.0</ele></trkpt>
      <trkpt lat="50.175842" lon="18.588053"><ele>264.8</ele></trkpt>
      <trkpt lat="50.175862" lon="18.588083"><ele>264.8</ele></trkpt>
      <trkpt lat="50.175875" lon="18.588112"><ele>264.8</ele></trkpt>
      <trkpt lat="50.175887" lon="18.588138"><ele>264.8</ele></trkpt>
      <trkpt lat="50.1759" lon="18.588165"><ele>264.8</ele></trkpt>
      <trkpt lat="50.175913" lon="18.588193"><ele>264.8</ele></trkpt>
      <trkpt lat="50.175932" lon="18.58822"><ele>264.8</ele></trkpt>
      <trkpt lat="50.175948" lon="18.588248"><ele>264.8</ele></trkpt>
      <trkpt lat="50.175967" lon="18.588283"><ele>264.8</ele></trkpt>
      <trkpt lat="50.175983" lon="18.588315"><ele>264.8</ele></trkpt>
      <trkpt lat="50.176" lon="18.588342"><ele>264.8</ele></trkpt>
      <trkpt lat="50.176008" lon="18.58837"><ele>264.8</ele></trkpt>
      <trkpt lat="50.176022" lon="18.588393"><ele>264.8</ele></trkpt>
      <trkpt lat="50.176032" lon="18.588418"><ele>264.8</ele></trkpt>
      <trkpt lat="50.176047" lon="18.588447"><ele>264.6</ele></trkpt>
      <trkpt lat="50.176063" lon="18.588477"><ele>264.6</ele></trkpt>
      <trkpt lat="50.176073" lon="18.58851"><ele>264.6</ele></trkpt>
      <trkpt lat="50.176092" lon="18.588538"><ele>264.6</ele></trkpt>
      <trkpt lat="50.176112" lon="18.588567"><ele>264.6</ele></trkpt>
      <trkpt lat="50.176127" lon="18.588592"><ele>264.6</ele></trkpt>
      <trkpt lat="50.176143" lon="18.588617"><ele>264.6</ele></trkpt>
      <trkpt lat="50.17616" lon="18.58864"><ele>264.6</ele></trkpt>
      <trkpt lat="50.176172" lon="18.588665"><ele>264.6</ele></trkpt>
      <trkpt lat="50.176188" lon="18.588688"><ele>264.6</ele></trkpt>
      <trkpt lat="50.176207" lon="18.588712"><ele>264.6</ele></trkpt>
      <trkpt lat="50.17623" lon="18.588735"><ele>264.6</ele></trkpt>
      <trkpt lat="50.176252" lon="18.588755"><ele>264.6</ele></trkpt>
      <trkpt lat="50.176278" lon="18.588778"><ele>264.6</ele></trkpt>
      <trkpt lat="50.1763" lon="18.5888"><ele>264.6</ele></trkpt>
      <trkpt lat="50.17632" lon="18.58882"><ele>264.6</ele></trkpt>
      <trkpt lat="50.176338" lon="18.58884"><ele>264.6</ele></trkpt>
      <trkpt lat="50.17636" lon="18.588855"><ele>264.6</ele></trkpt>
      <trkpt lat="50.17638" lon="18.588867"><ele>264.4</ele></trkpt>
      <trkpt lat="50.176402" lon="18.58888"><ele>264.4</ele></trkpt>
      <trkpt lat="50.176425" lon="18.588895"><ele>264.4</ele></trkpt>
      <trkpt lat="50.176447" lon="18.58891"><ele>264.4</ele></trkpt>
      <trkpt lat="50.17647" lon="18.588928"><ele>264.4</ele></trkpt>
      <trkpt lat="50.176498" lon="18.588948"><ele>264.4</ele></trkpt>
      <trkpt lat="50.17652" lon="18.588968"><ele>264.4</ele></trkpt>
      <trkpt lat="50.176543" lon="18.588988"><ele>264.4</ele></trkpt>
      <trkpt lat="50.176565" lon="18.588998"><ele>264.4</ele></trkpt>
      <trkpt lat="50.176588" lon="18.589008"><ele>264.4</ele></trkpt>
      <trkpt lat="50.176607" lon="18.589022"><ele>264.4</ele></trkpt>
      <trkpt lat="50.176627" lon="18.589037"><ele>264.4</ele></trkpt>
      <trkpt lat="50.176645" lon="18.589055"><ele>264.2</ele></trkpt>
      <trkpt lat="50.176665" lon="18.589075"><ele>264.2</ele></trkpt>
      <trkpt lat="50.17668" lon="18.589102"><ele>264.2</ele></trkpt>
      <trkpt lat="50.176703" lon="18.589122"><ele>264.2</ele></trkpt>
      <trkpt lat="50.176725" lon="18.589153"><ele>264.2</ele></trkpt>
      <trkpt lat="50.176748" lon="18.589182"><ele>264.2</ele></trkpt>
      <trkpt lat="50.176773" lon="18.589212"><ele>264.2</ele></trkpt>
      <trkpt lat="50.176793" lon="18.589245"><ele>264.2</ele></trkpt>
      <trkpt lat="50.176812" lon="18.589275"><ele>264.2</ele></trkpt>
      <trkpt lat="50.176825" lon="18.589302"><ele>264.2</ele></trkpt>
      <trkpt lat="50.17684" lon="18.58932"><ele>264.2</ele></trkpt>
      <trkpt lat="50.176857" lon="18.589343"><ele>264.0</ele></trkpt>
      <trkpt lat="50.176882" lon="18.589383"><ele>264.0</ele></trkpt>
      <trkpt lat="50.176898" lon="18.58941"><ele>264.0</ele></trkpt>
      <trkpt lat="50.176915" lon="18.589437"><ele>264.0</ele></trkpt>
      <trkpt lat="50.176927" lon="18.589472"><ele>264.0</ele></trkpt>
      <trkpt lat="50.176947" lon="18.589502"><ele>264.0</ele></trkpt>
      <trkpt lat="50.176962" lon="18.589533"><ele>264.0</ele></trkpt>
      <trkpt lat="50.176985" lon="18.589568"><ele>264.0</ele></trkpt>
      <trkpt lat="50.177003" lon="18.589602"><ele>264.0</ele></trkpt>
      <trkpt lat="50.177023" lon="18.589635"><ele>263.8</ele></trkpt>
      <trkpt lat="50.177045" lon="18.589668"><ele>263.8</ele></trkpt>
      <trkpt lat="50.177072" lon="18.589702"><ele>263.8</ele></trkpt>
      <trkpt lat="50.17709" lon="18.589728"><ele>263.8</ele></trkpt>
      <trkpt lat="50.177107" lon="18.589757"><ele>263.8</ele></trkpt>
      <trkpt lat="50.177125" lon="18.589778"><ele>263.8</ele></trkpt>
      <trkpt lat="50.177155" lon="18.589808"><ele>263.6</ele></trkpt>
      <trkpt lat="50.17717" lon="18.589832"><ele>263.6</ele></trkpt>
      <trkpt lat="50.177197" lon="18.589873"><ele>263.6</ele></trkpt>
      <trkpt lat="50.177212" lon="18.5899"><ele>263.6</ele></trkpt>
      <trkpt lat="50.17724" lon="18.589948"><ele>263.4</ele></trkpt>
      <trkpt lat="50.177257" lon="18.589975"><ele>263.4</ele></trkpt>
      <trkpt lat="50.177277" lon="18.59"><ele>263.4</ele></trkpt>
      <trkpt lat="50.177295" lon="18.590032"><ele>263.2</ele></trkpt>
      <trkpt lat="50.177315" lon="18.590058"><ele>263.2</ele></trkpt>
      <trkpt lat="50.177333" lon="18.590088"><ele>263.2</ele></trkpt>
      <trkpt lat="50.177353" lon="18.59012"><ele>263.0</ele></trkpt>
      <trkpt lat="50.177372" lon="18.59015"><ele>263.0</ele></trkpt>
      <trkpt lat="50.177395" lon="18.590183"><ele>263.0</ele></trkpt>
      <trkpt lat="50.177413" lon="18.590217"><ele>262.8</ele></trkpt>
      <trkpt lat="50.177433" lon="18.59025"><ele>262.8</ele></trkpt>
      <trkpt lat="50.177455" lon="18.590282"><ele>262.8</ele></trkpt>
      <trkpt lat="50.177478" lon="18.590315"><ele>262.6</ele></trkpt>
      <trkpt lat="50.177497" lon="18.590347"><ele>262.6</ele></trkpt>
      <trkpt lat="50.177517" lon="18.590375"><ele>262.6</ele></trkpt>
      <trkpt lat="50.177535" lon="18.5904"><ele>262.4</ele></trkpt>
      <trkpt lat="50.177555" lon="18.590427"><ele>262.4</ele></trkpt>
      <trkpt lat="50.17757" lon="18.590453"><ele>262.4</ele></trkpt>
      <trkpt lat="50.177587" lon="18.590478"><ele>262.2</ele></trkpt>
      <trkpt lat="50.1776" lon="18.590503"><ele>262.2</ele></trkpt>
      <trkpt lat="50.177618" lon="18.590525"><ele>262.0</ele></trkpt>
      <trkpt lat="50.177635" lon="18.590548"><ele>262.0</ele></trkpt>
      <trkpt lat="50.177647" lon="18.59057"><ele>262.0</ele></trkpt>
      <trkpt lat="50.17766" lon="18.590612"><ele>261.8</ele></trkpt>
      <trkpt lat="50.17768" lon="18.590652"><ele>261.6</ele></trkpt>
      <trkpt lat="50.177695" lon="18.590677"><ele>261.6</ele></trkpt>
      <trkpt lat="50.177708" lon="18.5907"><ele>261.4</ele></trkpt>
      <trkpt lat="50.17772" lon="18.590723"><ele>261.4</ele></trkpt>
      <trkpt lat="50.177737" lon="18.590747"><ele>261.4</ele></trkpt>
      <trkpt lat="50.177753" lon="18.590772"><ele>261.2</ele></trkpt>
      <trkpt lat="50.177772" lon="18.590797"><ele>261.2</ele></trkpt>
      <trkpt lat="50.177788" lon="18.590823"><ele>261.2</ele></trkpt>
      <trkpt lat="50.177807" lon="18.590848"><ele>261.0</ele></trkpt>
      <trkpt lat="50.177817" lon="18.590877"><ele>261.0</ele></trkpt>
      <trkpt lat="50.177837" lon="18.59091"><ele>260.8</ele></trkpt>
      <trkpt lat="50.177865" lon="18.590933"><ele>260.8</ele></trkpt>
      <trkpt lat="50.17788" lon="18.590958"><ele>260.8</ele></trkpt>
      <trkpt lat="50.1779" lon="18.590983"><ele>260.6</ele></trkpt>
      <trkpt lat="50.177917" lon="18.591015"><ele>260.6</ele></trkpt>
      <trkpt lat="50.177932" lon="18.591047"><ele>260.6</ele></trkpt>
      <trkpt lat="50.177948" lon="18.591078"><ele>260.4</ele></trkpt>
      <trkpt lat="50.177967" lon="18.591108"><ele>260.4</ele></trkpt>
      <trkpt lat="50.17799" lon="18.591128"><ele>260.2</ele></trkpt>
      <trkpt lat="50.178008" lon="18.591152"><ele>260.2</ele></trkpt>
      <trkpt lat="50.178028" lon="18.59117"><ele>260.2</ele></trkpt>
      <trkpt lat="50.178047" lon="18.591197"><ele>260.0</ele></trkpt>
      <trkpt lat="50.178063" lon="18.591223"><ele>260.0</ele></trkpt>
      <trkpt lat="50.17808" lon="18.591242"><ele>260.0</ele></trkpt>
      <trkpt lat="50.178095" lon="18.591273"><ele>259.8</ele></trkpt>
      <trkpt lat="50.178112" lon="18.591292"><ele>259.8</ele></trkpt>
      <trkpt lat="50.178127" lon="18.59132"><ele>259.6</ele></trkpt>
      <trkpt lat="50.178143" lon="18.591347"><ele>259.6</ele></trkpt>
      <trkpt lat="50.178157" lon="18.591375"><ele>259.6</ele></trkpt>
      <trkpt lat="50.178172" lon="18.591402"><ele>259.4</ele></trkpt>
      <trkpt lat="50.178192" lon="18.59142"><ele>259.4</ele></trkpt>
      <trkpt lat="50.17821" lon="18.59145"><ele>259.4</ele></trkpt>
      <trkpt lat="50.178223" lon="18.591472"><ele>259.2</ele></trkpt>
      <trkpt lat="50.178242" lon="18.591497"><ele>259.2</ele></trkpt>
      <trkpt lat="50.178262" lon="18.591525"><ele>259.2</ele></trkpt>
      <trkpt lat="50.178278" lon="18.591552"><ele>259.0</ele></trkpt>
      <trkpt lat="50.178293" lon="18.591585"><ele>259.0</ele></trkpt>
      <trkpt lat="50.178313" lon="18.591615"><ele>259.0</ele></trkpt>
      <trkpt lat="50.178332" lon="18.591647"><ele>258.8</ele></trkpt>
      <trkpt lat="50.178352" lon="18.59168"><ele>258.8</ele></trkpt>
      <trkpt lat="50.178373" lon="18.591705"><ele>258.8</ele></trkpt>
      <trkpt lat="50.178397" lon="18.591735"><ele>258.8</ele></trkpt>
      <trkpt lat="50.178422" lon="18.591767"><ele>258.6</ele></trkpt>
      <trkpt lat="50.17844" lon="18.5918"><ele>258.6</ele></trkpt>
      <trkpt lat="50.178463" lon="18.591832"><ele>258.6</ele></trkpt>
      <trkpt lat="50.178488" lon="18.591865"><ele>258.4</ele></trkpt>
      <trkpt lat="50.178512" lon="18.591902"><ele>258.4</ele></trkpt>
      <trkpt lat="50.17853" lon="18.591933"><ele>258.4</ele></trkpt>
      <trkpt lat="50.178553" lon="18.591965"><ele>258.4</ele></trkpt>
      <trkpt lat="50.178575" lon="18.591998"><ele>258.2</ele></trkpt>
      <trkpt lat="50.178595" lon="18.592027"><ele>258.2</ele></trkpt>
      <trkpt lat="50.17862" lon="18.59206"><ele>258.2</ele></trkpt>
      <trkpt lat="50.17864" lon="18.592087"><ele>258.2</ele></trkpt>
      <trkpt lat="50.178655" lon="18.59212"><ele>258.0</ele></trkpt>
      <trkpt lat="50.178675" lon="18.59215"><ele>258.0</ele></trkpt>
      <trkpt lat="50.178693" lon="18.59218"><ele>258.0</ele></trkpt>
      <trkpt lat="50.178718" lon="18.592208"><ele>258.0</ele></trkpt>
      <trkpt lat="50.178738" lon="18.592237"><ele>258.0</ele></trkpt>
      <trkpt lat="50.178755" lon="18.592263"><ele>258.0</ele></trkpt>
      <trkpt lat="50.178773" lon="18.59229"><ele>258.0</ele></trkpt>
      <trkpt lat="50.178793" lon="18.592317"><ele>257.8</ele></trkpt>
      <trkpt lat="50.178812" lon="18.592345"><ele>257.8</ele></trkpt>
      <trkpt lat="50.178828" lon="18.592373"><ele>257.8</ele></trkpt>
      <trkpt lat="50.178843" lon="18.5924"><ele>257.8</ele></trkpt>
      <trkpt lat="50.178863" lon="18.592422"><ele>257.8</ele></trkpt>
      <trkpt lat="50.178888" lon="18.592448"><ele>257.8</ele></trkpt>
      <trkpt lat="50.178912" lon="18.592473"><ele>257.8</ele></trkpt>
      <trkpt lat="50.178937" lon="18.5925"><ele>257.8</ele></trkpt>
      <trkpt lat="50.178968" lon="18.592522"><ele>257.6</ele></trkpt>
      <trkpt lat="50.178992" lon="18.59254"><ele>257.6</ele></trkpt>
      <trkpt lat="50.179017" lon="18.592552"><ele>257.6</ele></trkpt>
      <trkpt lat="50.17904" lon="18.592567"><ele>257.6</ele></trkpt>
      <trkpt lat="50.179065" lon="18.59258"><ele>257.6</ele></trkpt>
      <trkpt lat="50.17909" lon="18.592597"><ele>257.6</ele></trkpt>
      <trkpt lat="50.17912" lon="18.592603"><ele>257.6</ele></trkpt>
      <trkpt lat="50.179142" lon="18.592618"><ele>257.6</ele></trkpt>
      <trkpt lat="50.179163" lon="18.592627"><ele>257.6</ele></trkpt>
      <trkpt lat="50.179187" lon="18.592638"><ele>257.6</ele></trkpt>
      <trkpt lat="50.179205" lon="18.59265"><ele>257.6</ele></trkpt>
      <trkpt lat="50.179228" lon="18.59266"><ele>257.6</ele></trkpt>
      <trkpt lat="50.179247" lon="18.592673"><ele>257.6</ele></trkpt>
      <trkpt lat="50.17927" lon="18.59268"><ele>257.6</ele></trkpt>
      <trkpt lat="50.179295" lon="18.592695"><ele>257.6</ele></trkpt>
      <trkpt lat="50.179315" lon="18.592708"><ele>257.6</ele></trkpt>
      <trkpt lat="50.179337" lon="18.592725"><ele>257.4</ele></trkpt>
      <trkpt lat="50.179368" lon="18.59275"><ele>257.4</ele></trkpt>
      <trkpt lat="50.179395" lon="18.59276"><ele>257.4</ele></trkpt>
      <trkpt lat="50.179417" lon="18.592768"><ele>257.4</ele></trkpt>
      <trkpt lat="50.179442" lon="18.592782"><ele>257.4</ele></trkpt>
      <trkpt lat="50.179468" lon="18.592795"><ele>257.4</ele></trkpt>
      <trkpt lat="50.179493" lon="18.59281"><ele>257.4</ele></trkpt>
      <trkpt lat="50.179513" lon="18.592828"><ele>257.4</ele></trkpt>
      <trkpt lat="50.179535" lon="18.592838"><ele>257.4</ele></trkpt>
      <trkpt lat="50.17956" lon="18.592848"><ele>257.2</ele></trkpt>
      <trkpt lat="50.17958" lon="18.592852"><ele>257.2</ele></trkpt>
      <trkpt lat="50.1796" lon="18.592862"><ele>257.2</ele></trkpt>
      <trkpt lat="50.179618" lon="18.592865"><ele>257.2</ele></trkpt>
      <trkpt lat="50.17964" lon="18.592875"><ele>257.2</ele></trkpt>
      <trkpt lat="50.179667" lon="18.592895"><ele>257.2</ele></trkpt>
      <trkpt lat="50.179695" lon="18.59291"><ele>257.0</ele></trkpt>
      <trkpt lat="50.179723" lon="18.592928"><ele>257.0</ele></trkpt>
      <trkpt lat="50.179747" lon="18.592947"><ele>257.0</ele></trkpt>
      <trkpt lat="50.179775" lon="18.59296"><ele>257.0</ele></trkpt>
      <trkpt lat="50.179798" lon="18.592975"><ele>257.0</ele></trkpt>
      <trkpt lat="50.17982" lon="18.592985"><ele>256.8</ele></trkpt>
      <trkpt lat="50.17984" lon="18.593"><ele>256.8</ele></trkpt>
      <trkpt lat="50.179858" lon="18.593013"><ele>256.8</ele></trkpt>
      <trkpt lat="50.17988" lon="18.593017"><ele>256.8</ele></trkpt>
      <trkpt lat="50.179903" lon="18.593023"><ele>256.8</ele></trkpt>
      <trkpt lat="50.179932" lon="18.59303"><ele>256.6</ele></trkpt>
      <trkpt lat="50.179955" lon="18.593047"><ele>256.6</ele></trkpt>
      <trkpt lat="50.17998" lon="18.59306"><ele>256.6</ele></trkpt>
      <trkpt lat="50.180002" lon="18.593077"><ele>256.4</ele></trkpt>
      <trkpt lat="50.180025" lon="18.593088"><ele>256.4</ele></trkpt>
      <trkpt lat="50.18005" lon="18.593107"><ele>256.4</ele></trkpt>
      <trkpt lat="50.18007" lon="18.593118"><ele>256.2</ele></trkpt>
      <trkpt lat="50.180092" lon="18.593133"><ele>256.2</ele></trkpt>
      <trkpt lat="50.180112" lon="18.59314"><ele>256.2</ele></trkpt>
      <trkpt lat="50.180133" lon="18.59315"><ele>256.0</ele></trkpt>
      <trkpt lat="50.180157" lon="18.593163"><ele>256.0</ele></trkpt>
      <trkpt lat="50.180182" lon="18.593175"><ele>255.8</ele></trkpt>
      <trkpt lat="50.180203" lon="18.593188"><ele>255.8</ele></trkpt>
      <trkpt lat="50.18023" lon="18.593198"><ele>255.8</ele></trkpt>
      <trkpt lat="50.180255" lon="18.593205"><ele>255.6</ele></trkpt>
      <trkpt lat="50.180275" lon="18.593215"><ele>255.6</ele></trkpt>
      <trkpt lat="50.1803" lon="18.593222"><ele>255.6</ele></trkpt>
      <trkpt lat="50.180322" lon="18.593232"><ele>255.4</ele></trkpt>
      <trkpt lat="50.180348" lon="18.593242"><ele>255.4</ele></trkpt>
      <trkpt lat="50.18037" lon="18.593257"><ele>255.4</ele></trkpt>
      <trkpt lat="50.180393" lon="18.593267"><ele>255.4</ele></trkpt>
      <trkpt lat="50.180418" lon="18.593292"><ele>255.2</ele></trkpt>
      <trkpt lat="50.18044" lon="18.593308"><ele>255.2</ele></trkpt>
      <trkpt lat="50.18047" lon="18.593317"><ele>255.2</ele></trkpt>
      <trkpt lat="50.180488" lon="18.593328"><ele>255.0</ele></trkpt>
      <trkpt lat="50.180512" lon="18.593333"><ele>255.0</ele></trkpt>
      <trkpt lat="50.180533" lon="18.593342"><ele>255.0</ele></trkpt>
      <trkpt lat="50.180557" lon="18.593347"><ele>255.0</ele></trkpt>
      <trkpt lat="50.180582" lon="18.593358"><ele>254.8</ele></trkpt>
      <trkpt lat="50.180607" lon="18.593367"><ele>254.8</ele></trkpt>
      <trkpt lat="50.180633" lon="18.593375"><ele>254.8</ele></trkpt>
      <trkpt lat="50.180655" lon="18.593385"><ele>254.6</ele></trkpt>
      <trkpt lat="50.18068" lon="18.593388"><ele>254.6</ele></trkpt>
      <trkpt lat="50.1807" lon="18.593392"><ele>254.4</ele></trkpt>
      <trkpt lat="50.180728" lon="18.593388"><ele>254.4</ele></trkpt>
      <trkpt lat="50.180755" lon="18.593387"><ele>254.2</ele></trkpt>
      <trkpt lat="50.18078" lon="18.593393"><ele>254.2</ele></trkpt>
      <trkpt lat="50.180808" lon="18.593398"><ele>254.0</ele></trkpt>
      <trkpt lat="50.180832" lon="18.593403"><ele>254.0</ele></trkpt>
      <trkpt lat="50.180857" lon="18.5934"><ele>253.8</ele></trkpt>
      <trkpt lat="50.18088" lon="18.593398"><ele>253.8</ele></trkpt>
      <trkpt lat="50.180905" lon="18.593398"><ele>253.8</ele></trkpt>
      <trkpt lat="50.18093" lon="18.593395"><ele>253.6</ele></trkpt>
      <trkpt lat="50.180953" lon="18.593387"><ele>253.4</ele></trkpt>
      <trkpt lat="50.180975" lon="18.593382"><ele>253.4</ele></trkpt>
      <trkpt lat="50.180998" lon="18.593373"><ele>253.4</ele></trkpt>
      <trkpt lat="50.181027" lon="18.593367"><ele>253.2</ele></trkpt>
      <trkpt lat="50.181045" lon="18.593357"><ele>253.2</ele></trkpt>
      <trkpt lat="50.181068" lon="18.593347"><ele>253.0</ele></trkpt>
      <trkpt lat="50.18109" lon="18.593332"><ele>253.0</ele></trkpt>
      <trkpt lat="50.18111" lon="18.593322"><ele>253.0</ele></trkpt>
      <trkpt lat="50.181132" lon="18.593315"><ele>252.8</ele></trkpt>
      <trkpt lat="50.181155" lon="18.593298"><ele>252.8</ele></trkpt>
      <trkpt lat="50.181177" lon="18.593285"><ele>252.8</ele></trkpt>
      <trkpt lat="50.181197" lon="18.593265"><ele>252.6</ele></trkpt>
      <trkpt lat="50.181222" lon="18.593247"><ele>252.6</ele></trkpt>
      <trkpt lat="50.181247" lon="18.593228"><ele>252.6</ele></trkpt>
      <trkpt lat="50.18127" lon="18.593217"><ele>252.4</ele></trkpt>
      <trkpt lat="50.181295" lon="18.593207"><ele>252.4</ele></trkpt>
      <trkpt lat="50.18132" lon="18.593198"><ele>252.4</ele></trkpt>
      <trkpt lat="50.181347" lon="18.593183"><ele>252.2</ele></trkpt>
      <trkpt lat="50.181368" lon="18.593167"><ele>252.2</ele></trkpt>
      <trkpt lat="50.181395" lon="18.593162"><ele>252.2</ele></trkpt>
      <trkpt lat="50.181423" lon="18.593153"><ele>252.0</ele></trkpt>
      <trkpt lat="50.181445" lon="18.593143"><ele>252.0</ele></trkpt>
      <trkpt lat="50.181468" lon="18.593125"><ele>252.0</ele></trkpt>
      <trkpt lat="50.18149" lon="18.593115"><ele>252.0</ele></trkpt>
      <trkpt lat="50.181513" lon="18.593105"><ele>251.8</ele></trkpt>
      <trkpt lat="50.181542" lon="18.593098"><ele>251.8</ele></trkpt>
      <trkpt lat="50.181563" lon="18.593093"><ele>251.8</ele></trkpt>
      <trkpt lat="50.181583" lon="18.593082"><ele>251.8</ele></trkpt>
      <trkpt lat="50.181605" lon="18.593068"><ele>251.6</ele></trkpt>
      <trkpt lat="50.181628" lon="18.593048"><ele>251.6</ele></trkpt>
      <trkpt lat="50.181653" lon="18.593037"><ele>251.6</ele></trkpt>
      <trkpt lat="50.18168" lon="18.593018"><ele>251.4</ele></trkpt>
      <trkpt lat="50.181702" lon="18.593008"><ele>251.4</ele></trkpt>
      <trkpt lat="50.181727" lon="18.592998"><ele>251.4</ele></trkpt>
      <trkpt lat="50.18175" lon="18.592985"><ele>251.4</ele></trkpt>
      <trkpt lat="50.181778" lon="18.592977"><ele>251.2</ele></trkpt>
      <trkpt lat="50.181803" lon="18.592967"><ele>251.2</ele></trkpt>
      <trkpt lat="50.181827" lon="18.592967"><ele>251.2</ele></trkpt>
      <trkpt lat="50.181852" lon="18.592973"><ele>251.2</ele></trkpt>
      <trkpt lat="50.181878" lon="18.592977"><ele>251.0</ele></trkpt>
      <trkpt lat="50.181903" lon="18.592975"><ele>251.0</ele></trkpt>
      <trkpt lat="50.181928" lon="18.592985"><ele>251.0</ele></trkpt>
      <trkpt lat="50.18196" lon="18.59299"><ele>251.0</ele></trkpt>
      <trkpt lat="50.18199" lon="18.593005"><ele>251.0</ele></trkpt>
      <trkpt lat="50.182015" lon="18.593013"><ele>251.0</ele></trkpt>
      <trkpt lat="50.182038" lon="18.593017"><ele>250.8</ele></trkpt>
      <trkpt lat="50.18206" lon="18.593023"><ele>250.8</ele></trkpt>
      <trkpt lat="50.182082" lon="18.593028"><ele>250.8</ele></trkpt>
      <trkpt lat="50.182108" lon="18.593038"><ele>250.8</ele></trkpt>
      <trkpt lat="50.18213" lon="18.593043"><ele>250.8</ele></trkpt>
      <trkpt lat="50.182157" lon="18.593065"><ele>250.8</ele></trkpt>
      <trkpt lat="50.182175" lon="18.593082"><ele>250.8</ele></trkpt>
      <trkpt lat="50.182195" lon="18.593093"><ele>250.6</ele></trkpt>
      <trkpt lat="50.18222" lon="18.593103"><ele>250.6</ele></trkpt>
      <trkpt lat="50.182242" lon="18.593118"><ele>250.6</ele></trkpt>
      <trkpt lat="50.182265" lon="18.593132"><ele>250.6</ele></trkpt>
      <trkpt lat="50.182293" lon="18.59314"><ele>250.6</ele></trkpt>
      <trkpt lat="50.182317" lon="18.593155"><ele>250.6</ele></trkpt>
      <trkpt lat="50.182338" lon="18.593163"><ele>250.6</ele></trkpt>
      <trkpt lat="50.182363" lon="18.593188"><ele>250.6</ele></trkpt>
      <trkpt lat="50.182383" lon="18.593207"><ele>250.6</ele></trkpt>
      <trkpt lat="50.182402" lon="18.593233"><ele>250.6</ele></trkpt>
      <trkpt lat="50.182418" lon="18.593255"><ele>250.6</ele></trkpt>
      <trkpt lat="50.18244" lon="18.593283"><ele>250.4</ele></trkpt>
      <trkpt lat="50.182457" lon="18.593313"><ele>250.4</ele></trkpt>
      <trkpt lat="50.18248" lon="18.593333"><ele>250.4</ele></trkpt>
      <trkpt lat="50.182498" lon="18.593357"><ele>250.4</ele></trkpt>
      <trkpt lat="50.182518" lon="18.593377"><ele>250.4</ele></trkpt>
      <trkpt lat="50.182537" lon="18.593402"><ele>250.4</ele></trkpt>
      <trkpt lat="50.182557" lon="18.593425"><ele>250.4</ele></trkpt>
      <trkpt lat="50.182575" lon="18.593447"><ele>250.4</ele></trkpt>
      <trkpt lat="50.182592" lon="18.593465"><ele>250.4</ele></trkpt>
      <trkpt lat="50.182607" lon="18.593483"><ele>250.2</ele></trkpt>
      <trkpt lat="50.182627" lon="18.593507"><ele>250.2</ele></trkpt>
      <trkpt lat="50.182652" lon="18.59353"><ele>250.2</ele></trkpt>
      <trkpt lat="50.182665" lon="18.593555"><ele>250.2</ele></trkpt>
      <trkpt lat="50.182683" lon="18.593577"><ele>250.2</ele></trkpt>
      <trkpt lat="50.182703" lon="18.5936"><ele>250.2</ele></trkpt>
      <trkpt lat="50.182722" lon="18.593623"><ele>250.0</ele></trkpt>
      <trkpt lat="50.182742" lon="18.593645"><ele>250.0</ele></trkpt>
      <trkpt lat="50.182758" lon="18.593673"><ele>250.0</ele></trkpt>
      <trkpt lat="50.182777" lon="18.593695"><ele>250.0</ele></trkpt>
      <trkpt lat="50.182797" lon="18.593712"><ele>250.0</ele></trkpt>
      <trkpt lat="50.182822" lon="18.593732"><ele>250.0</ele></trkpt>
      <trkpt lat="50.182843" lon="18.593758"><ele>250.0</ele></trkpt>
      <trkpt lat="50.182863" lon="18.59378"><ele>249.8</ele></trkpt>
      <trkpt lat="50.182882" lon="18.593803"><ele>249.8</ele></trkpt>
      <trkpt lat="50.182902" lon="18.593825"><ele>249.8</ele></trkpt>
      <trkpt lat="50.182918" lon="18.59385"><ele>249.8</ele></trkpt>
      <trkpt lat="50.182937" lon="18.593875"><ele>249.8</ele></trkpt>
      <trkpt lat="50.182957" lon="18.5939"><ele>249.6</ele></trkpt>
      <trkpt lat="50.182975" lon="18.59392"><ele>249.6</ele></trkpt>
      <trkpt lat="50.182995" lon="18.593943"><ele>249.6</ele></trkpt>
      <trkpt lat="50.18301" lon="18.593967"><ele>249.6</ele></trkpt>
      <trkpt lat="50.183033" lon="18.593993"><ele>249.6</ele></trkpt>
      <trkpt lat="50.183052" lon="18.594013"><ele>249.4</ele></trkpt>
      <trkpt lat="50.183075" lon="18.59403"><ele>249.4</ele></trkpt>
      <trkpt lat="50.183097" lon="18.594042"><ele>249.4</ele></trkpt>
      <trkpt lat="50.18312" lon="18.594053"><ele>249.4</ele></trkpt>
      <trkpt lat="50.183142" lon="18.594063"><ele>249.4</ele></trkpt>
      <trkpt lat="50.183167" lon="18.594073"><ele>249.2</ele></trkpt>
      <trkpt lat="50.183193" lon="18.59408"><ele>249.2</ele></trkpt>
      <trkpt lat="50.183215" lon="18.594085"><ele>249.2</ele></trkpt>
      <trkpt lat="50.18324" lon="18.594085"><ele>249.2</ele></trkpt>
      <trkpt lat="50.183267" lon="18.59408"><ele>249.2</ele></trkpt>
      <trkpt lat="50.183292" lon="18.594073"><ele>249.2</ele></trkpt>
      <trkpt lat="50.183315" lon="18.59407"><ele>249.0</ele></trkpt>
      <trkpt lat="50.18334" lon="18.594063"><ele>249.0</ele></trkpt>
      <trkpt lat="50.183365" lon="18.59406"><ele>249.0</ele></trkpt>
      <trkpt lat="50.183392" lon="18.594052"><ele>249.0</ele></trkpt>
      <trkpt lat="50.183413" lon="18.594045"><ele>249.0</ele></trkpt>
      <trkpt lat="50.183437" lon="18.594033"><ele>249.0</ele></trkpt>
      <trkpt lat="50.183458" lon="18.594023"><ele>249.0</ele></trkpt>
      <trkpt lat="50.183487" lon="18.594017"><ele>249.0</ele></trkpt>
      <trkpt lat="50.18351" lon="18.594012"><ele>248.8</ele></trkpt>
      <trkpt lat="50.183532" lon="18.594007"><ele>248.8</ele></trkpt>
      <trkpt lat="50.183558" lon="18.594003"><ele>248.8</ele></trkpt>
      <trkpt lat="50.18358" lon="18.594"><ele>248.8</ele></trkpt>
      <trkpt lat="50.183605" lon="18.593998"><ele>248.8</ele></trkpt>
      <trkpt lat="50.183628" lon="18.59399"><ele>248.8</ele></trkpt>
      <trkpt lat="50.18365" lon="18.593978"><ele>248.8</ele></trkpt>
      <trkpt lat="50.183673" lon="18.593968"><ele>248.8</ele></trkpt>
      <trkpt lat="50.183698" lon="18.593963"><ele>248.8</ele></trkpt>
      <trkpt lat="50.183723" lon="18.59396"><ele>248.8</ele></trkpt>
      <trkpt lat="50.183747" lon="18.593958"><ele>248.6</ele></trkpt>
      <trkpt lat="50.183768" lon="18.593958"><ele>248.6</ele></trkpt>
      <trkpt lat="50.183792" lon="18.59396"><ele>248.6</ele></trkpt>
      <trkpt lat="50.183817" lon="18.59396"><ele>248.6</ele></trkpt>
      <trkpt lat="50.183842" lon="18.59396"><ele>248.6</ele></trkpt>
      <trkpt lat="50.183868" lon="18.593963"><ele>248.6</ele></trkpt>
      <trkpt lat="50.18389" lon="18.593968"><ele>248.6</ele></trkpt>
      <trkpt lat="50.183913" lon="18.59398"><ele>248.6</ele></trkpt>
      <trkpt lat="50.183935" lon="18.593983"><ele>248.6</ele></trkpt>
      <trkpt lat="50.183958" lon="18.593998"><ele>248.6</ele></trkpt>
      <trkpt lat="50.183987" lon="18.59401"><ele>248.6</ele></trkpt>
      <trkpt lat="50.184005" lon="18.594028"><ele>248.6</ele></trkpt>
      <trkpt lat="50.184028" lon="18.594045"><ele>248.6</ele></trkpt>
      <trkpt lat="50.18405" lon="18.594062"><ele>248.6</ele></trkpt>
      <trkpt lat="50.18407" lon="18.594082"><ele>248.6</ele></trkpt>
      <trkpt lat="50.184088" lon="18.594102"><ele>248.4</ele></trkpt>
      <trkpt lat="50.184108" lon="18.594127"><ele>248.4</ele></trkpt>
      <trkpt lat="50.184127" lon="18.594152"><ele>248.4</ele></trkpt>
      <trkpt lat="50.184147" lon="18.594178"><ele>248.4</ele></trkpt>
      <trkpt lat="50.184165" lon="18.5942"><ele>248.4</ele></trkpt>
      <trkpt lat="50.184182" lon="18.594222"><ele>248.4</ele></trkpt>
      <trkpt lat="50.1842" lon="18.594247"><ele>248.4</ele></trkpt>
      <trkpt lat="50.18422" lon="18.594272"><ele>248.4</ele></trkpt>
      <trkpt lat="50.18424" lon="18.594297"><ele>248.4</ele></trkpt>
      <trkpt lat="50.184255" lon="18.59432"><ele>248.4</ele></trkpt>
      <trkpt lat="50.184272" lon="18.59435"><ele>248.4</ele></trkpt>
      <trkpt lat="50.18429" lon="18.594377"><ele>248.4</ele></trkpt>
      <trkpt lat="50.184307" lon="18.594403"><ele>248.4</ele></trkpt>
      <trkpt lat="50.184325" lon="18.59443"><ele>248.4</ele></trkpt>
      <trkpt lat="50.184342" lon="18.594457"><ele>248.4</ele></trkpt>
      <trkpt lat="50.18436" lon="18.594483"><ele>248.4</ele></trkpt>
      <trkpt lat="50.18438" lon="18.59451"><ele>248.4</ele></trkpt>
      <trkpt lat="50.1844" lon="18.594538"><ele>248.4</ele></trkpt>
      <trkpt lat="50.184418" lon="18.594567"><ele>248.4</ele></trkpt>
      <trkpt lat="50.184432" lon="18.594595"><ele>248.4</ele></trkpt>
      <trkpt lat="50.184447" lon="18.594622"><ele>248.4</ele></trkpt>
      <trkpt lat="50.184467" lon="18.594652"><ele>248.4</ele></trkpt>
      <trkpt lat="50.184482" lon="18.594682"><ele>248.4</ele></trkpt>
      <trkpt lat="50.184498" lon="18.594713"><ele>248.4</ele></trkpt>
      <trkpt lat="50.184518" lon="18.594738"><ele>248.4</ele></trkpt>
      <trkpt lat="50.18453" lon="18.594762"><ele>248.4</ele></trkpt>
      <trkpt lat="50.184547" lon="18.594792"><ele>248.4</ele></trkpt>
      <trkpt lat="50.184565" lon="18.59482"><ele>248.4</ele></trkpt>
      <trkpt lat="50.184582" lon="18.594847"><ele>248.4</ele></trkpt>
      <trkpt lat="50.1846" lon="18.594875"><ele>248.4</ele></trkpt>
      <trkpt lat="50.18462" lon="18.5949"><ele>248.4</ele></trkpt>
      <trkpt lat="50.18464" lon="18.594922"><ele>248.4</ele></trkpt>
      <trkpt lat="50.184658" lon="18.59494"><ele>248.4</ele></trkpt>
      <trkpt lat="50.18468" lon="18.594953"><ele>248.4</ele></trkpt>
      <trkpt lat="50.1847" lon="18.594967"><ele>248.4</ele></trkpt>
      <trkpt lat="50.184725" lon="18.59499"><ele>248.4</ele></trkpt>
      <trkpt lat="50.184745" lon="18.595002"><ele>248.4</ele></trkpt>
      <trkpt lat="50.184767" lon="18.595013"><ele>248.4</ele></trkpt>
      <trkpt lat="50.18479" lon="18.595022"><ele>248.4</ele></trkpt>
      <trkpt lat="50.184818" lon="18.595025"><ele>248.4</ele></trkpt>
      <trkpt lat="50.18484" lon="18.595032"><ele>248.4</ele></trkpt>
      <trkpt lat="50.184863" lon="18.595037"><ele>248.4</ele></trkpt>
      <trkpt lat="50.184895" lon="18.59504"><ele>248.4</ele></trkpt>
      <trkpt lat="50.184918" lon="18.59504"><ele>248.4</ele></trkpt>
      <trkpt lat="50.18494" lon="18.59504"><ele>248.4</ele></trkpt>
      <trkpt lat="50.184965" lon="18.595042"><ele>248.4</ele></trkpt>
      <trkpt lat="50.184995" lon="18.595043"><ele>248.4</ele></trkpt>
      <trkpt lat="50.18502" lon="18.595045"><ele>248.4</ele></trkpt>
      <trkpt lat="50.185045" lon="18.59505"><ele>248.4</ele></trkpt>
      <trkpt lat="50.185068" lon="18.595052"><ele>248.4</ele></trkpt>
      <trkpt lat="50.185097" lon="18.595055"><ele>248.4</ele></trkpt>
      <trkpt lat="50.18512" lon="18.595063"><ele>248.4</ele></trkpt>
      <trkpt lat="50.185145" lon="18.595065"><ele>248.4</ele></trkpt>
      <trkpt lat="50.185167" lon="18.595067"><ele>248.4</ele></trkpt>
      <trkpt lat="50.185193" lon="18.595075"><ele>248.4</ele></trkpt>
      <trkpt lat="50.185218" lon="18.595085"><ele>248.4</ele></trkpt>
      <trkpt lat="50.18524" lon="18.595098"><ele>248.4</ele></trkpt>
      <trkpt lat="50.185263" lon="18.595115"><ele>248.4</ele></trkpt>
      <trkpt lat="50.18528" lon="18.595133"><ele>248.4</ele></trkpt>
      <trkpt lat="50.185295" lon="18.59515"><ele>248.4</ele></trkpt>
      <trkpt lat="50.185308" lon="18.59517"><ele>247.8</ele></trkpt>
      <trkpt lat="50.185323" lon="18.595195"><ele>247.8</ele></trkpt>
      <trkpt lat="50.185347" lon="18.59522"><ele>247.8</ele></trkpt>
      <trkpt lat="50.185372" lon="18.59524"><ele>247.8</ele></trkpt>
      <trkpt lat="50.185395" lon="18.595273"><ele>247.8</ele></trkpt>
      <trkpt lat="50.18542" lon="18.595308"><ele>247.8</ele></trkpt>
      <trkpt lat="50.18544" lon="18.595343"><ele>247.8</ele></trkpt>
      <trkpt lat="50.185462" lon="18.59538"><ele>247.8</ele></trkpt>
      <trkpt lat="50.18549" lon="18.595407"><ele>247.8</ele></trkpt>
      <trkpt lat="50.185517" lon="18.595428"><ele>247.6</ele></trkpt>
      <trkpt lat="50.185542" lon="18.595457"><ele>247.6</ele></trkpt>
      <trkpt lat="50.18556" lon="18.595488"><ele>247.6</ele></trkpt>
      <trkpt lat="50.185583" lon="18.595525"><ele>247.6</ele></trkpt>
      <trkpt lat="50.185605" lon="18.595557"><ele>247.6</ele></trkpt>
      <trkpt lat="50.185625" lon="18.59559"><ele>247.6</ele></trkpt>
      <trkpt lat="50.18565" lon="18.595618"><ele>247.6</ele></trkpt>
      <trkpt lat="50.185673" lon="18.595647"><ele>247.6</ele></trkpt>
      <trkpt lat="50.185695" lon="18.59568"><ele>247.6</ele></trkpt>
      <trkpt lat="50.185718" lon="18.59571"><ele>247.6</ele></trkpt>
      <trkpt lat="50.18574" lon="18.595738"><ele>247.4</ele></trkpt>
      <trkpt lat="50.185762" lon="18.595773"><ele>247.4</ele></trkpt>
      <trkpt lat="50.185792" lon="18.595803"><ele>247.4</ele></trkpt>
      <trkpt lat="50.185813" lon="18.595835"><ele>247.4</ele></trkpt>
      <trkpt lat="50.185837" lon="18.59586"><ele>247.4</ele></trkpt>
      <trkpt lat="50.185858" lon="18.595888"><ele>247.4</ele></trkpt>
      <trkpt lat="50.18588" lon="18.595922"><ele>247.4</ele></trkpt>
      <trkpt lat="50.185903" lon="18.595948"><ele>247.4</ele></trkpt>
      <trkpt lat="50.185932" lon="18.595975"><ele>247.2</ele></trkpt>
      <trkpt lat="50.185958" lon="18.595998"><ele>247.2</ele></trkpt>
      <trkpt lat="50.185983" lon="18.596017"><ele>247.2</ele></trkpt>
      <trkpt lat="50.186012" lon="18.596033"><ele>247.2</ele></trkpt>
      <trkpt lat="50.186038" lon="18.596052"><ele>247.2</ele></trkpt>
      <trkpt lat="50.186067" lon="18.596072"><ele>247.0</ele></trkpt>
      <trkpt lat="50.186092" lon="18.596088"><ele>247.0</ele></trkpt>
      <trkpt lat="50.186115" lon="18.596108"><ele>247.0</ele></trkpt>
      <trkpt lat="50.18614" lon="18.596128"><ele>246.8</ele></trkpt>
      <trkpt lat="50.186168" lon="18.596148"><ele>246.8</ele></trkpt>
      <trkpt lat="50.186195" lon="18.596163"><ele>246.8</ele></trkpt>
      <trkpt lat="50.18622" lon="18.596178"><ele>246.6</ele></trkpt>
      <trkpt lat="50.186248" lon="18.596193"><ele>246.6</ele></trkpt>
      <trkpt lat="50.186275" lon="18.596203"><ele>246.6</ele></trkpt>
      <trkpt lat="50.1863" lon="18.596213"><ele>246.4</ele></trkpt>
      <trkpt lat="50.186328" lon="18.596227"><ele>246.4</ele></trkpt>
      <trkpt lat="50.186355" lon="18.596238"><ele>246.4</ele></trkpt>
      <trkpt lat="50.18638" lon="18.596245"><ele>246.2</ele></trkpt>
      <trkpt lat="50.186412" lon="18.596255"><ele>246.2</ele></trkpt>
      <trkpt lat="50.186435" lon="18.59627"><ele>246.2</ele></trkpt>
      <trkpt lat="50.186467" lon="18.596282"><ele>246.2</ele></trkpt>
      <trkpt lat="50.186492" lon="18.596293"><ele>246.2</ele></trkpt>
      <trkpt lat="50.186518" lon="18.596303"><ele>246.0</ele></trkpt>
      <trkpt lat="50.186547" lon="18.596313"><ele>246.0</ele></trkpt>
      <trkpt lat="50.186568" lon="18.596322"><ele>246.0</ele></trkpt>
      <trkpt lat="50.186592" lon="18.596332"><ele>246.0</ele></trkpt>
      <trkpt lat="50.186617" lon="18.596342"><ele>246.0</ele></trkpt>
      <trkpt lat="50.186642" lon="18.59635"><ele>246.0</ele></trkpt>
      <trkpt lat="50.186668" lon="18.59636"><ele>246.0</ele></trkpt>
      <trkpt lat="50.186693" lon="18.596365"><ele>246.0</ele></trkpt>
      <trkpt lat="50.186722" lon="18.596372"><ele>246.0</ele></trkpt>
      <trkpt lat="50.186748" lon="18.59638"><ele>246.0</ele></trkpt>
      <trkpt lat="50.186773" lon="18.596385"><ele>246.0</ele></trkpt>
      <trkpt lat="50.186797" lon="18.596393"><ele>246.0</ele></trkpt>
      <trkpt lat="50.186825" lon="18.5964"><ele>246.0</ele></trkpt>
      <trkpt lat="50.186847" lon="18.596403"><ele>246.0</ele></trkpt>
      <trkpt lat="50.186873" lon="18.596412"><ele>245.8</ele></trkpt>
      <trkpt lat="50.186895" lon="18.59642"><ele>245.8</ele></trkpt>
      <trkpt lat="50.186923" lon="18.596423"><ele>245.8</ele></trkpt>
      <trkpt lat="50.186947" lon="18.596432"><ele>245.8</ele></trkpt>
      <trkpt lat="50.186972" lon="18.596442"><ele>245.8</ele></trkpt>
      <trkpt lat="50.186995" lon="18.596448"><ele>245.8</ele></trkpt>
      <trkpt lat="50.187023" lon="18.596452"><ele>245.8</ele></trkpt>
      <trkpt lat="50.187048" lon="18.596458"><ele>245.8</ele></trkpt>
      <trkpt lat="50.187075" lon="18.596462"><ele>245.8</ele></trkpt>
      <trkpt lat="50.187103" lon="18.596462"><ele>245.8</ele></trkpt>
      <trkpt lat="50.187128" lon="18.59646"><ele>246.0</ele></trkpt>
      <trkpt lat="50.187155" lon="18.59645"><ele>246.0</ele></trkpt>
      <trkpt lat="50.18718" lon="18.596437"><ele>246.0</ele></trkpt>
      <trkpt lat="50.187202" lon="18.59642"><ele>246.0</ele></trkpt>
      <trkpt lat="50.187225" lon="18.5964"><ele>246.0</ele></trkpt>
      <trkpt lat="50.187243" lon="18.59638"><ele>246.0</ele></trkpt>
      <trkpt lat="50.187263" lon="18.596355"><ele>246.0</ele></trkpt>
      <trkpt lat="50.18728" lon="18.596332"><ele>246.0</ele></trkpt>
      <trkpt lat="50.187298" lon="18.59631"><ele>246.0</ele></trkpt>
      <trkpt lat="50.187312" lon="18.596285"><ele>246.0</ele></trkpt>
      <trkpt lat="50.187323" lon="18.596263"><ele>246.2</ele></trkpt>
      <trkpt lat="50.18734" lon="18.596237"><ele>246.2</ele></trkpt>
      <trkpt lat="50.187347" lon="18.596207"><ele>246.2</ele></trkpt>
      <trkpt lat="50.187362" lon="18.596182"><ele>246.2</ele></trkpt>
      <trkpt lat="50.187378" lon="18.596155"><ele>246.2</ele></trkpt>
      <trkpt lat="50.187388" lon="18.596125"><ele>246.2</ele></trkpt>
      <trkpt lat="50.1874" lon="18.596097"><ele>246.2</ele></trkpt>
      <trkpt lat="50.187417" lon="18.596065"><ele>246.2</ele></trkpt>
      <trkpt lat="50.187427" lon="18.596027"><ele>246.2</ele></trkpt>
      <trkpt lat="50.187433" lon="18.595993"><ele>246.4</ele></trkpt>
      <trkpt lat="50.187445" lon="18.595962"><ele>246.4</ele></trkpt>
      <trkpt lat="50.187458" lon="18.595927"><ele>246.4</ele></trkpt>
      <trkpt lat="50.187468" lon="18.595897"><ele>246.4</ele></trkpt>
      <trkpt lat="50.18748" lon="18.59587"><ele>246.4</ele></trkpt>
      <trkpt lat="50.187487" lon="18.595835"><ele>246.4</ele></trkpt>
      <trkpt lat="50.1875" lon="18.5958"><ele>246.4</ele></trkpt>
      <trkpt lat="50.18751" lon="18.59577"><ele>246.4</ele></trkpt>
      <trkpt lat="50.187525" lon="18.59574"><ele>246.4</ele></trkpt>
      <trkpt lat="50.187542" lon="18.595712"><ele>246.4</ele></trkpt>
      <trkpt lat="50.187552" lon="18.59568"><ele>246.6</ele></trkpt>
      <trkpt lat="50.187567" lon="18.59565"><ele>246.6</ele></trkpt>
      <trkpt lat="50.18758" lon="18.59562"><ele>246.6</ele></trkpt>
      <trkpt lat="50.18759" lon="18.595592"><ele>246.6</ele></trkpt>
      <trkpt lat="50.187605" lon="18.59556"><ele>246.6</ele></trkpt>
      <trkpt lat="50.187618" lon="18.595532"><ele>246.6</ele></trkpt>
      <trkpt lat="50.187632" lon="18.595502"><ele>246.6</ele></trkpt>
      <trkpt lat="50.18764" lon="18.595473"><ele>246.6</ele></trkpt>
      <trkpt lat="50.18765" lon="18.595445"><ele>246.6</ele></trkpt>
      <trkpt lat="50.18766" lon="18.595418"><ele>246.6</ele></trkpt>
      <trkpt lat="50.18767" lon="18.595388"><ele>246.6</ele></trkpt>
      <trkpt lat="50.18767" lon="18.595328"><ele>246.6</ele></trkpt>
      <trkpt lat="50.187667" lon="18.595297"><ele>246.8</ele></trkpt>
      <trkpt lat="50.187657" lon="18.595263"><ele>246.8</ele></trkpt>
      <trkpt lat="50.18764" lon="18.595235"><ele>246.8</ele></trkpt>
      <trkpt lat="50.187622" lon="18.595207"><ele>246.8</ele></trkpt>
      <trkpt lat="50.187602" lon="18.595182"><ele>246.8</ele></trkpt>
      <trkpt lat="50.187587" lon="18.595153"><ele>246.8</ele></trkpt>
      <trkpt lat="50.187567" lon="18.595122"><ele>246.8</ele></trkpt>
      <trkpt lat="50.187552" lon="18.595095"><ele>246.8</ele></trkpt>
      <trkpt lat="50.187532" lon="18.59507"><ele>246.8</ele></trkpt>
      <trkpt lat="50.187517" lon="18.595045"><ele>246.8</ele></trkpt>
      <trkpt lat="50.1875" lon="18.595023"><ele>246.8</ele></trkpt>
      <trkpt lat="50.18748" lon="18.595"><ele>246.8</ele></trkpt>
      <trkpt lat="50.187465" lon="18.594973"><ele>246.8</ele></trkpt>
      <trkpt lat="50.187445" lon="18.594952"><ele>246.8</ele></trkpt>
      <trkpt lat="50.18743" lon="18.594927"><ele>246.8</ele></trkpt>
      <trkpt lat="50.187417" lon="18.594905"><ele>246.8</ele></trkpt>
      <trkpt lat="50.1874" lon="18.594883"><ele>246.8</ele></trkpt>
      <trkpt lat="50.187385" lon="18.594863"><ele>246.8</ele></trkpt>
      <trkpt lat="50.187368" lon="18.594828"><ele>247.0</ele></trkpt>
    </trkseg>
  </trk>
</gpx>
