<?xml version="1.0" encoding="UTF-8"?>
<gpx version="1.1" creator="zatyrani.pl" xmlns="http://www.topografix.com/GPX/1/1">
  <trk>
    <name>Wilczy Półmaraton - bieg i canicross</name>
    <trkseg>
      <trkpt lat="50.187327" lon="18.594693"><ele>245.6</ele></trkpt>
      <trkpt lat="50.187327" lon="18.594693"><ele>245.6</ele></trkpt>
      <trkpt lat="50.187247" lon="18.594588"><ele>245.6</ele></trkpt>
      <trkpt lat="50.187205" lon="18.594535"><ele>245.6</ele></trkpt>
      <trkpt lat="50.187173" lon="18.59447"><ele>245.6</ele></trkpt>
      <trkpt lat="50.187148" lon="18.594405"><ele>245.8</ele></trkpt>
      <trkpt lat="50.187125" lon="18.59435"><ele>246.0</ele></trkpt>
      <trkpt lat="50.187093" lon="18.594298"><ele>246.2</ele></trkpt>
      <trkpt lat="50.187072" lon="18.594243"><ele>246.2</ele></trkpt>
      <trkpt lat="50.187048" lon="18.594208"><ele>246.2</ele></trkpt>
      <trkpt lat="50.187013" lon="18.594165"><ele>246.2</ele></trkpt>
      <trkpt lat="50.186972" lon="18.594103"><ele>246.0</ele></trkpt>
      <trkpt lat="50.186943" lon="18.594058"><ele>246.2</ele></trkpt>
      <trkpt lat="50.186912" lon="18.59401"><ele>246.2</ele></trkpt>
      <trkpt lat="50.186882" lon="18.593963"><ele>246.2</ele></trkpt>
      <trkpt lat="50.186847" lon="18.593913"><ele>246.2</ele></trkpt>
      <trkpt lat="50.186812" lon="18.593858"><ele>246.4</ele></trkpt>
      <trkpt lat="50.186777" lon="18.5938"><ele>246.4</ele></trkpt>
      <trkpt lat="50.186742" lon="18.593742"><ele>246.4</ele></trkpt>
      <trkpt lat="50.186703" lon="18.593683"><ele>246.4</ele></trkpt>
      <trkpt lat="50.186665" lon="18.593625"><ele>246.2</ele></trkpt>
      <trkpt lat="50.186627" lon="18.593568"><ele>246.2</ele></trkpt>
      <trkpt lat="50.186588" lon="18.593512"><ele>246.2</ele></trkpt>
      <trkpt lat="50.186553" lon="18.593455"><ele>246.0</ele></trkpt>
      <trkpt lat="50.186518" lon="18.593402"><ele>246.0</ele></trkpt>
      <trkpt lat="50.186485" lon="18.593353"><ele>246.0</ele></trkpt>
      <trkpt lat="50.186432" lon="18.593218"><ele>246.0</ele></trkpt>
      <trkpt lat="50.18637" lon="18.593132"><ele>246.2</ele></trkpt>
      <trkpt lat="50.186335" lon="18.593083"><ele>246.2</ele></trkpt>
      <trkpt lat="50.1863" lon="18.593048"><ele>246.2</ele></trkpt>
      <trkpt lat="50.186272" lon="18.593023"><ele>246.4</ele></trkpt>
      <trkpt lat="50.186237" lon="18.593"><ele>246.4</ele></trkpt>
      <trkpt lat="50.186207" lon="18.592978"><ele>246.4</ele></trkpt>
      <trkpt lat="50.186168" lon="18.592957"><ele>246.4</ele></trkpt>
      <trkpt lat="50.186133" lon="18.592937"><ele>246.4</ele></trkpt>
      <trkpt lat="50.186098" lon="18.592917"><ele>246.4</ele></trkpt>
      <trkpt lat="50.186067" lon="18.592897"><ele>246.4</ele></trkpt>
      <trkpt lat="50.186035" lon="18.592875"><ele>246.4</ele></trkpt>
      <trkpt lat="50.186002" lon="18.592852"><ele>246.6</ele></trkpt>
      <trkpt lat="50.185977" lon="18.592828"><ele>246.6</ele></trkpt>
      <trkpt lat="50.185952" lon="18.5928"><ele>246.8</ele></trkpt>
      <trkpt lat="50.185922" lon="18.59277"><ele>247.0</ele></trkpt>
      <trkpt lat="50.1859" lon="18.59274"><ele>247.0</ele></trkpt>
      <trkpt lat="50.185875" lon="18.59271"><ele>247.2</ele></trkpt>
      <trkpt lat="50.185848" lon="18.592678"><ele>247.2</ele></trkpt>
      <trkpt lat="50.18583" lon="18.592645"><ele>247.4</ele></trkpt>
      <trkpt lat="50.185803" lon="18.59261"><ele>247.4</ele></trkpt>
      <trkpt lat="50.185782" lon="18.59258"><ele>247.6</ele></trkpt>
      <trkpt lat="50.18576" lon="18.59255"><ele>247.6</ele></trkpt>
      <trkpt lat="50.185737" lon="18.592515"><ele>247.8</ele></trkpt>
      <trkpt lat="50.185715" lon="18.592482"><ele>247.8</ele></trkpt>
      <trkpt lat="50.185692" lon="18.59245"><ele>248.0</ele></trkpt>
      <trkpt lat="50.185673" lon="18.59242"><ele>248.0</ele></trkpt>
      <trkpt lat="50.18565" lon="18.592385"><ele>248.2</ele></trkpt>
      <trkpt lat="50.185632" lon="18.592358"><ele>248.2</ele></trkpt>
      <trkpt lat="50.185605" lon="18.592323"><ele>248.4</ele></trkpt>
      <trkpt lat="50.18559" lon="18.592293"><ele>248.4</ele></trkpt>
      <trkpt lat="50.18557" lon="18.592263"><ele>248.4</ele></trkpt>
      <trkpt lat="50.185552" lon="18.592232"><ele>248.6</ele></trkpt>
      <trkpt lat="50.185532" lon="18.592202"><ele>248.6</ele></trkpt>
      <trkpt lat="50.185517" lon="18.592172"><ele>248.6</ele></trkpt>
      <trkpt lat="50.185497" lon="18.592145"><ele>248.8</ele></trkpt>
      <trkpt lat="50.185478" lon="18.592117"><ele>248.8</ele></trkpt>
      <trkpt lat="50.185462" lon="18.592087"><ele>248.8</ele></trkpt>
      <trkpt lat="50.185442" lon="18.59206"><ele>249.0</ele></trkpt>
      <trkpt lat="50.185423" lon="18.592032"><ele>249.0</ele></trkpt>
      <trkpt lat="50.185407" lon="18.592002"><ele>249.2</ele></trkpt>
      <trkpt lat="50.185392" lon="18.591973"><ele>249.2</ele></trkpt>
      <trkpt lat="50.185372" lon="18.591947"><ele>249.2</ele></trkpt>
      <trkpt lat="50.185357" lon="18.59192"><ele>249.4</ele></trkpt>
      <trkpt lat="50.185337" lon="18.591892"><ele>249.4</ele></trkpt>
      <trkpt lat="50.185318" lon="18.591867"><ele>249.4</ele></trkpt>
      <trkpt lat="50.185298" lon="18.59184"><ele>249.6</ele></trkpt>
      <trkpt lat="50.185282" lon="18.591808"><ele>249.6</ele></trkpt>
      <trkpt lat="50.185263" lon="18.591778"><ele>249.8</ele></trkpt>
      <trkpt lat="50.185247" lon="18.591748"><ele>249.8</ele></trkpt>
      <trkpt lat="50.185228" lon="18.591715"><ele>250.0</ele></trkpt>
      <trkpt lat="50.185208" lon="18.591682"><ele>250.0</ele></trkpt>
      <trkpt lat="50.185193" lon="18.59165"><ele>250.2</ele></trkpt>
      <trkpt lat="50.185173" lon="18.59162"><ele>250.2</ele></trkpt>
      <trkpt lat="50.185155" lon="18.591592"><ele>250.4</ele></trkpt>
      <trkpt lat="50.185135" lon="18.59156"><ele>250.6</ele></trkpt>
      <trkpt lat="50.185117" lon="18.59153"><ele>250.6</ele></trkpt>
      <trkpt lat="50.185097" lon="18.591498"><ele>250.8</ele></trkpt>
      <trkpt lat="50.185078" lon="18.591468"><ele>250.8</ele></trkpt>
      <trkpt lat="50.185058" lon="18.591438"><ele>251.0</ele></trkpt>
      <trkpt lat="50.18504" lon="18.591405"><ele>251.0</ele></trkpt>
      <trkpt lat="50.18502" lon="18.591375"><ele>251.2</ele></trkpt>
      <trkpt lat="50.185" lon="18.591342"><ele>251.2</ele></trkpt>
      <trkpt lat="50.184982" lon="18.591312"><ele>251.4</ele></trkpt>
      <trkpt lat="50.184962" lon="18.59128"><ele>251.4</ele></trkpt>
      <trkpt lat="50.184943" lon="18.59125"><ele>251.6</ele></trkpt>
      <trkpt lat="50.184923" lon="18.59122"><ele>251.6</ele></trkpt>
      <trkpt lat="50.184905" lon="18.591193"><ele>251.8</ele></trkpt>
      <trkpt lat="50.184885" lon="18.591162"><ele>251.8</ele></trkpt>
      <trkpt lat="50.184867" lon="18.591132"><ele>252.0</ele></trkpt>
      <trkpt lat="50.184847" lon="18.591103"><ele>252.0</ele></trkpt>
      <trkpt lat="50.184828" lon="18.591075"><ele>252.2</ele></trkpt>
      <trkpt lat="50.184808" lon="18.591043"><ele>252.2</ele></trkpt>
      <trkpt lat="50.18479" lon="18.591013"><ele>252.4</ele></trkpt>
      <trkpt lat="50.18477" lon="18.590982"><ele>252.4</ele></trkpt>
      <trkpt lat="50.184752" lon="18.590953"><ele>252.6</ele></trkpt>
      <trkpt lat="50.184732" lon="18.590923"><ele>252.6</ele></trkpt>
      <trkpt lat="50.18471" lon="18.590892"><ele>252.8</ele></trkpt>
      <trkpt lat="50.184697" lon="18.590862"><ele>252.8</ele></trkpt>
      <trkpt lat="50.184672" lon="18.590832"><ele>253.0</ele></trkpt>
      <trkpt lat="50.184658" lon="18.5908"><ele>253.0</ele></trkpt>
      <trkpt lat="50.184633" lon="18.59077"><ele>253.2</ele></trkpt>
      <trkpt lat="50.18462" lon="18.59074"><ele>253.2</ele></trkpt>
      <trkpt lat="50.184598" lon="18.590712"><ele>253.4</ele></trkpt>
      <trkpt lat="50.184582" lon="18.590682"><ele>253.4</ele></trkpt>
      <trkpt lat="50.184558" lon="18.590652"><ele>253.6</ele></trkpt>
      <trkpt lat="50.18454" lon="18.590623"><ele>253.6</ele></trkpt>
      <trkpt lat="50.184523" lon="18.590593"><ele>253.8</ele></trkpt>
      <trkpt lat="50.184505" lon="18.590563"><ele>253.8</ele></trkpt>
      <trkpt lat="50.184485" lon="18.590535"><ele>254.0</ele></trkpt>
      <trkpt lat="50.184467" lon="18.590507"><ele>254.0</ele></trkpt>
      <trkpt lat="50.184447" lon="18.59048"><ele>254.2</ele></trkpt>
      <trkpt lat="50.184428" lon="18.590452"><ele>254.2</ele></trkpt>
      <trkpt lat="50.184408" lon="18.590423"><ele>254.4</ele></trkpt>
      <trkpt lat="50.18439" lon="18.59039"><ele>254.4</ele></trkpt>
      <trkpt lat="50.18437" lon="18.590362"><ele>254.6</ele></trkpt>
      <trkpt lat="50.184352" lon="18.590332"><ele>254.6</ele></trkpt>
      <trkpt lat="50.184332" lon="18.5903"><ele>254.8</ele></trkpt>
      <trkpt lat="50.18432" lon="18.590273"><ele>254.8</ele></trkpt>
      <trkpt lat="50.1843" lon="18.590245"><ele>255.0</ele></trkpt>
      <trkpt lat="50.184275" lon="18.590217"><ele>255.0</ele></trkpt>
      <trkpt lat="50.184262" lon="18.59019"><ele>255.2</ele></trkpt>
      <trkpt lat="50.18424" lon="18.590158"><ele>255.2</ele></trkpt>
      <trkpt lat="50.18422" lon="18.590123"><ele>255.4</ele></trkpt>
      <trkpt lat="50.184195" lon="18.590093"><ele>255.4</ele></trkpt>
      <trkpt lat="50.184172" lon="18.59006"><ele>255.6</ele></trkpt>
      <trkpt lat="50.184153" lon="18.590032"><ele>255.6</ele></trkpt>
      <trkpt lat="50.18413" lon="18.589998"><ele>255.8</ele></trkpt>
      <trkpt lat="50.184112" lon="18.589967"><ele>255.8</ele></trkpt>
      <trkpt lat="50.184092" lon="18.589938"><ele>256.0</ele></trkpt>
      <trkpt lat="50.184073" lon="18.589908"><ele>256.0</ele></trkpt>
      <trkpt lat="50.184053" lon="18.589878"><ele>256.0</ele></trkpt>
      <trkpt lat="50.184035" lon="18.589847"><ele>256.2</ele></trkpt>
      <trkpt lat="50.184015" lon="18.589818"><ele>256.4</ele></trkpt>
      <trkpt lat="50.183997" lon="18.58979"><ele>256.4</ele></trkpt>
      <trkpt lat="50.183977" lon="18.58976"><ele>256.6</ele></trkpt>
      <trkpt lat="50.183963" lon="18.58973"><ele>256.6</ele></trkpt>
      <trkpt lat="50.183945" lon="18.589702"><ele>256.8</ele></trkpt>
      <trkpt lat="50.183925" lon="18.589673"><ele>256.8</ele></trkpt>
      <trkpt lat="50.183907" lon="18.589643"><ele>257.0</ele></trkpt>
      <trkpt lat="50.183887" lon="18.589618"><ele>257.0</ele></trkpt>
      <trkpt lat="50.183872" lon="18.58959"><ele>257.0</ele></trkpt>
      <trkpt lat="50.183852" lon="18.58956"><ele>257.2</ele></trkpt>
      <trkpt lat="50.183837" lon="18.589532"><ele>257.4</ele></trkpt>
      <trkpt lat="50.183817" lon="18.589503"><ele>257.4</ele></trkpt>
      <trkpt lat="50.183803" lon="18.589477"><ele>257.6</ele></trkpt>
      <trkpt lat="50.183785" lon="18.589448"><ele>257.6</ele></trkpt>
      <trkpt lat="50.183768" lon="18.58942"><ele>257.8</ele></trkpt>
      <trkpt lat="50.18375" lon="18.589392"><ele>257.8</ele></trkpt>
      <trkpt lat="50.183733" lon="18.589362"><ele>258.0</ele></trkpt>
      <trkpt lat="50.183718" lon="18.589333"><ele>258.0</ele></trkpt>
      <trkpt lat="50.183698" lon="18.58931"><ele>258.2</ele></trkpt>
      <trkpt lat="50.183685" lon="18.58928"><ele>258.4</ele></trkpt>
      <trkpt lat="50.18367" lon="18.589252"><ele>258.4</ele></trkpt>
      <trkpt lat="50.183653" lon="18.589225"><ele>258.6</ele></trkpt>
      <trkpt lat="50.183635" lon="18.589198"><ele>258.6</ele></trkpt>
      <trkpt lat="50.183618" lon="18.589172"><ele>258.8</ele></trkpt>
      <trkpt lat="50.183605" lon="18.589147"><ele>258.8</ele></trkpt>
      <trkpt lat="50.183587" lon="18.589122"><ele>259.0</ele></trkpt>
      <trkpt lat="50.18357" lon="18.589097"><ele>259.2</ele></trkpt>
      <trkpt lat="50.183552" lon="18.589075"><ele>259.2</ele></trkpt>
      <trkpt lat="50.183535" lon="18.589052"><ele>259.4</ele></trkpt>
      <trkpt lat="50.18352" lon="18.589027"><ele>259.4</ele></trkpt>
      <trkpt lat="50.1835" lon="18.589003"><ele>259.6</ele></trkpt>
      <trkpt lat="50.18348" lon="18.588977"><ele>259.8</ele></trkpt>
      <trkpt lat="50.183465" lon="18.588953"><ele>259.8</ele></trkpt>
      <trkpt lat="50.183445" lon="18.588923"><ele>260.0</ele></trkpt>
      <trkpt lat="50.18342" lon="18.588895"><ele>260.0</ele></trkpt>
      <trkpt lat="50.183407" lon="18.588868"><ele>260.2</ele></trkpt>
      <trkpt lat="50.183388" lon="18.58884"><ele>260.4</ele></trkpt>
      <trkpt lat="50.183365" lon="18.588815"><ele>260.4</ele></trkpt>
      <trkpt lat="50.18335" lon="18.588787"><ele>260.6</ele></trkpt>
      <trkpt lat="50.18333" lon="18.588758"><ele>260.6</ele></trkpt>
      <trkpt lat="50.183312" lon="18.588727"><ele>260.8</ele></trkpt>
      <trkpt lat="50.183292" lon="18.588698"><ele>260.8</ele></trkpt>
      <trkpt lat="50.183273" lon="18.588672"><ele>261.0</ele></trkpt>
      <trkpt lat="50.183257" lon="18.588643"><ele>261.2</ele></trkpt>
      <trkpt lat="50.183235" lon="18.588612"><ele>261.2</ele></trkpt>
      <trkpt lat="50.183218" lon="18.588582"><ele>261.4</ele></trkpt>
      <trkpt lat="50.1832" lon="18.588552"><ele>261.4</ele></trkpt>
      <trkpt lat="50.18318" lon="18.58852"><ele>261.4</ele></trkpt>
      <trkpt lat="50.18316" lon="18.58849"><ele>261.6</ele></trkpt>
      <trkpt lat="50.183142" lon="18.588462"><ele>261.6</ele></trkpt>
      <trkpt lat="50.183122" lon="18.588433"><ele>261.8</ele></trkpt>
      <trkpt lat="50.183103" lon="18.588405"><ele>261.8</ele></trkpt>
      <trkpt lat="50.18309" lon="18.588373"><ele>262.0</ele></trkpt>
      <trkpt lat="50.183072" lon="18.588343"><ele>262.0</ele></trkpt>
      <trkpt lat="50.183052" lon="18.588313"><ele>262.0</ele></trkpt>
      <trkpt lat="50.183037" lon="18.588283"><ele>262.2</ele></trkpt>
      <trkpt lat="50.183017" lon="18.588253"><ele>262.2</ele></trkpt>
      <trkpt lat="50.182995" lon="18.588223"><ele>262.4</ele></trkpt>
      <trkpt lat="50.182975" lon="18.588195"><ele>262.4</ele></trkpt>
      <trkpt lat="50.182957" lon="18.588165"><ele>262.4</ele></trkpt>
      <trkpt lat="50.182937" lon="18.588138"><ele>262.6</ele></trkpt>
      <trkpt lat="50.182918" lon="18.588108"><ele>262.6</ele></trkpt>
      <trkpt lat="50.182898" lon="18.588077"><ele>262.8</ele></trkpt>
      <trkpt lat="50.18288" lon="18.588048"><ele>262.8</ele></trkpt>
      <trkpt lat="50.18286" lon="18.58802"><ele>262.8</ele></trkpt>
      <trkpt lat="50.18284" lon="18.587992"><ele>263.0</ele></trkpt>
      <trkpt lat="50.182822" lon="18.58796"><ele>263.0</ele></trkpt>
      <trkpt lat="50.182805" lon="18.58793"><ele>263.0</ele></trkpt>
      <trkpt lat="50.18279" lon="18.587897"><ele>263.2</ele></trkpt>
      <trkpt lat="50.18277" lon="18.587865"><ele>263.2</ele></trkpt>
      <trkpt lat="50.182752" lon="18.587838"><ele>263.2</ele></trkpt>
      <trkpt lat="50.182732" lon="18.587807"><ele>263.2</ele></trkpt>
      <trkpt lat="50.182713" lon="18.587777"><ele>263.4</ele></trkpt>
      <trkpt lat="50.182693" lon="18.587747"><ele>263.4</ele></trkpt>
      <trkpt lat="50.182675" lon="18.587718"><ele>263.4</ele></trkpt>
      <trkpt lat="50.182652" lon="18.587685"><ele>263.6</ele></trkpt>
      <trkpt lat="50.182637" lon="18.587653"><ele>263.6</ele></trkpt>
      <trkpt lat="50.182613" lon="18.587622"><ele>263.6</ele></trkpt>
      <trkpt lat="50.182595" lon="18.587588"><ele>263.8</ele></trkpt>
      <trkpt lat="50.182575" lon="18.58756"><ele>263.8</ele></trkpt>
      <trkpt lat="50.182557" lon="18.587527"><ele>263.8</ele></trkpt>
      <trkpt lat="50.182537" lon="18.587497"><ele>264.0</ele></trkpt>
      <trkpt lat="50.182518" lon="18.587467"><ele>264.0</ele></trkpt>
      <trkpt lat="50.182498" lon="18.587437"><ele>264.0</ele></trkpt>
      <trkpt lat="50.18248" lon="18.587405"><ele>264.0</ele></trkpt>
      <trkpt lat="50.18246" lon="18.587377"><ele>264.2</ele></trkpt>
      <trkpt lat="50.18244" lon="18.587348"><ele>264.2</ele></trkpt>
      <trkpt lat="50.182422" lon="18.587318"><ele>264.2</ele></trkpt>
      <trkpt lat="50.182402" lon="18.587287"><ele>264.4</ele></trkpt>
      <trkpt lat="50.182383" lon="18.587257"><ele>264.4</ele></trkpt>
      <trkpt lat="50.182363" lon="18.587228"><ele>264.4</ele></trkpt>
      <trkpt lat="50.182345" lon="18.5872"><ele>264.4</ele></trkpt>
      <trkpt lat="50.182325" lon="18.587168"><ele>264.6</ele></trkpt>
      <trkpt lat="50.182307" lon="18.587138"><ele>264.6</ele></trkpt>
      <trkpt lat="50.182293" lon="18.587108"><ele>264.6</ele></trkpt>
      <trkpt lat="50.182275" lon="18.587078"><ele>264.6</ele></trkpt>
      <trkpt lat="50.182255" lon="18.587047"><ele>264.8</ele></trkpt>
      <trkpt lat="50.182237" lon="18.587018"><ele>264.8</ele></trkpt>
      <trkpt lat="50.182217" lon="18.586988"><ele>264.8</ele></trkpt>
      <trkpt lat="50.182198" lon="18.586958"><ele>265.0</ele></trkpt>
      <trkpt lat="50.182178" lon="18.586927"><ele>265.0</ele></trkpt>
      <trkpt lat="50.182162" lon="18.586898"><ele>265.0</ele></trkpt>
      <trkpt lat="50.18214" lon="18.586868"><ele>265.0</ele></trkpt>
      <trkpt lat="50.182123" lon="18.586838"><ele>265.0</ele></trkpt>
      <trkpt lat="50.182105" lon="18.586808"><ele>265.2</ele></trkpt>
      <trkpt lat="50.182085" lon="18.586775"><ele>265.2</ele></trkpt>
      <trkpt lat="50.182067" lon="18.586745"><ele>265.2</ele></trkpt>
      <trkpt lat="50.182047" lon="18.586715"><ele>265.2</ele></trkpt>
      <trkpt lat="50.182028" lon="18.586685"><ele>265.2</ele></trkpt>
      <trkpt lat="50.182008" lon="18.586655"><ele>265.4</ele></trkpt>
      <trkpt lat="50.18199" lon="18.586625"><ele>265.4</ele></trkpt>
      <trkpt lat="50.18197" lon="18.586595"><ele>265.4</ele></trkpt>
      <trkpt lat="50.181952" lon="18.586563"><ele>265.4</ele></trkpt>
      <trkpt lat="50.181932" lon="18.586535"><ele>265.4</ele></trkpt>
      <trkpt lat="50.18191" lon="18.586505"><ele>265.4</ele></trkpt>
      <trkpt lat="50.18189" lon="18.586478"><ele>265.4</ele></trkpt>
      <trkpt lat="50.181872" lon="18.586447"><ele>265.4</ele></trkpt>
      <trkpt lat="50.181852" lon="18.58642"><ele>265.4</ele></trkpt>
      <trkpt lat="50.181833" lon="18.586392"><ele>265.4</ele></trkpt>
      <trkpt lat="50.181817" lon="18.58636"><ele>265.4</ele></trkpt>
      <trkpt lat="50.181792" lon="18.586333"><ele>265.4</ele></trkpt>
      <trkpt lat="50.181778" lon="18.586303"><ele>265.4</ele></trkpt>
      <trkpt lat="50.181753" lon="18.586275"><ele>265.4</ele></trkpt>
      <trkpt lat="50.18174" lon="18.586243"><ele>265.4</ele></trkpt>
      <trkpt lat="50.181718" lon="18.586215"><ele>265.4</ele></trkpt>
      <trkpt lat="50.181692" lon="18.586183"><ele>265.4</ele></trkpt>
      <trkpt lat="50.181673" lon="18.586148"><ele>265.4</ele></trkpt>
      <trkpt lat="50.18165" lon="18.586113"><ele>265.4</ele></trkpt>
      <trkpt lat="50.181628" lon="18.58608"><ele>265.4</ele></trkpt>
      <trkpt lat="50.181608" lon="18.586048"><ele>265.4</ele></trkpt>
      <trkpt lat="50.181587" lon="18.586018"><ele>265.4</ele></trkpt>
      <trkpt lat="50.18157" lon="18.58599"><ele>265.4</ele></trkpt>
      <trkpt lat="50.181555" lon="18.585963"><ele>265.2</ele></trkpt>
      <trkpt lat="50.181538" lon="18.585937"><ele>265.2</ele></trkpt>
      <trkpt lat="50.18152" lon="18.58591"><ele>265.2</ele></trkpt>
      <trkpt lat="50.1815" lon="18.585883"><ele>265.2</ele></trkpt>
      <trkpt lat="50.18148" lon="18.585852"><ele>265.2</ele></trkpt>
      <trkpt lat="50.181465" lon="18.585822"><ele>265.2</ele></trkpt>
      <trkpt lat="50.181445" lon="18.585795"><ele>265.2</ele></trkpt>
      <trkpt lat="50.181423" lon="18.585765"><ele>265.2</ele></trkpt>
      <trkpt lat="50.181407" lon="18.585732"><ele>265.2</ele></trkpt>
      <trkpt lat="50.181385" lon="18.585702"><ele>265.2</ele></trkpt>
      <trkpt lat="50.181365" lon="18.585673"><ele>265.0</ele></trkpt>
      <trkpt lat="50.181347" lon="18.58564"><ele>265.0</ele></trkpt>
      <trkpt lat="50.181323" lon="18.585608"><ele>265.0</ele></trkpt>
      <trkpt lat="50.181305" lon="18.585578"><ele>265.0</ele></trkpt>
      <trkpt lat="50.181285" lon="18.585547"><ele>265.0</ele></trkpt>
      <trkpt lat="50.181267" lon="18.585513"><ele>265.0</ele></trkpt>
      <trkpt lat="50.181243" lon="18.585482"><ele>264.8</ele></trkpt>
      <trkpt lat="50.181225" lon="18.585452"><ele>264.8</ele></trkpt>
      <trkpt lat="50.181202" lon="18.585422"><ele>264.8</ele></trkpt>
      <trkpt lat="50.181183" lon="18.585392"><ele>264.8</ele></trkpt>
      <trkpt lat="50.181158" lon="18.58536"><ele>264.8</ele></trkpt>
      <trkpt lat="50.181142" lon="18.58533"><ele>264.8</ele></trkpt>
      <trkpt lat="50.181122" lon="18.5853"><ele>264.8</ele></trkpt>
      <trkpt lat="50.181097" lon="18.585268"><ele>264.8</ele></trkpt>
      <trkpt lat="50.181078" lon="18.585237"><ele>264.6</ele></trkpt>
      <trkpt lat="50.181055" lon="18.585203"><ele>264.6</ele></trkpt>
      <trkpt lat="50.181033" lon="18.58517"><ele>264.6</ele></trkpt>
      <trkpt lat="50.181013" lon="18.585135"><ele>264.6</ele></trkpt>
      <trkpt lat="50.180992" lon="18.585103"><ele>264.6</ele></trkpt>
      <trkpt lat="50.180972" lon="18.585072"><ele>264.6</ele></trkpt>
      <trkpt lat="50.18095" lon="18.585038"><ele>264.6</ele></trkpt>
      <trkpt lat="50.18093" lon="18.585003"><ele>264.6</ele></trkpt>
      <trkpt lat="50.180908" lon="18.584972"><ele>264.6</ele></trkpt>
      <trkpt lat="50.180885" lon="18.584938"><ele>264.6</ele></trkpt>
      <trkpt lat="50.180867" lon="18.584907"><ele>264.6</ele></trkpt>
      <trkpt lat="50.180847" lon="18.584877"><ele>264.6</ele></trkpt>
      <trkpt lat="50.180828" lon="18.584843"><ele>264.6</ele></trkpt>
      <trkpt lat="50.180805" lon="18.584813"><ele>264.6</ele></trkpt>
      <trkpt lat="50.180787" lon="18.584782"><ele>264.6</ele></trkpt>
      <trkpt lat="50.180763" lon="18.584748"><ele>264.6</ele></trkpt>
      <trkpt lat="50.180745" lon="18.58472"><ele>264.6</ele></trkpt>
      <trkpt lat="50.180725" lon="18.584688"><ele>264.6</ele></trkpt>
      <trkpt lat="50.180707" lon="18.584658"><ele>264.6</ele></trkpt>
      <trkpt lat="50.18068" lon="18.584628"><ele>264.6</ele></trkpt>
      <trkpt lat="50.180665" lon="18.584598"><ele>264.6</ele></trkpt>
      <trkpt lat="50.180645" lon="18.58457"><ele>264.6</ele></trkpt>
      <trkpt lat="50.18063" lon="18.58454"><ele>264.8</ele></trkpt>
      <trkpt lat="50.18061" lon="18.584512"><ele>264.8</ele></trkpt>
      <trkpt lat="50.180592" lon="18.584483"><ele>264.8</ele></trkpt>
      <trkpt lat="50.180568" lon="18.58445"><ele>264.8</ele></trkpt>
      <trkpt lat="50.18055" lon="18.584418"><ele>264.8</ele></trkpt>
      <trkpt lat="50.18053" lon="18.58439"><ele>264.8</ele></trkpt>
      <trkpt lat="50.180512" lon="18.58436"><ele>264.8</ele></trkpt>
      <trkpt lat="50.180492" lon="18.58433"><ele>265.0</ele></trkpt>
      <trkpt lat="50.180473" lon="18.584298"><ele>265.0</ele></trkpt>
      <trkpt lat="50.180453" lon="18.584268"><ele>265.0</ele></trkpt>
      <trkpt lat="50.180435" lon="18.584237"><ele>265.0</ele></trkpt>
      <trkpt lat="50.180415" lon="18.584205"><ele>265.0</ele></trkpt>
      <trkpt lat="50.180393" lon="18.58417"><ele>265.0</ele></trkpt>
      <trkpt lat="50.180373" lon="18.58414"><ele>265.2</ele></trkpt>
      <trkpt lat="50.180355" lon="18.584108"><ele>265.2</ele></trkpt>
      <trkpt lat="50.180332" lon="18.584075"><ele>265.2</ele></trkpt>
      <trkpt lat="50.180313" lon="18.584042"><ele>265.2</ele></trkpt>
      <trkpt lat="50.180293" lon="18.58401"><ele>265.2</ele></trkpt>
      <trkpt lat="50.180275" lon="18.58398"><ele>265.2</ele></trkpt>
      <trkpt lat="50.180258" lon="18.583948"><ele>265.4</ele></trkpt>
      <trkpt lat="50.180238" lon="18.583915"><ele>265.4</ele></trkpt>
      <trkpt lat="50.180223" lon="18.583883"><ele>265.4</ele></trkpt>
      <trkpt lat="50.18021" lon="18.583855"><ele>265.4</ele></trkpt>
      <trkpt lat="50.180192" lon="18.583825"><ele>265.4</ele></trkpt>
      <trkpt lat="50.180175" lon="18.583797"><ele>265.4</ele></trkpt>
      <trkpt lat="50.180157" lon="18.583768"><ele>265.6</ele></trkpt>
      <trkpt lat="50.180137" lon="18.583742"><ele>265.6</ele></trkpt>
      <trkpt lat="50.180118" lon="18.58372"><ele>265.6</ele></trkpt>
      <trkpt lat="50.180098" lon="18.583705"><ele>265.6</ele></trkpt>
      <trkpt lat="50.180077" lon="18.583692"><ele>265.6</ele></trkpt>
      <trkpt lat="50.180053" lon="18.58368"><ele>265.8</ele></trkpt>
      <trkpt lat="50.180025" lon="18.583665"><ele>265.8</ele></trkpt>
      <trkpt lat="50.180005" lon="18.583642"><ele>265.8</ele></trkpt>
      <trkpt lat="50.179983" lon="18.583622"><ele>265.8</ele></trkpt>
      <trkpt lat="50.179963" lon="18.583597"><ele>265.8</ele></trkpt>
      <trkpt lat="50.179945" lon="18.583567"><ele>266.0</ele></trkpt>
      <trkpt lat="50.179925" lon="18.583542"><ele>266.0</ele></trkpt>
      <trkpt lat="50.179913" lon="18.583518"><ele>266.0</ele></trkpt>
      <trkpt lat="50.179893" lon="18.583493"><ele>266.0</ele></trkpt>
      <trkpt lat="50.179878" lon="18.583467"><ele>266.2</ele></trkpt>
      <trkpt lat="50.179862" lon="18.58344"><ele>266.2</ele></trkpt>
      <trkpt lat="50.179842" lon="18.583415"><ele>266.2</ele></trkpt>
      <trkpt lat="50.179823" lon="18.583388"><ele>266.4</ele></trkpt>
      <trkpt lat="50.179807" lon="18.583362"><ele>266.4</ele></trkpt>
      <trkpt lat="50.179795" lon="18.583337"><ele>266.4</ele></trkpt>
      <trkpt lat="50.179778" lon="18.58331"><ele>266.6</ele></trkpt>
      <trkpt lat="50.179762" lon="18.583287"><ele>266.6</ele></trkpt>
      <trkpt lat="50.179743" lon="18.583263"><ele>266.6</ele></trkpt>
      <trkpt lat="50.179723" lon="18.583235"><ele>266.8</ele></trkpt>
      <trkpt lat="50.179708" lon="18.583207"><ele>266.8</ele></trkpt>
      <trkpt lat="50.179695" lon="18.583187"><ele>266.8</ele></trkpt>
      <trkpt lat="50.17968" lon="18.583158"><ele>267.0</ele></trkpt>
      <trkpt lat="50.179663" lon="18.58313"><ele>267.0</ele></trkpt>
      <trkpt lat="50.179647" lon="18.583108"><ele>267.0</ele></trkpt>
      <trkpt lat="50.179628" lon="18.58308"><ele>267.2</ele></trkpt>
      <trkpt lat="50.179615" lon="18.583057"><ele>267.2</ele></trkpt>
      <trkpt lat="50.1796" lon="18.583028"><ele>267.4</ele></trkpt>
      <trkpt lat="50.179583" lon="18.583"><ele>267.4</ele></trkpt>
      <trkpt lat="50.179567" lon="18.58297"><ele>267.4</ele></trkpt>
      <trkpt lat="50.179555" lon="18.582945"><ele>267.6</ele></trkpt>
      <trkpt lat="50.179535" lon="18.582918"><ele>267.6</ele></trkpt>
      <trkpt lat="50.179517" lon="18.582888"><ele>267.8</ele></trkpt>
      <trkpt lat="50.1795" lon="18.582862"><ele>267.8</ele></trkpt>
      <trkpt lat="50.17948" lon="18.582838"><ele>268.0</ele></trkpt>
      <trkpt lat="50.179465" lon="18.582817"><ele>268.0</ele></trkpt>
      <trkpt lat="50.179445" lon="18.582792"><ele>268.2</ele></trkpt>
      <trkpt lat="50.179427" lon="18.582763"><ele>268.2</ele></trkpt>
      <trkpt lat="50.179413" lon="18.582738"><ele>268.4</ele></trkpt>
      <trkpt lat="50.179398" lon="18.58271"><ele>268.6</ele></trkpt>
      <trkpt lat="50.179378" lon="18.582678"><ele>268.6</ele></trkpt>
      <trkpt lat="50.17936" lon="18.582647"><ele>268.6</ele></trkpt>
      <trkpt lat="50.17934" lon="18.582617"><ele>268.8</ele></trkpt>
      <trkpt lat="50.179323" lon="18.58259"><ele>268.8</ele></trkpt>
      <trkpt lat="50.179305" lon="18.582562"><ele>269.0</ele></trkpt>
      <trkpt lat="50.179285" lon="18.582535"><ele>269.0</ele></trkpt>
      <trkpt lat="50.179267" lon="18.582508"><ele>269.0</ele></trkpt>
      <trkpt lat="50.179247" lon="18.58248"><ele>269.0</ele></trkpt>
      <trkpt lat="50.179232" lon="18.58245"><ele>269.0</ele></trkpt>
      <trkpt lat="50.179208" lon="18.58242"><ele>269.0</ele></trkpt>
      <trkpt lat="50.17919" lon="18.582393"><ele>269.2</ele></trkpt>
      <trkpt lat="50.17917" lon="18.582363"><ele>269.0</ele></trkpt>
      <trkpt lat="50.179152" lon="18.582335"><ele>269.2</ele></trkpt>
      <trkpt lat="50.179138" lon="18.582307"><ele>269.2</ele></trkpt>
      <trkpt lat="50.179117" lon="18.58228"><ele>269.2</ele></trkpt>
      <trkpt lat="50.1791" lon="18.582252"><ele>269.2</ele></trkpt>
      <trkpt lat="50.17908" lon="18.582222"><ele>269.0</ele></trkpt>
      <trkpt lat="50.179062" lon="18.582192"><ele>269.0</ele></trkpt>
      <trkpt lat="50.179045" lon="18.582163"><ele>269.0</ele></trkpt>
      <trkpt lat="50.17903" lon="18.582143"><ele>269.0</ele></trkpt>
      <trkpt lat="50.179017" lon="18.582115"><ele>269.0</ele></trkpt>
      <trkpt lat="50.178998" lon="18.582083"><ele>269.0</ele></trkpt>
      <trkpt lat="50.178982" lon="18.582053"><ele>269.0</ele></trkpt>
      <trkpt lat="50.178958" lon="18.582025"><ele>269.0</ele></trkpt>
      <trkpt lat="50.17894" lon="18.581997"><ele>269.0</ele></trkpt>
      <trkpt lat="50.17892" lon="18.581967"><ele>269.0</ele></trkpt>
      <trkpt lat="50.178902" lon="18.581938"><ele>269.0</ele></trkpt>
      <trkpt lat="50.178882" lon="18.581908"><ele>268.8</ele></trkpt>
      <trkpt lat="50.178863" lon="18.58188"><ele>268.8</ele></trkpt>
      <trkpt lat="50.178843" lon="18.581848"><ele>268.8</ele></trkpt>
      <trkpt lat="50.178828" lon="18.581817"><ele>268.8</ele></trkpt>
      <trkpt lat="50.178808" lon="18.581788"><ele>268.8</ele></trkpt>
      <trkpt lat="50.178793" lon="18.581758"><ele>268.8</ele></trkpt>
      <trkpt lat="50.178773" lon="18.581733"><ele>268.8</ele></trkpt>
      <trkpt lat="50.178755" lon="18.581705"><ele>268.8</ele></trkpt>
      <trkpt lat="50.178738" lon="18.581675"><ele>268.8</ele></trkpt>
      <trkpt lat="50.178718" lon="18.58164"><ele>268.8</ele></trkpt>
      <trkpt lat="50.178693" lon="18.581603"><ele>268.8</ele></trkpt>
      <trkpt lat="50.178675" lon="18.581568"><ele>268.8</ele></trkpt>
      <trkpt lat="50.178655" lon="18.581538"><ele>268.8</ele></trkpt>
      <trkpt lat="50.178633" lon="18.581507"><ele>268.8</ele></trkpt>
      <trkpt lat="50.178613" lon="18.581473"><ele>268.8</ele></trkpt>
      <trkpt lat="50.178595" lon="18.581442"><ele>268.8</ele></trkpt>
      <trkpt lat="50.178575" lon="18.581413"><ele>268.8</ele></trkpt>
      <trkpt lat="50.178557" lon="18.581383"><ele>268.8</ele></trkpt>
      <trkpt lat="50.17854" lon="18.58136"><ele>268.8</ele></trkpt>
      <trkpt lat="50.17852" lon="18.58134"><ele>268.8</ele></trkpt>
      <trkpt lat="50.178505" lon="18.581315"><ele>268.8</ele></trkpt>
      <trkpt lat="50.178488" lon="18.581288"><ele>268.8</ele></trkpt>
      <trkpt lat="50.178473" lon="18.581262"><ele>268.8</ele></trkpt>
      <trkpt lat="50.178453" lon="18.581238"><ele>268.8</ele></trkpt>
      <trkpt lat="50.178435" lon="18.58121"><ele>268.8</ele></trkpt>
      <trkpt lat="50.178415" lon="18.581182"><ele>268.8</ele></trkpt>
      <trkpt lat="50.178397" lon="18.58115"><ele>268.8</ele></trkpt>
      <trkpt lat="50.178373" lon="18.58112"><ele>268.8</ele></trkpt>
      <trkpt lat="50.178358" lon="18.58109"><ele>268.8</ele></trkpt>
      <trkpt lat="50.178335" lon="18.58106"><ele>269.0</ele></trkpt>
      <trkpt lat="50.178322" lon="18.581032"><ele>269.0</ele></trkpt>
      <trkpt lat="50.178303" lon="18.581002"><ele>269.0</ele></trkpt>
      <trkpt lat="50.178283" lon="18.580973"><ele>269.0</ele></trkpt>
      <trkpt lat="50.178265" lon="18.580945"><ele>269.0</ele></trkpt>
      <trkpt lat="50.178245" lon="18.580915"><ele>269.0</ele></trkpt>
      <trkpt lat="50.178223" lon="18.580883"><ele>269.0</ele></trkpt>
      <trkpt lat="50.178203" lon="18.580855"><ele>269.0</ele></trkpt>
      <trkpt lat="50.178188" lon="18.580832"><ele>269.0</ele></trkpt>
      <trkpt lat="50.178168" lon="18.580803"><ele>269.0</ele></trkpt>
      <trkpt lat="50.178153" lon="18.580777"><ele>269.0</ele></trkpt>
      <trkpt lat="50.178133" lon="18.580753"><ele>269.0</ele></trkpt>
      <trkpt lat="50.178115" lon="18.580723"><ele>269.0</ele></trkpt>
      <trkpt lat="50.178098" lon="18.580697"><ele>269.0</ele></trkpt>
      <trkpt lat="50.17808" lon="18.580673"><ele>269.0</ele></trkpt>
      <trkpt lat="50.178067" lon="18.580645"><ele>269.2</ele></trkpt>
      <trkpt lat="50.17805" lon="18.580615"><ele>269.2</ele></trkpt>
      <trkpt lat="50.178032" lon="18.580592"><ele>269.2</ele></trkpt>
      <trkpt lat="50.178015" lon="18.580562"><ele>269.2</ele></trkpt>
      <trkpt lat="50.177997" lon="18.580532"><ele>269.2</ele></trkpt>
      <trkpt lat="50.177977" lon="18.580498"><ele>269.2</ele></trkpt>
      <trkpt lat="50.177958" lon="18.580467"><ele>269.2</ele></trkpt>
      <trkpt lat="50.177938" lon="18.58043"><ele>269.4</ele></trkpt>
      <trkpt lat="50.17792" lon="18.5804"><ele>269.4</ele></trkpt>
      <trkpt lat="50.177897" lon="18.580363"><ele>269.4</ele></trkpt>
      <trkpt lat="50.177875" lon="18.580328"><ele>269.6</ele></trkpt>
      <trkpt lat="50.177855" lon="18.580298"><ele>269.6</ele></trkpt>
      <trkpt lat="50.17784" lon="18.580268"><ele>269.8</ele></trkpt>
      <trkpt lat="50.17782" lon="18.58024"><ele>269.8</ele></trkpt>
      <trkpt lat="50.177807" lon="18.58021"><ele>269.8</ele></trkpt>
      <trkpt lat="50.177788" lon="18.58018"><ele>269.8</ele></trkpt>
      <trkpt lat="50.177765" lon="18.580152"><ele>270.0</ele></trkpt>
      <trkpt lat="50.17774" lon="18.580118"><ele>270.0</ele></trkpt>
      <trkpt lat="50.177727" lon="18.580085"><ele>270.0</ele></trkpt>
      <trkpt lat="50.177708" lon="18.580052"><ele>270.0</ele></trkpt>
      <trkpt lat="50.177688" lon="18.580022"><ele>270.2</ele></trkpt>
      <trkpt lat="50.17767" lon="18.579993"><ele>270.2</ele></trkpt>
      <trkpt lat="50.17765" lon="18.579962"><ele>270.2</ele></trkpt>
      <trkpt lat="50.177635" lon="18.57993"><ele>270.2</ele></trkpt>
      <trkpt lat="50.177615" lon="18.579893"><ele>270.4</ele></trkpt>
      <trkpt lat="50.177593" lon="18.579862"><ele>270.4</ele></trkpt>
      <trkpt lat="50.17757" lon="18.579828"><ele>270.4</ele></trkpt>
      <trkpt lat="50.177552" lon="18.579793"><ele>270.6</ele></trkpt>
      <trkpt lat="50.177532" lon="18.57976"><ele>270.6</ele></trkpt>
      <trkpt lat="50.177513" lon="18.579728"><ele>270.6</ele></trkpt>
      <trkpt lat="50.177493" lon="18.579698"><ele>270.8</ele></trkpt>
      <trkpt lat="50.177475" lon="18.579672"><ele>270.8</ele></trkpt>
      <trkpt lat="50.177458" lon="18.579648"><ele>270.8</ele></trkpt>
      <trkpt lat="50.177437" lon="18.579623"><ele>270.8</ele></trkpt>
      <trkpt lat="50.177417" lon="18.579593"><ele>271.0</ele></trkpt>
      <trkpt lat="50.177395" lon="18.579565"><ele>271.0</ele></trkpt>
      <trkpt lat="50.177372" lon="18.579535"><ele>271.0</ele></trkpt>
      <trkpt lat="50.177353" lon="18.579507"><ele>271.0</ele></trkpt>
      <trkpt lat="50.177333" lon="18.57948"><ele>271.0</ele></trkpt>
      <trkpt lat="50.177312" lon="18.57945"><ele>271.2</ele></trkpt>
      <trkpt lat="50.177292" lon="18.57942"><ele>271.2</ele></trkpt>
      <trkpt lat="50.17727" lon="18.579388"><ele>271.2</ele></trkpt>
      <trkpt lat="50.17725" lon="18.579362"><ele>271.2</ele></trkpt>
      <trkpt lat="50.177232" lon="18.579333"><ele>271.2</ele></trkpt>
      <trkpt lat="50.177212" lon="18.579303"><ele>271.2</ele></trkpt>
      <trkpt lat="50.17719" lon="18.579278"><ele>271.2</ele></trkpt>
      <trkpt lat="50.17717" lon="18.579253"><ele>271.2</ele></trkpt>
      <trkpt lat="50.177158" lon="18.579228"><ele>271.2</ele></trkpt>
      <trkpt lat="50.177135" lon="18.5792"><ele>271.2</ele></trkpt>
      <trkpt lat="50.177117" lon="18.579163"><ele>271.2</ele></trkpt>
      <trkpt lat="50.177097" lon="18.579132"><ele>271.2</ele></trkpt>
      <trkpt lat="50.177078" lon="18.579098"><ele>271.2</ele></trkpt>
      <trkpt lat="50.177058" lon="18.57907"><ele>271.4</ele></trkpt>
      <trkpt lat="50.17704" lon="18.57904"><ele>271.4</ele></trkpt>
      <trkpt lat="50.17702" lon="18.579007"><ele>271.4</ele></trkpt>
      <trkpt lat="50.177" lon="18.578978"><ele>271.4</ele></trkpt>
      <trkpt lat="50.176982" lon="18.57895"><ele>271.4</ele></trkpt>
      <trkpt lat="50.176962" lon="18.578923"><ele>271.4</ele></trkpt>
      <trkpt lat="50.176943" lon="18.578897"><ele>271.6</ele></trkpt>
      <trkpt lat="50.176927" lon="18.57887"><ele>271.6</ele></trkpt>
      <trkpt lat="50.176915" lon="18.578843"><ele>271.6</ele></trkpt>
      <trkpt lat="50.176895" lon="18.578812"><ele>271.6</ele></trkpt>
      <trkpt lat="50.17688" lon="18.578782"><ele>271.8</ele></trkpt>
      <trkpt lat="50.17686" lon="18.578752"><ele>271.8</ele></trkpt>
      <trkpt lat="50.17684" lon="18.578725"><ele>271.8</ele></trkpt>
      <trkpt lat="50.176822" lon="18.578697"><ele>272.0</ele></trkpt>
      <trkpt lat="50.1768" lon="18.578668"><ele>272.0</ele></trkpt>
      <trkpt lat="50.17678" lon="18.57864"><ele>272.0</ele></trkpt>
      <trkpt lat="50.17676" lon="18.57861"><ele>272.2</ele></trkpt>
      <trkpt lat="50.176745" lon="18.578582"><ele>272.2</ele></trkpt>
      <trkpt lat="50.176725" lon="18.578557"><ele>272.2</ele></trkpt>
      <trkpt lat="50.176713" lon="18.578528"><ele>272.4</ele></trkpt>
      <trkpt lat="50.176693" lon="18.5785"><ele>272.4</ele></trkpt>
      <trkpt lat="50.176678" lon="18.578473"><ele>272.6</ele></trkpt>
      <trkpt lat="50.176658" lon="18.578447"><ele>272.6</ele></trkpt>
      <trkpt lat="50.17664" lon="18.578422"><ele>272.6</ele></trkpt>
      <trkpt lat="50.176623" lon="18.578393"><ele>272.8</ele></trkpt>
      <trkpt lat="50.176603" lon="18.578363"><ele>272.8</ele></trkpt>
      <trkpt lat="50.176585" lon="18.578335"><ele>273.0</ele></trkpt>
      <trkpt lat="50.176565" lon="18.578312"><ele>273.0</ele></trkpt>
      <trkpt lat="50.176547" lon="18.57828"><ele>273.0</ele></trkpt>
      <trkpt lat="50.176527" lon="18.578252"><ele>273.0</ele></trkpt>
      <trkpt lat="50.176508" lon="18.578223"><ele>273.2</ele></trkpt>
      <trkpt lat="50.176488" lon="18.578195"><ele>273.2</ele></trkpt>
      <trkpt lat="50.17647" lon="18.578165"><ele>273.2</ele></trkpt>
      <trkpt lat="50.176447" lon="18.578143"><ele>273.4</ele></trkpt>
      <trkpt lat="50.176432" lon="18.57813"><ele>273.4</ele></trkpt>
      <trkpt lat="50.176415" lon="18.578107"><ele>273.4</ele></trkpt>
      <trkpt lat="50.176402" lon="18.578082"><ele>273.8</ele></trkpt>
      <trkpt lat="50.176402" lon="18.578045"><ele>273.8</ele></trkpt>
      <trkpt lat="50.176418" lon="18.578005"><ele>273.8</ele></trkpt>
      <trkpt lat="50.176428" lon="18.57798"><ele>273.8</ele></trkpt>
      <trkpt lat="50.176438" lon="18.577948"><ele>273.8</ele></trkpt>
      <trkpt lat="50.176447" lon="18.57792"><ele>273.8</ele></trkpt>
      <trkpt lat="50.17646" lon="18.577882"><ele>273.8</ele></trkpt>
      <trkpt lat="50.17647" lon="18.577848"><ele>273.8</ele></trkpt>
      <trkpt lat="50.176482" lon="18.577813"><ele>273.8</ele></trkpt>
      <trkpt lat="50.176498" lon="18.577778"><ele>274.0</ele></trkpt>
      <trkpt lat="50.176508" lon="18.577743"><ele>274.0</ele></trkpt>
      <trkpt lat="50.17652" lon="18.577703"><ele>274.0</ele></trkpt>
      <trkpt lat="50.176537" lon="18.577663"><ele>274.0</ele></trkpt>
      <trkpt lat="50.176547" lon="18.577625"><ele>274.0</ele></trkpt>
      <trkpt lat="50.176562" lon="18.577585"><ele>274.0</ele></trkpt>
      <trkpt lat="50.176578" lon="18.577547"><ele>274.2</ele></trkpt>
      <trkpt lat="50.176588" lon="18.577507"><ele>274.2</ele></trkpt>
      <trkpt lat="50.1766" lon="18.577467"><ele>274.2</ele></trkpt>
      <trkpt lat="50.176617" lon="18.577428"><ele>274.2</ele></trkpt>
      <trkpt lat="50.176627" lon="18.577388"><ele>274.2</ele></trkpt>
      <trkpt lat="50.17664" lon="18.57735"><ele>274.4</ele></trkpt>
      <trkpt lat="50.176655" lon="18.577312"><ele>274.4</ele></trkpt>
      <trkpt lat="50.176665" lon="18.577272"><ele>274.4</ele></trkpt>
      <trkpt lat="50.17668" lon="18.577232"><ele>274.6</ele></trkpt>
      <trkpt lat="50.176693" lon="18.577192"><ele>274.6</ele></trkpt>
      <trkpt lat="50.176703" lon="18.577152"><ele>274.6</ele></trkpt>
      <trkpt lat="50.17672" lon="18.577112"><ele>274.8</ele></trkpt>
      <trkpt lat="50.176728" lon="18.577072"><ele>274.8</ele></trkpt>
      <trkpt lat="50.176745" lon="18.577032"><ele>274.8</ele></trkpt>
      <trkpt lat="50.17676" lon="18.57699"><ele>275.0</ele></trkpt>
      <trkpt lat="50.176773" lon="18.576948"><ele>275.0</ele></trkpt>
      <trkpt lat="50.176787" lon="18.576908"><ele>275.0</ele></trkpt>
      <trkpt lat="50.1768" lon="18.57687"><ele>275.2</ele></trkpt>
      <trkpt lat="50.176812" lon="18.576832"><ele>275.2</ele></trkpt>
      <trkpt lat="50.176825" lon="18.576792"><ele>275.4</ele></trkpt>
      <trkpt lat="50.176838" lon="18.576752"><ele>275.4</ele></trkpt>
      <trkpt lat="50.176853" lon="18.576713"><ele>275.4</ele></trkpt>
      <trkpt lat="50.176867" lon="18.576673"><ele>275.6</ele></trkpt>
      <trkpt lat="50.17688" lon="18.576632"><ele>275.6</ele></trkpt>
      <trkpt lat="50.176895" lon="18.576588"><ele>275.8</ele></trkpt>
      <trkpt lat="50.176912" lon="18.576547"><ele>275.8</ele></trkpt>
      <trkpt lat="50.176923" lon="18.576507"><ele>275.8</ele></trkpt>
      <trkpt lat="50.176937" lon="18.576467"><ele>276.0</ele></trkpt>
      <trkpt lat="50.176953" lon="18.576427"><ele>276.0</ele></trkpt>
      <trkpt lat="50.176965" lon="18.576387"><ele>276.0</ele></trkpt>
      <trkpt lat="50.176982" lon="18.576345"><ele>276.2</ele></trkpt>
      <trkpt lat="50.176998" lon="18.576305"><ele>276.2</ele></trkpt>
      <trkpt lat="50.177013" lon="18.576265"><ele>276.2</ele></trkpt>
      <trkpt lat="50.177027" lon="18.576228"><ele>276.4</ele></trkpt>
      <trkpt lat="50.177042" lon="18.57619"><ele>276.4</ele></trkpt>
      <trkpt lat="50.177062" lon="18.576153"><ele>276.6</ele></trkpt>
      <trkpt lat="50.177075" lon="18.576112"><ele>276.6</ele></trkpt>
      <trkpt lat="50.17709" lon="18.576072"><ele>276.6</ele></trkpt>
      <trkpt lat="50.177103" lon="18.576035"><ele>276.8</ele></trkpt>
      <trkpt lat="50.17712" lon="18.575995"><ele>276.8</ele></trkpt>
      <trkpt lat="50.177135" lon="18.575952"><ele>277.0</ele></trkpt>
      <trkpt lat="50.177155" lon="18.575917"><ele>277.0</ele></trkpt>
      <trkpt lat="50.177163" lon="18.575878"><ele>277.0</ele></trkpt>
      <trkpt lat="50.177177" lon="18.575838"><ele>277.2</ele></trkpt>
      <trkpt lat="50.177183" lon="18.575793"><ele>277.2</ele></trkpt>
      <trkpt lat="50.177197" lon="18.57575"><ele>277.2</ele></trkpt>
      <trkpt lat="50.177205" lon="18.575703"><ele>277.2</ele></trkpt>
      <trkpt lat="50.177218" lon="18.57566"><ele>277.4</ele></trkpt>
      <trkpt lat="50.177225" lon="18.57562"><ele>277.4</ele></trkpt>
      <trkpt lat="50.17724" lon="18.575575"><ele>277.4</ele></trkpt>
      <trkpt lat="50.177253" lon="18.575535"><ele>277.4</ele></trkpt>
      <trkpt lat="50.17727" lon="18.575498"><ele>277.6</ele></trkpt>
      <trkpt lat="50.177282" lon="18.57546"><ele>277.6</ele></trkpt>
      <trkpt lat="50.177298" lon="18.57542"><ele>277.6</ele></trkpt>
      <trkpt lat="50.177315" lon="18.575382"><ele>277.6</ele></trkpt>
      <trkpt lat="50.17733" lon="18.575343"><ele>277.8</ele></trkpt>
      <trkpt lat="50.17735" lon="18.575303"><ele>277.8</ele></trkpt>
      <trkpt lat="50.17736" lon="18.575265"><ele>277.8</ele></trkpt>
      <trkpt lat="50.177375" lon="18.57523"><ele>277.8</ele></trkpt>
      <trkpt lat="50.177395" lon="18.575188"><ele>277.8</ele></trkpt>
      <trkpt lat="50.17741" lon="18.575147"><ele>277.8</ele></trkpt>
      <trkpt lat="50.177423" lon="18.575107"><ele>278.0</ele></trkpt>
      <trkpt lat="50.177437" lon="18.575067"><ele>278.0</ele></trkpt>
      <trkpt lat="50.177452" lon="18.575027"><ele>278.0</ele></trkpt>
      <trkpt lat="50.177468" lon="18.574987"><ele>278.0</ele></trkpt>
      <trkpt lat="50.17748" lon="18.574947"><ele>278.2</ele></trkpt>
      <trkpt lat="50.177497" lon="18.5749"><ele>278.2</ele></trkpt>
      <trkpt lat="50.177513" lon="18.574855"><ele>278.2</ele></trkpt>
      <trkpt lat="50.177532" lon="18.574807"><ele>278.2</ele></trkpt>
      <trkpt lat="50.177552" lon="18.57476"><ele>278.4</ele></trkpt>
      <trkpt lat="50.177567" lon="18.574717"><ele>278.4</ele></trkpt>
      <trkpt lat="50.177577" lon="18.574672"><ele>278.2</ele></trkpt>
      <trkpt lat="50.17759" lon="18.574632"><ele>278.2</ele></trkpt>
      <trkpt lat="50.177597" lon="18.574595"><ele>278.2</ele></trkpt>
      <trkpt lat="50.177608" lon="18.574555"><ele>278.2</ele></trkpt>
      <trkpt lat="50.177618" lon="18.57451"><ele>278.2</ele></trkpt>
      <trkpt lat="50.177628" lon="18.57446"><ele>278.0</ele></trkpt>
      <trkpt lat="50.177635" lon="18.574412"><ele>278.0</ele></trkpt>
      <trkpt lat="50.177647" lon="18.574367"><ele>278.0</ele></trkpt>
      <trkpt lat="50.177653" lon="18.574323"><ele>277.8</ele></trkpt>
      <trkpt lat="50.177667" lon="18.57428"><ele>277.8</ele></trkpt>
      <trkpt lat="50.177673" lon="18.57424"><ele>277.8</ele></trkpt>
      <trkpt lat="50.177682" lon="18.5742"><ele>277.8</ele></trkpt>
      <trkpt lat="50.177695" lon="18.574163"><ele>277.8</ele></trkpt>
      <trkpt lat="50.177702" lon="18.574122"><ele>277.6</ele></trkpt>
      <trkpt lat="50.177718" lon="18.57408"><ele>277.6</ele></trkpt>
      <trkpt lat="50.177737" lon="18.574043"><ele>277.6</ele></trkpt>
      <trkpt lat="50.17775" lon="18.57401"><ele>277.6</ele></trkpt>
      <trkpt lat="50.177765" lon="18.573972"><ele>277.6</ele></trkpt>
      <trkpt lat="50.177778" lon="18.57394"><ele>277.6</ele></trkpt>
      <trkpt lat="50.1778" lon="18.573905"><ele>277.6</ele></trkpt>
      <trkpt lat="50.17782" lon="18.573872"><ele>277.6</ele></trkpt>
      <trkpt lat="50.17784" lon="18.573833"><ele>277.6</ele></trkpt>
      <trkpt lat="50.177855" lon="18.573788"><ele>277.6</ele></trkpt>
      <trkpt lat="50.177875" lon="18.573753"><ele>277.6</ele></trkpt>
      <trkpt lat="50.177893" lon="18.573717"><ele>277.4</ele></trkpt>
      <trkpt lat="50.17791" lon="18.573678"><ele>277.4</ele></trkpt>
      <trkpt lat="50.177925" lon="18.57364"><ele>277.4</ele></trkpt>
      <trkpt lat="50.177938" lon="18.573603"><ele>277.4</ele></trkpt>
      <trkpt lat="50.177958" lon="18.573573"><ele>277.4</ele></trkpt>
      <trkpt lat="50.177977" lon="18.573535"><ele>277.4</ele></trkpt>
      <trkpt lat="50.17799" lon="18.573497"><ele>277.4</ele></trkpt>
      <trkpt lat="50.178" lon="18.57346"><ele>277.4</ele></trkpt>
      <trkpt lat="50.178008" lon="18.573428"><ele>277.4</ele></trkpt>
      <trkpt lat="50.178015" lon="18.573397"><ele>277.6</ele></trkpt>
      <trkpt lat="50.178015" lon="18.573355"><ele>277.6</ele></trkpt>
      <trkpt lat="50.178025" lon="18.57331"><ele>277.6</ele></trkpt>
      <trkpt lat="50.178028" lon="18.57327"><ele>277.8</ele></trkpt>
      <trkpt lat="50.178032" lon="18.573227"><ele>277.8</ele></trkpt>
      <trkpt lat="50.178035" lon="18.573192"><ele>277.8</ele></trkpt>
      <trkpt lat="50.178043" lon="18.573165"><ele>278.0</ele></trkpt>
      <trkpt lat="50.17805" lon="18.573138"><ele>278.2</ele></trkpt>
      <trkpt lat="50.178067" lon="18.57308"><ele>278.6</ele></trkpt>
      <trkpt lat="50.178077" lon="18.573038"><ele>278.8</ele></trkpt>
      <trkpt lat="50.178092" lon="18.573"><ele>279.0</ele></trkpt>
      <trkpt lat="50.178108" lon="18.57296"><ele>279.2</ele></trkpt>
      <trkpt lat="50.178123" lon="18.572918"><ele>279.4</ele></trkpt>
      <trkpt lat="50.178137" lon="18.57288"><ele>279.6</ele></trkpt>
      <trkpt lat="50.178147" lon="18.572842"><ele>279.8</ele></trkpt>
      <trkpt lat="50.178153" lon="18.5728"><ele>280.0</ele></trkpt>
      <trkpt lat="50.178162" lon="18.572755"><ele>280.4</ele></trkpt>
      <trkpt lat="50.178168" lon="18.572713"><ele>280.6</ele></trkpt>
      <trkpt lat="50.178175" lon="18.572672"><ele>280.6</ele></trkpt>
      <trkpt lat="50.178185" lon="18.572625"><ele>281.0</ele></trkpt>
      <trkpt lat="50.178192" lon="18.572582"><ele>281.2</ele></trkpt>
      <trkpt lat="50.178195" lon="18.572532"><ele>281.4</ele></trkpt>
      <trkpt lat="50.178198" lon="18.57248"><ele>281.6</ele></trkpt>
      <trkpt lat="50.17821" lon="18.572425"><ele>281.6</ele></trkpt>
      <trkpt lat="50.178223" lon="18.572382"><ele>281.8</ele></trkpt>
      <trkpt lat="50.17823" lon="18.572332"><ele>282.0</ele></trkpt>
      <trkpt lat="50.178242" lon="18.572283"><ele>282.0</ele></trkpt>
      <trkpt lat="50.178262" lon="18.572237"><ele>282.2</ele></trkpt>
      <trkpt lat="50.178275" lon="18.572188"><ele>282.2</ele></trkpt>
      <trkpt lat="50.17829" lon="18.572147"><ele>282.2</ele></trkpt>
      <trkpt lat="50.178307" lon="18.572103"><ele>282.4</ele></trkpt>
      <trkpt lat="50.178317" lon="18.572063"><ele>282.4</ele></trkpt>
      <trkpt lat="50.178328" lon="18.572017"><ele>282.4</ele></trkpt>
      <trkpt lat="50.178342" lon="18.57197"><ele>282.6</ele></trkpt>
      <trkpt lat="50.178358" lon="18.571923"><ele>282.6</ele></trkpt>
      <trkpt lat="50.178373" lon="18.571875"><ele>282.6</ele></trkpt>
      <trkpt lat="50.17839" lon="18.57183"><ele>282.8</ele></trkpt>
      <trkpt lat="50.178408" lon="18.571792"><ele>282.8</ele></trkpt>
      <trkpt lat="50.178415" lon="18.571748"><ele>282.8</ele></trkpt>
      <trkpt lat="50.178425" lon="18.57171"><ele>283.0</ele></trkpt>
      <trkpt lat="50.178435" lon="18.57167"><ele>283.0</ele></trkpt>
      <trkpt lat="50.17844" lon="18.57162"><ele>283.0</ele></trkpt>
      <trkpt lat="50.178443" lon="18.571567"><ele>283.2</ele></trkpt>
      <trkpt lat="50.178447" lon="18.57152"><ele>283.2</ele></trkpt>
      <trkpt lat="50.178453" lon="18.571475"><ele>283.2</ele></trkpt>
      <trkpt lat="50.178467" lon="18.571433"><ele>283.2</ele></trkpt>
      <trkpt lat="50.178473" lon="18.57139"><ele>283.2</ele></trkpt>
      <trkpt lat="50.178482" lon="18.57134"><ele>283.2</ele></trkpt>
      <trkpt lat="50.178492" lon="18.571292"><ele>283.2</ele></trkpt>
      <trkpt lat="50.178505" lon="18.57125"><ele>283.2</ele></trkpt>
      <trkpt lat="50.178508" lon="18.571212"><ele>283.2</ele></trkpt>
      <trkpt lat="50.17852" lon="18.571182"><ele>283.4</ele></trkpt>
      <trkpt lat="50.178533" lon="18.571153"><ele>283.4</ele></trkpt>
      <trkpt lat="50.178543" lon="18.571107"><ele>283.4</ele></trkpt>
      <trkpt lat="50.17855" lon="18.571057"><ele>283.6</ele></trkpt>
      <trkpt lat="50.178557" lon="18.571007"><ele>283.6</ele></trkpt>
      <trkpt lat="50.178568" lon="18.570958"><ele>283.6</ele></trkpt>
      <trkpt lat="50.178572" lon="18.570913"><ele>283.8</ele></trkpt>
      <trkpt lat="50.178582" lon="18.570867"><ele>283.8</ele></trkpt>
      <trkpt lat="50.178592" lon="18.570823"><ele>284.0</ele></trkpt>
      <trkpt lat="50.1786" lon="18.570782"><ele>284.0</ele></trkpt>
      <trkpt lat="50.17861" lon="18.570737"><ele>284.2</ele></trkpt>
      <trkpt lat="50.17862" lon="18.570688"><ele>284.2</ele></trkpt>
      <trkpt lat="50.178627" lon="18.570643"><ele>284.2</ele></trkpt>
      <trkpt lat="50.178633" lon="18.5706"><ele>284.4</ele></trkpt>
      <trkpt lat="50.178642" lon="18.570557"><ele>284.4</ele></trkpt>
      <trkpt lat="50.178652" lon="18.57051"><ele>284.4</ele></trkpt>
      <trkpt lat="50.178665" lon="18.570455"><ele>284.6</ele></trkpt>
      <trkpt lat="50.178683" lon="18.570403"><ele>284.6</ele></trkpt>
      <trkpt lat="50.178703" lon="18.570338"><ele>284.6</ele></trkpt>
      <trkpt lat="50.178713" lon="18.570285"><ele>284.6</ele></trkpt>
      <trkpt lat="50.178722" lon="18.570233"><ele>284.8</ele></trkpt>
      <trkpt lat="50.178728" lon="18.57018"><ele>284.6</ele></trkpt>
      <trkpt lat="50.178738" lon="18.570127"><ele>284.6</ele></trkpt>
      <trkpt lat="50.178752" lon="18.570073"><ele>284.6</ele></trkpt>
      <trkpt lat="50.178767" lon="18.57002"><ele>284.6</ele></trkpt>
      <trkpt lat="50.178783" lon="18.569968"><ele>284.6</ele></trkpt>
      <trkpt lat="50.178793" lon="18.569915"><ele>284.6</ele></trkpt>
      <trkpt lat="50.178805" lon="18.56986"><ele>284.4</ele></trkpt>
      <trkpt lat="50.178822" lon="18.56981"><ele>284.4</ele></trkpt>
      <trkpt lat="50.178838" lon="18.56977"><ele>284.4</ele></trkpt>
      <trkpt lat="50.17885" lon="18.569728"><ele>284.4</ele></trkpt>
      <trkpt lat="50.17886" lon="18.569682"><ele>284.2</ele></trkpt>
      <trkpt lat="50.178867" lon="18.569633"><ele>284.2</ele></trkpt>
      <trkpt lat="50.17887" lon="18.569582"><ele>284.2</ele></trkpt>
      <trkpt lat="50.178885" lon="18.569532"><ele>284.2</ele></trkpt>
      <trkpt lat="50.178898" lon="18.569482"><ele>284.2</ele></trkpt>
      <trkpt lat="50.178908" lon="18.569435"><ele>284.2</ele></trkpt>
      <trkpt lat="50.178918" lon="18.569378"><ele>284.4</ele></trkpt>
      <trkpt lat="50.178927" lon="18.569328"><ele>284.2</ele></trkpt>
      <trkpt lat="50.178937" lon="18.569283"><ele>284.4</ele></trkpt>
      <trkpt lat="50.178947" lon="18.56924"><ele>284.4</ele></trkpt>
      <trkpt lat="50.178962" lon="18.569188"><ele>284.4</ele></trkpt>
      <trkpt lat="50.178972" lon="18.569137"><ele>284.4</ele></trkpt>
      <trkpt lat="50.178992" lon="18.569083"><ele>284.4</ele></trkpt>
      <trkpt lat="50.179007" lon="18.56903"><ele>284.4</ele></trkpt>
      <trkpt lat="50.17902" lon="18.568972"><ele>284.4</ele></trkpt>
      <trkpt lat="50.179023" lon="18.568912"><ele>284.6</ele></trkpt>
      <trkpt lat="50.179033" lon="18.568857"><ele>284.4</ele></trkpt>
      <trkpt lat="50.179045" lon="18.568797"><ele>284.6</ele></trkpt>
      <trkpt lat="50.179062" lon="18.56874"><ele>284.6</ele></trkpt>
      <trkpt lat="50.179078" lon="18.568687"><ele>284.6</ele></trkpt>
      <trkpt lat="50.179097" lon="18.568632"><ele>284.6</ele></trkpt>
      <trkpt lat="50.179107" lon="18.568573"><ele>284.6</ele></trkpt>
      <trkpt lat="50.179125" lon="18.568515"><ele>284.8</ele></trkpt>
      <trkpt lat="50.179138" lon="18.56846"><ele>284.8</ele></trkpt>
      <trkpt lat="50.179152" lon="18.568403"><ele>284.8</ele></trkpt>
      <trkpt lat="50.179163" lon="18.568352"><ele>284.8</ele></trkpt>
      <trkpt lat="50.17918" lon="18.568297"><ele>284.8</ele></trkpt>
      <trkpt lat="50.179197" lon="18.568242"><ele>284.8</ele></trkpt>
      <trkpt lat="50.179205" lon="18.568187"><ele>284.8</ele></trkpt>
      <trkpt lat="50.179218" lon="18.568137"><ele>284.6</ele></trkpt>
      <trkpt lat="50.179243" lon="18.568028"><ele>284.6</ele></trkpt>
      <trkpt lat="50.179263" lon="18.567977"><ele>284.6</ele></trkpt>
      <trkpt lat="50.17928" lon="18.567925"><ele>284.6</ele></trkpt>
      <trkpt lat="50.179295" lon="18.567873"><ele>284.6</ele></trkpt>
      <trkpt lat="50.179308" lon="18.567815"><ele>284.6</ele></trkpt>
      <trkpt lat="50.179323" lon="18.567763"><ele>284.6</ele></trkpt>
      <trkpt lat="50.17934" lon="18.567712"><ele>284.6</ele></trkpt>
      <trkpt lat="50.17936" lon="18.567665"><ele>284.4</ele></trkpt>
      <trkpt lat="50.179375" lon="18.567618"><ele>284.4</ele></trkpt>
      <trkpt lat="50.179388" lon="18.567568"><ele>284.4</ele></trkpt>
      <trkpt lat="50.179403" lon="18.567512"><ele>284.4</ele></trkpt>
      <trkpt lat="50.17942" lon="18.567458"><ele>284.4</ele></trkpt>
      <trkpt lat="50.179437" lon="18.567402"><ele>284.4</ele></trkpt>
      <trkpt lat="50.179445" lon="18.567348"><ele>284.2</ele></trkpt>
      <trkpt lat="50.179462" lon="18.567293"><ele>284.2</ele></trkpt>
      <trkpt lat="50.179478" lon="18.567242"><ele>284.2</ele></trkpt>
      <trkpt lat="50.179487" lon="18.56719"><ele>284.2</ele></trkpt>
      <trkpt lat="50.179493" lon="18.567135"><ele>284.2</ele></trkpt>
      <trkpt lat="50.179497" lon="18.567082"><ele>284.2</ele></trkpt>
      <trkpt lat="50.179497" lon="18.567032"><ele>284.2</ele></trkpt>
      <trkpt lat="50.179497" lon="18.566978"><ele>284.4</ele></trkpt>
      <trkpt lat="50.1795" lon="18.56692"><ele>284.4</ele></trkpt>
      <trkpt lat="50.179507" lon="18.566865"><ele>284.6</ele></trkpt>
      <trkpt lat="50.179517" lon="18.566815"><ele>284.6</ele></trkpt>
      <trkpt lat="50.179522" lon="18.56677"><ele>284.8</ele></trkpt>
      <trkpt lat="50.179525" lon="18.566718"><ele>285.0</ele></trkpt>
      <trkpt lat="50.179535" lon="18.566668"><ele>285.0</ele></trkpt>
      <trkpt lat="50.179538" lon="18.566613"><ele>285.2</ele></trkpt>
      <trkpt lat="50.179542" lon="18.566558"><ele>285.4</ele></trkpt>
      <trkpt lat="50.179545" lon="18.566508"><ele>285.6</ele></trkpt>
      <trkpt lat="50.179555" lon="18.56646"><ele>285.6</ele></trkpt>
      <trkpt lat="50.17956" lon="18.566415"><ele>285.8</ele></trkpt>
      <trkpt lat="50.179563" lon="18.56636"><ele>286.0</ele></trkpt>
      <trkpt lat="50.179567" lon="18.566305"><ele>286.0</ele></trkpt>
      <trkpt lat="50.179567" lon="18.566245"><ele>286.2</ele></trkpt>
      <trkpt lat="50.179567" lon="18.566188"><ele>286.4</ele></trkpt>
      <trkpt lat="50.179567" lon="18.566132"><ele>286.6</ele></trkpt>
      <trkpt lat="50.179573" lon="18.56608"><ele>286.6</ele></trkpt>
      <trkpt lat="50.17958" lon="18.56603"><ele>286.8</ele></trkpt>
      <trkpt lat="50.179583" lon="18.565983"><ele>286.8</ele></trkpt>
      <trkpt lat="50.179587" lon="18.565937"><ele>287.0</ele></trkpt>
      <trkpt lat="50.179587" lon="18.565892"><ele>287.2</ele></trkpt>
      <trkpt lat="50.179577" lon="18.565835"><ele>287.2</ele></trkpt>
      <trkpt lat="50.17958" lon="18.565782"><ele>287.4</ele></trkpt>
      <trkpt lat="50.179587" lon="18.56573"><ele>287.4</ele></trkpt>
      <trkpt lat="50.179593" lon="18.565675"><ele>287.6</ele></trkpt>
      <trkpt lat="50.1796" lon="18.56562"><ele>287.6</ele></trkpt>
      <trkpt lat="50.179602" lon="18.565562"><ele>287.6</ele></trkpt>
      <trkpt lat="50.179602" lon="18.565503"><ele>287.8</ele></trkpt>
      <trkpt lat="50.179602" lon="18.565437"><ele>287.8</ele></trkpt>
      <trkpt lat="50.179605" lon="18.56538"><ele>287.8</ele></trkpt>
      <trkpt lat="50.179612" lon="18.56533"><ele>287.8</ele></trkpt>
      <trkpt lat="50.179618" lon="18.565282"><ele>287.8</ele></trkpt>
      <trkpt lat="50.179622" lon="18.565237"><ele>287.8</ele></trkpt>
      <trkpt lat="50.179625" lon="18.565187"><ele>287.8</ele></trkpt>
      <trkpt lat="50.179628" lon="18.565135"><ele>287.6</ele></trkpt>
      <trkpt lat="50.179635" lon="18.565082"><ele>287.6</ele></trkpt>
      <trkpt lat="50.179638" lon="18.565028"><ele>287.6</ele></trkpt>
      <trkpt lat="50.17964" lon="18.564977"><ele>287.6</ele></trkpt>
      <trkpt lat="50.179643" lon="18.564925"><ele>287.6</ele></trkpt>
      <trkpt lat="50.179647" lon="18.56488"><ele>287.4</ele></trkpt>
      <trkpt lat="50.179653" lon="18.564822"><ele>287.4</ele></trkpt>
      <trkpt lat="50.179657" lon="18.564767"><ele>287.4</ele></trkpt>
      <trkpt lat="50.17966" lon="18.564712"><ele>287.2</ele></trkpt>
      <trkpt lat="50.179667" lon="18.564665"><ele>287.2</ele></trkpt>
      <trkpt lat="50.17968" lon="18.56462"><ele>287.2</ele></trkpt>
      <trkpt lat="50.179682" lon="18.564572"><ele>287.0</ele></trkpt>
      <trkpt lat="50.179695" lon="18.564522"><ele>287.0</ele></trkpt>
      <trkpt lat="50.179695" lon="18.564472"><ele>287.0</ele></trkpt>
      <trkpt lat="50.179698" lon="18.56436"><ele>286.8</ele></trkpt>
      <trkpt lat="50.179702" lon="18.564305"><ele>286.8</ele></trkpt>
      <trkpt lat="50.179715" lon="18.564253"><ele>286.8</ele></trkpt>
      <trkpt lat="50.179718" lon="18.564205"><ele>286.8</ele></trkpt>
      <trkpt lat="50.179723" lon="18.564152"><ele>286.8</ele></trkpt>
      <trkpt lat="50.179737" lon="18.564095"><ele>286.8</ele></trkpt>
      <trkpt lat="50.17974" lon="18.564043"><ele>286.8</ele></trkpt>
      <trkpt lat="50.179747" lon="18.563993"><ele>286.8</ele></trkpt>
      <trkpt lat="50.179753" lon="18.563935"><ele>286.8</ele></trkpt>
      <trkpt lat="50.17976" lon="18.563882"><ele>286.8</ele></trkpt>
      <trkpt lat="50.179762" lon="18.563828"><ele>286.8</ele></trkpt>
      <trkpt lat="50.179772" lon="18.563773"><ele>286.8</ele></trkpt>
      <trkpt lat="50.179782" lon="18.563718"><ele>286.8</ele></trkpt>
      <trkpt lat="50.179792" lon="18.563667"><ele>287.0</ele></trkpt>
      <trkpt lat="50.179803" lon="18.563617"><ele>287.0</ele></trkpt>
      <trkpt lat="50.179813" lon="18.563567"><ele>287.0</ele></trkpt>
      <trkpt lat="50.17982" lon="18.563513"><ele>287.2</ele></trkpt>
      <trkpt lat="50.179817" lon="18.563458"><ele>287.2</ele></trkpt>
      <trkpt lat="50.179817" lon="18.56341"><ele>287.4</ele></trkpt>
      <trkpt lat="50.179827" lon="18.563308"><ele>287.4</ele></trkpt>
      <trkpt lat="50.179837" lon="18.563262"><ele>287.4</ele></trkpt>
      <trkpt lat="50.17984" lon="18.563217"><ele>287.6</ele></trkpt>
      <trkpt lat="50.17984" lon="18.563172"><ele>287.8</ele></trkpt>
      <trkpt lat="50.179842" lon="18.563122"><ele>287.8</ele></trkpt>
      <trkpt lat="50.179845" lon="18.56308"><ele>288.0</ele></trkpt>
      <trkpt lat="50.179842" lon="18.563028"><ele>288.0</ele></trkpt>
      <trkpt lat="50.179852" lon="18.562973"><ele>288.2</ele></trkpt>
      <trkpt lat="50.179858" lon="18.56292"><ele>288.2</ele></trkpt>
      <trkpt lat="50.179865" lon="18.562868"><ele>288.4</ele></trkpt>
      <trkpt lat="50.179878" lon="18.562813"><ele>288.4</ele></trkpt>
      <trkpt lat="50.179883" lon="18.562763"><ele>288.4</ele></trkpt>
      <trkpt lat="50.179893" lon="18.562722"><ele>288.6</ele></trkpt>
      <trkpt lat="50.179897" lon="18.562677"><ele>288.8</ele></trkpt>
      <trkpt lat="50.179903" lon="18.562633"><ele>288.8</ele></trkpt>
      <trkpt lat="50.179903" lon="18.562587"><ele>289.0</ele></trkpt>
      <trkpt lat="50.179917" lon="18.562537"><ele>289.0</ele></trkpt>
      <trkpt lat="50.179922" lon="18.562487"><ele>289.2</ele></trkpt>
      <trkpt lat="50.179935" lon="18.562428"><ele>289.2</ele></trkpt>
      <trkpt lat="50.179945" lon="18.562373"><ele>289.2</ele></trkpt>
      <trkpt lat="50.17996" lon="18.56232"><ele>289.4</ele></trkpt>
      <trkpt lat="50.179973" lon="18.562268"><ele>289.4</ele></trkpt>
      <trkpt lat="50.17998" lon="18.56221"><ele>289.2</ele></trkpt>
      <trkpt lat="50.179993" lon="18.562158"><ele>289.2</ele></trkpt>
      <trkpt lat="50.180002" lon="18.562103"><ele>289.2</ele></trkpt>
      <trkpt lat="50.180018" lon="18.562045"><ele>289.0</ele></trkpt>
      <trkpt lat="50.180038" lon="18.562"><ele>289.0</ele></trkpt>
      <trkpt lat="50.180053" lon="18.561942"><ele>288.8</ele></trkpt>
      <trkpt lat="50.180063" lon="18.56189"><ele>288.8</ele></trkpt>
      <trkpt lat="50.180063" lon="18.56184"><ele>288.6</ele></trkpt>
      <trkpt lat="50.180077" lon="18.561793"><ele>288.4</ele></trkpt>
      <trkpt lat="50.180082" lon="18.561743"><ele>288.2</ele></trkpt>
      <trkpt lat="50.180095" lon="18.561698"><ele>288.0</ele></trkpt>
      <trkpt lat="50.180102" lon="18.561642"><ele>287.8</ele></trkpt>
      <trkpt lat="50.180112" lon="18.561583"><ele>287.6</ele></trkpt>
      <trkpt lat="50.18012" lon="18.561528"><ele>287.6</ele></trkpt>
      <trkpt lat="50.18013" lon="18.561472"><ele>287.4</ele></trkpt>
      <trkpt lat="50.18014" lon="18.561422"><ele>287.2</ele></trkpt>
      <trkpt lat="50.180153" lon="18.561368"><ele>287.2</ele></trkpt>
      <trkpt lat="50.18016" lon="18.561317"><ele>287.0</ele></trkpt>
      <trkpt lat="50.180172" lon="18.561265"><ele>286.8</ele></trkpt>
      <trkpt lat="50.180175" lon="18.561217"><ele>286.8</ele></trkpt>
      <trkpt lat="50.180182" lon="18.561172"><ele>286.6</ele></trkpt>
      <trkpt lat="50.180188" lon="18.561127"><ele>286.6</ele></trkpt>
      <trkpt lat="50.180198" lon="18.56108"><ele>286.4</ele></trkpt>
      <trkpt lat="50.180217" lon="18.561027"><ele>286.2</ele></trkpt>
      <trkpt lat="50.180223" lon="18.560973"><ele>286.0</ele></trkpt>
      <trkpt lat="50.180237" lon="18.560922"><ele>285.8</ele></trkpt>
      <trkpt lat="50.180242" lon="18.560875"><ele>285.6</ele></trkpt>
      <trkpt lat="50.180255" lon="18.56082"><ele>285.4</ele></trkpt>
      <trkpt lat="50.180262" lon="18.560763"><ele>285.4</ele></trkpt>
      <trkpt lat="50.180272" lon="18.560708"><ele>285.2</ele></trkpt>
      <trkpt lat="50.180272" lon="18.560643"><ele>285.0</ele></trkpt>
      <trkpt lat="50.18028" lon="18.56059"><ele>284.8</ele></trkpt>
      <trkpt lat="50.180287" lon="18.56054"><ele>284.6</ele></trkpt>
      <trkpt lat="50.180293" lon="18.560485"><ele>284.4</ele></trkpt>
      <trkpt lat="50.1803" lon="18.56043"><ele>284.4</ele></trkpt>
      <trkpt lat="50.180313" lon="18.560382"><ele>284.2</ele></trkpt>
      <trkpt lat="50.180317" lon="18.56033"><ele>284.2</ele></trkpt>
      <trkpt lat="50.180322" lon="18.56028"><ele>284.0</ele></trkpt>
      <trkpt lat="50.180328" lon="18.560222"><ele>284.0</ele></trkpt>
      <trkpt lat="50.180332" lon="18.560168"><ele>283.8</ele></trkpt>
      <trkpt lat="50.180338" lon="18.560113"><ele>283.8</ele></trkpt>
      <trkpt lat="50.180348" lon="18.560062"><ele>283.6</ele></trkpt>
      <trkpt lat="50.180352" lon="18.56001"><ele>283.6</ele></trkpt>
      <trkpt lat="50.180367" lon="18.559957"><ele>283.4</ele></trkpt>
      <trkpt lat="50.18038" lon="18.559903"><ele>283.4</ele></trkpt>
      <trkpt lat="50.180393" lon="18.559852"><ele>283.2</ele></trkpt>
      <trkpt lat="50.180412" lon="18.5598"><ele>283.0</ele></trkpt>
      <trkpt lat="50.180428" lon="18.559747"><ele>283.0</ele></trkpt>
      <trkpt lat="50.180438" lon="18.559692"><ele>282.8</ele></trkpt>
      <trkpt lat="50.180453" lon="18.559637"><ele>282.8</ele></trkpt>
      <trkpt lat="50.18047" lon="18.559583"><ele>282.6</ele></trkpt>
      <trkpt lat="50.180482" lon="18.559528"><ele>282.6</ele></trkpt>
      <trkpt lat="50.180498" lon="18.559475"><ele>282.6</ele></trkpt>
      <trkpt lat="50.180518" lon="18.559428"><ele>282.4</ele></trkpt>
      <trkpt lat="50.180533" lon="18.559387"><ele>282.4</ele></trkpt>
      <trkpt lat="50.180553" lon="18.55934"><ele>282.4</ele></trkpt>
      <trkpt lat="50.180572" lon="18.559295"><ele>282.2</ele></trkpt>
      <trkpt lat="50.180588" lon="18.55925"><ele>282.2</ele></trkpt>
      <trkpt lat="50.180607" lon="18.559198"><ele>282.2</ele></trkpt>
      <trkpt lat="50.18062" lon="18.559147"><ele>282.2</ele></trkpt>
      <trkpt lat="50.18064" lon="18.559092"><ele>282.2</ele></trkpt>
      <trkpt lat="50.180655" lon="18.55904"><ele>282.2</ele></trkpt>
      <trkpt lat="50.180675" lon="18.558993"><ele>282.2</ele></trkpt>
      <trkpt lat="50.180693" lon="18.558953"><ele>282.2</ele></trkpt>
      <trkpt lat="50.180713" lon="18.558907"><ele>282.2</ele></trkpt>
      <trkpt lat="50.180728" lon="18.558863"><ele>282.2</ele></trkpt>
      <trkpt lat="50.180745" lon="18.558823"><ele>282.2</ele></trkpt>
      <trkpt lat="50.180758" lon="18.558777"><ele>282.2</ele></trkpt>
      <trkpt lat="50.180777" lon="18.558728"><ele>282.2</ele></trkpt>
      <trkpt lat="50.180797" lon="18.558688"><ele>282.0</ele></trkpt>
      <trkpt lat="50.180805" lon="18.558643"><ele>282.0</ele></trkpt>
      <trkpt lat="50.180815" lon="18.558612"><ele>282.0</ele></trkpt>
      <trkpt lat="50.180825" lon="18.55857"><ele>282.0</ele></trkpt>
      <trkpt lat="50.180835" lon="18.558528"><ele>281.8</ele></trkpt>
      <trkpt lat="50.18085" lon="18.558483"><ele>281.8</ele></trkpt>
      <trkpt lat="50.18087" lon="18.558432"><ele>281.8</ele></trkpt>
      <trkpt lat="50.180892" lon="18.558385"><ele>281.8</ele></trkpt>
      <trkpt lat="50.180912" lon="18.55834"><ele>281.8</ele></trkpt>
      <trkpt lat="50.180923" lon="18.558287"><ele>281.8</ele></trkpt>
      <trkpt lat="50.180937" lon="18.558242"><ele>281.6</ele></trkpt>
      <trkpt lat="50.180943" lon="18.558193"><ele>281.6</ele></trkpt>
      <trkpt lat="50.180937" lon="18.558142"><ele>281.6</ele></trkpt>
      <trkpt lat="50.180923" lon="18.558097"><ele>281.6</ele></trkpt>
      <trkpt lat="50.180908" lon="18.558067"><ele>281.4</ele></trkpt>
      <trkpt lat="50.180888" lon="18.558045"><ele>281.4</ele></trkpt>
      <trkpt lat="50.180867" lon="18.558045"><ele>281.4</ele></trkpt>
      <trkpt lat="50.180843" lon="18.558055"><ele>281.4</ele></trkpt>
      <trkpt lat="50.180815" lon="18.558063"><ele>281.4</ele></trkpt>
      <trkpt lat="50.180797" lon="18.558073"><ele>281.2</ele></trkpt>
      <trkpt lat="50.180777" lon="18.558078"><ele>281.2</ele></trkpt>
      <trkpt lat="50.180755" lon="18.558087"><ele>281.0</ele></trkpt>
      <trkpt lat="50.180735" lon="18.558093"><ele>281.0</ele></trkpt>
      <trkpt lat="50.18071" lon="18.558105"><ele>280.8</ele></trkpt>
      <trkpt lat="50.180678" lon="18.558108"><ele>280.8</ele></trkpt>
      <trkpt lat="50.180655" lon="18.558108"><ele>280.6</ele></trkpt>
      <trkpt lat="50.18063" lon="18.558113"><ele>280.6</ele></trkpt>
      <trkpt lat="50.180613" lon="18.558127"><ele>280.4</ele></trkpt>
      <trkpt lat="50.180592" lon="18.558145"><ele>280.4</ele></trkpt>
      <trkpt lat="50.180565" lon="18.558168"><ele>280.0</ele></trkpt>
      <trkpt lat="50.18054" lon="18.558187"><ele>280.0</ele></trkpt>
      <trkpt lat="50.18052" lon="18.558202"><ele>279.8</ele></trkpt>
      <trkpt lat="50.180498" lon="18.558215"><ele>279.6</ele></trkpt>
      <trkpt lat="50.18048" lon="18.558223"><ele>279.6</ele></trkpt>
      <trkpt lat="50.18046" lon="18.558233"><ele>279.4</ele></trkpt>
      <trkpt lat="50.180435" lon="18.55825"><ele>279.2</ele></trkpt>
      <trkpt lat="50.180408" lon="18.558267"><ele>279.0</ele></trkpt>
      <trkpt lat="50.180377" lon="18.55829"><ele>278.8</ele></trkpt>
      <trkpt lat="50.180342" lon="18.558313"><ele>278.8</ele></trkpt>
      <trkpt lat="50.180313" lon="18.558315"><ele>278.4</ele></trkpt>
      <trkpt lat="50.180287" lon="18.558315"><ele>278.2</ele></trkpt>
      <trkpt lat="50.180255" lon="18.55832"><ele>278.0</ele></trkpt>
      <trkpt lat="50.180223" lon="18.558323"><ele>277.8</ele></trkpt>
      <trkpt lat="50.180198" lon="18.558333"><ele>277.6</ele></trkpt>
      <trkpt lat="50.180175" lon="18.558352"><ele>277.4</ele></trkpt>
      <trkpt lat="50.18015" lon="18.55836"><ele>277.2</ele></trkpt>
      <trkpt lat="50.180118" lon="18.558372"><ele>277.0</ele></trkpt>
      <trkpt lat="50.180088" lon="18.558383"><ele>276.8</ele></trkpt>
      <trkpt lat="50.180063" lon="18.558392"><ele>276.6</ele></trkpt>
      <trkpt lat="50.180038" lon="18.5584"><ele>276.4</ele></trkpt>
      <trkpt lat="50.180015" lon="18.558412"><ele>276.2</ele></trkpt>
      <trkpt lat="50.17999" lon="18.55843"><ele>275.8</ele></trkpt>
      <trkpt lat="50.17996" lon="18.558442"><ele>275.6</ele></trkpt>
      <trkpt lat="50.179938" lon="18.558457"><ele>275.4</ele></trkpt>
      <trkpt lat="50.179913" lon="18.558475"><ele>275.2</ele></trkpt>
      <trkpt lat="50.179883" lon="18.558485"><ele>274.8</ele></trkpt>
      <trkpt lat="50.179855" lon="18.558495"><ele>274.6</ele></trkpt>
      <trkpt lat="50.179827" lon="18.558505"><ele>274.4</ele></trkpt>
      <trkpt lat="50.179803" lon="18.558513"><ele>274.2</ele></trkpt>
      <trkpt lat="50.179782" lon="18.558517"><ele>274.0</ele></trkpt>
      <trkpt lat="50.179757" lon="18.55852"><ele>273.8</ele></trkpt>
      <trkpt lat="50.17972" lon="18.558525"><ele>273.6</ele></trkpt>
      <trkpt lat="50.179695" lon="18.558533"><ele>273.4</ele></trkpt>
      <trkpt lat="50.179667" lon="18.558545"><ele>273.2</ele></trkpt>
      <trkpt lat="50.17964" lon="18.558555"><ele>273.0</ele></trkpt>
      <trkpt lat="50.179612" lon="18.55857"><ele>272.8</ele></trkpt>
      <trkpt lat="50.17958" lon="18.558583"><ele>272.8</ele></trkpt>
      <trkpt lat="50.179555" lon="18.558597"><ele>272.6</ele></trkpt>
      <trkpt lat="50.179522" lon="18.558608"><ele>272.4</ele></trkpt>
      <trkpt lat="50.179497" lon="18.558613"><ele>272.2</ele></trkpt>
      <trkpt lat="50.179468" lon="18.558622"><ele>272.2</ele></trkpt>
      <trkpt lat="50.179442" lon="18.558633"><ele>272.0</ele></trkpt>
      <trkpt lat="50.179413" lon="18.55864"><ele>272.0</ele></trkpt>
      <trkpt lat="50.179388" lon="18.55865"><ele>271.8</ele></trkpt>
      <trkpt lat="50.179365" lon="18.558655"><ele>271.8</ele></trkpt>
      <trkpt lat="50.179347" lon="18.558663"><ele>271.6</ele></trkpt>
      <trkpt lat="50.179323" lon="18.558675"><ele>271.6</ele></trkpt>
      <trkpt lat="50.179302" lon="18.558687"><ele>271.6</ele></trkpt>
      <trkpt lat="50.179282" lon="18.558695"><ele>271.4</ele></trkpt>
      <trkpt lat="50.179267" lon="18.558712"><ele>271.4</ele></trkpt>
      <trkpt lat="50.179247" lon="18.558722"><ele>271.4</ele></trkpt>
      <trkpt lat="50.179228" lon="18.558733"><ele>271.4</ele></trkpt>
      <trkpt lat="50.179202" lon="18.558743"><ele>271.6</ele></trkpt>
      <trkpt lat="50.179167" lon="18.558755"><ele>271.6</ele></trkpt>
      <trkpt lat="50.179148" lon="18.558773"><ele>271.6</ele></trkpt>
      <trkpt lat="50.179125" lon="18.558783"><ele>271.6</ele></trkpt>
      <trkpt lat="50.179103" lon="18.5588"><ele>271.6</ele></trkpt>
      <trkpt lat="50.17908" lon="18.558812"><ele>271.6</ele></trkpt>
      <trkpt lat="50.179045" lon="18.55883"><ele>271.6</ele></trkpt>
      <trkpt lat="50.17902" lon="18.55884"><ele>271.6</ele></trkpt>
      <trkpt lat="50.178992" lon="18.558858"><ele>271.6</ele></trkpt>
      <trkpt lat="50.178965" lon="18.558873"><ele>271.6</ele></trkpt>
      <trkpt lat="50.178927" lon="18.558887"><ele>271.6</ele></trkpt>
      <trkpt lat="50.178892" lon="18.558898"><ele>271.6</ele></trkpt>
      <trkpt lat="50.178863" lon="18.558913"><ele>271.6</ele></trkpt>
      <trkpt lat="50.178838" lon="18.55893"><ele>271.6</ele></trkpt>
      <trkpt lat="50.178793" lon="18.55895"><ele>271.6</ele></trkpt>
      <trkpt lat="50.178755" lon="18.55896"><ele>271.6</ele></trkpt>
      <trkpt lat="50.178718" lon="18.558968"><ele>271.4</ele></trkpt>
      <trkpt lat="50.17869" lon="18.558975"><ele>271.4</ele></trkpt>
      <trkpt lat="50.178665" lon="18.558983"><ele>271.2</ele></trkpt>
      <trkpt lat="50.178642" lon="18.558993"><ele>271.2</ele></trkpt>
      <trkpt lat="50.17862" lon="18.559"><ele>271.2</ele></trkpt>
      <trkpt lat="50.1786" lon="18.559005"><ele>271.0</ele></trkpt>
      <trkpt lat="50.178575" lon="18.559012"><ele>271.0</ele></trkpt>
      <trkpt lat="50.17852" lon="18.55904"><ele>270.8</ele></trkpt>
      <trkpt lat="50.178492" lon="18.55905"><ele>270.8</ele></trkpt>
      <trkpt lat="50.178473" lon="18.559065"><ele>270.6</ele></trkpt>
      <trkpt lat="50.178447" lon="18.559078"><ele>270.6</ele></trkpt>
      <trkpt lat="50.178422" lon="18.559095"><ele>270.4</ele></trkpt>
      <trkpt lat="50.17839" lon="18.5591"><ele>270.4</ele></trkpt>
      <trkpt lat="50.178358" lon="18.559115"><ele>270.2</ele></trkpt>
      <trkpt lat="50.178332" lon="18.559125"><ele>270.2</ele></trkpt>
      <trkpt lat="50.17829" lon="18.559137"><ele>270.0</ele></trkpt>
      <trkpt lat="50.178265" lon="18.559145"><ele>270.0</ele></trkpt>
      <trkpt lat="50.178242" lon="18.559157"><ele>269.8</ele></trkpt>
      <trkpt lat="50.178213" lon="18.559165"><ele>269.8</ele></trkpt>
      <trkpt lat="50.178195" lon="18.559178"><ele>269.8</ele></trkpt>
      <trkpt lat="50.178175" lon="18.559192"><ele>269.8</ele></trkpt>
      <trkpt lat="50.178153" lon="18.5592"><ele>269.6</ele></trkpt>
      <trkpt lat="50.178133" lon="18.559207"><ele>269.6</ele></trkpt>
      <trkpt lat="50.178112" lon="18.559222"><ele>269.6</ele></trkpt>
      <trkpt lat="50.178092" lon="18.559235"><ele>269.6</ele></trkpt>
      <trkpt lat="50.17807" lon="18.55924"><ele>269.6</ele></trkpt>
      <trkpt lat="50.178047" lon="18.559243"><ele>269.6</ele></trkpt>
      <trkpt lat="50.178028" lon="18.559253"><ele>269.6</ele></trkpt>
      <trkpt lat="50.178008" lon="18.559267"><ele>269.6</ele></trkpt>
      <trkpt lat="50.17799" lon="18.559278"><ele>269.8</ele></trkpt>
      <trkpt lat="50.177955" lon="18.559297"><ele>269.8</ele></trkpt>
      <trkpt lat="50.177935" lon="18.55931"><ele>269.8</ele></trkpt>
      <trkpt lat="50.177913" lon="18.55932"><ele>270.0</ele></trkpt>
      <trkpt lat="50.177893" lon="18.559323"><ele>270.0</ele></trkpt>
      <trkpt lat="50.177872" lon="18.559328"><ele>270.0</ele></trkpt>
      <trkpt lat="50.177848" lon="18.559337"><ele>270.0</ele></trkpt>
      <trkpt lat="50.17783" lon="18.559347"><ele>270.2</ele></trkpt>
      <trkpt lat="50.177807" lon="18.559355"><ele>270.2</ele></trkpt>
      <trkpt lat="50.177782" lon="18.559365"><ele>270.2</ele></trkpt>
      <trkpt lat="50.17774" lon="18.559387"><ele>270.2</ele></trkpt>
      <trkpt lat="50.177718" lon="18.559393"><ele>270.2</ele></trkpt>
      <trkpt lat="50.177695" lon="18.559398"><ele>270.2</ele></trkpt>
      <trkpt lat="50.177673" lon="18.559405"><ele>270.2</ele></trkpt>
      <trkpt lat="50.177653" lon="18.559412"><ele>270.2</ele></trkpt>
      <trkpt lat="50.177635" lon="18.559417"><ele>270.0</ele></trkpt>
      <trkpt lat="50.1776" lon="18.559433"><ele>270.0</ele></trkpt>
      <trkpt lat="50.17758" lon="18.559442"><ele>269.8</ele></trkpt>
      <trkpt lat="50.177558" lon="18.559453"><ele>269.8</ele></trkpt>
      <trkpt lat="50.177535" lon="18.559465"><ele>269.6</ele></trkpt>
      <trkpt lat="50.177513" lon="18.559475"><ele>269.6</ele></trkpt>
      <trkpt lat="50.177493" lon="18.559482"><ele>269.4</ele></trkpt>
      <trkpt lat="50.177475" lon="18.559493"><ele>269.4</ele></trkpt>
      <trkpt lat="50.177455" lon="18.559503"><ele>269.2</ele></trkpt>
      <trkpt lat="50.177437" lon="18.559507"><ele>269.2</ele></trkpt>
      <trkpt lat="50.177417" lon="18.559508"><ele>269.0</ele></trkpt>
      <trkpt lat="50.177398" lon="18.559517"><ele>269.0</ele></trkpt>
      <trkpt lat="50.177378" lon="18.559532"><ele>268.8</ele></trkpt>
      <trkpt lat="50.177357" lon="18.559547"><ele>268.8</ele></trkpt>
      <trkpt lat="50.17733" lon="18.559563"><ele>268.6</ele></trkpt>
      <trkpt lat="50.177312" lon="18.559575"><ele>268.6</ele></trkpt>
      <trkpt lat="50.177288" lon="18.559585"><ele>268.4</ele></trkpt>
      <trkpt lat="50.17726" lon="18.559592"><ele>268.2</ele></trkpt>
      <trkpt lat="50.177238" lon="18.559598"><ele>268.2</ele></trkpt>
      <trkpt lat="50.177218" lon="18.559605"><ele>268.0</ele></trkpt>
      <trkpt lat="50.177197" lon="18.559615"><ele>267.8</ele></trkpt>
      <trkpt lat="50.177177" lon="18.559627"><ele>267.8</ele></trkpt>
      <trkpt lat="50.177158" lon="18.559637"><ele>267.6</ele></trkpt>
      <trkpt lat="50.177138" lon="18.55965"><ele>267.4</ele></trkpt>
      <trkpt lat="50.177097" lon="18.559675"><ele>267.2</ele></trkpt>
      <trkpt lat="50.177078" lon="18.55968"><ele>267.0</ele></trkpt>
      <trkpt lat="50.177055" lon="18.559682"><ele>266.8</ele></trkpt>
      <trkpt lat="50.177037" lon="18.559692"><ele>266.6</ele></trkpt>
      <trkpt lat="50.17702" lon="18.559707"><ele>266.4</ele></trkpt>
      <trkpt lat="50.176995" lon="18.559718"><ele>266.2</ele></trkpt>
      <trkpt lat="50.176965" lon="18.55973"><ele>265.8</ele></trkpt>
      <trkpt lat="50.176947" lon="18.55974"><ele>265.6</ele></trkpt>
      <trkpt lat="50.176927" lon="18.559753"><ele>265.4</ele></trkpt>
      <trkpt lat="50.176905" lon="18.559767"><ele>265.2</ele></trkpt>
      <trkpt lat="50.176885" lon="18.559775"><ele>265.2</ele></trkpt>
      <trkpt lat="50.176863" lon="18.559787"><ele>264.8</ele></trkpt>
      <trkpt lat="50.17684" lon="18.559802"><ele>264.6</ele></trkpt>
      <trkpt lat="50.176825" lon="18.559815"><ele>264.4</ele></trkpt>
      <trkpt lat="50.1768" lon="18.55983"><ele>264.2</ele></trkpt>
      <trkpt lat="50.17678" lon="18.55984"><ele>264.2</ele></trkpt>
      <trkpt lat="50.176758" lon="18.559842"><ele>263.8</ele></trkpt>
      <trkpt lat="50.176735" lon="18.55985"><ele>263.6</ele></trkpt>
      <trkpt lat="50.176717" lon="18.559862"><ele>263.4</ele></trkpt>
      <trkpt lat="50.176693" lon="18.55987"><ele>263.2</ele></trkpt>
      <trkpt lat="50.176665" lon="18.55988"><ele>263.0</ele></trkpt>
      <trkpt lat="50.176642" lon="18.559883"><ele>262.8</ele></trkpt>
      <trkpt lat="50.176607" lon="18.559895"><ele>262.6</ele></trkpt>
      <trkpt lat="50.176582" lon="18.55991"><ele>262.6</ele></trkpt>
      <trkpt lat="50.176557" lon="18.559922"><ele>262.4</ele></trkpt>
      <trkpt lat="50.176527" lon="18.55993"><ele>262.2</ele></trkpt>
      <trkpt lat="50.176505" lon="18.55994"><ele>261.8</ele></trkpt>
      <trkpt lat="50.176482" lon="18.559953"><ele>261.8</ele></trkpt>
      <trkpt lat="50.176463" lon="18.559963"><ele>261.6</ele></trkpt>
      <trkpt lat="50.176443" lon="18.559973"><ele>261.4</ele></trkpt>
      <trkpt lat="50.176422" lon="18.559978"><ele>261.2</ele></trkpt>
      <trkpt lat="50.1764" lon="18.559983"><ele>261.0</ele></trkpt>
      <trkpt lat="50.17638" lon="18.559995"><ele>260.8</ele></trkpt>
      <trkpt lat="50.17636" lon="18.560003"><ele>260.6</ele></trkpt>
      <trkpt lat="50.176338" lon="18.560012"><ele>260.4</ele></trkpt>
      <trkpt lat="50.176317" lon="18.560013"><ele>260.0</ele></trkpt>
      <trkpt lat="50.176287" lon="18.560018"><ele>260.0</ele></trkpt>
      <trkpt lat="50.176272" lon="18.560032"><ele>259.8</ele></trkpt>
      <trkpt lat="50.176248" lon="18.560048"><ele>259.6</ele></trkpt>
      <trkpt lat="50.176233" lon="18.560062"><ele>259.4</ele></trkpt>
      <trkpt lat="50.176207" lon="18.560083"><ele>259.0</ele></trkpt>
      <trkpt lat="50.176188" lon="18.560093"><ele>258.8</ele></trkpt>
      <trkpt lat="50.176165" lon="18.560102"><ele>258.6</ele></trkpt>
      <trkpt lat="50.17613" lon="18.56012"><ele>258.2</ele></trkpt>
      <trkpt lat="50.176105" lon="18.560138"><ele>258.0</ele></trkpt>
      <trkpt lat="50.17608" lon="18.56016"><ele>257.6</ele></trkpt>
      <trkpt lat="50.176063" lon="18.560183"><ele>257.6</ele></trkpt>
      <trkpt lat="50.17605" lon="18.56021"><ele>257.6</ele></trkpt>
      <trkpt lat="50.17604" lon="18.560235"><ele>257.4</ele></trkpt>
      <trkpt lat="50.176012" lon="18.560268"><ele>257.2</ele></trkpt>
      <trkpt lat="50.175987" lon="18.560293"><ele>257.2</ele></trkpt>
      <trkpt lat="50.17597" lon="18.560308"><ele>257.2</ele></trkpt>
      <trkpt lat="50.175945" lon="18.560317"><ele>257.2</ele></trkpt>
      <trkpt lat="50.175918" lon="18.560278"><ele>257.2</ele></trkpt>
      <trkpt lat="50.175893" lon="18.56025"><ele>257.4</ele></trkpt>
      <trkpt lat="50.175875" lon="18.560235"><ele>257.4</ele></trkpt>
      <trkpt lat="50.175848" lon="18.560238"><ele>257.6</ele></trkpt>
      <trkpt lat="50.175823" lon="18.560247"><ele>257.6</ele></trkpt>
      <trkpt lat="50.175788" lon="18.560257"><ele>257.8</ele></trkpt>
      <trkpt lat="50.175768" lon="18.560267"><ele>257.8</ele></trkpt>
      <trkpt lat="50.17575" lon="18.560273"><ele>257.8</ele></trkpt>
      <trkpt lat="50.175723" lon="18.56028"><ele>258.0</ele></trkpt>
      <trkpt lat="50.175695" lon="18.560288"><ele>258.0</ele></trkpt>
      <trkpt lat="50.175667" lon="18.56031"><ele>258.0</ele></trkpt>
      <trkpt lat="50.175643" lon="18.560337"><ele>258.0</ele></trkpt>
      <trkpt lat="50.175612" lon="18.560352"><ele>258.0</ele></trkpt>
      <trkpt lat="50.175587" lon="18.560353"><ele>258.0</ele></trkpt>
      <trkpt lat="50.175563" lon="18.560367"><ele>258.0</ele></trkpt>
      <trkpt lat="50.175545" lon="18.560378"><ele>258.0</ele></trkpt>
      <trkpt lat="50.175522" lon="18.560388"><ele>258.0</ele></trkpt>
      <trkpt lat="50.175503" lon="18.560393"><ele>257.8</ele></trkpt>
      <trkpt lat="50.175468" lon="18.560412"><ele>257.8</ele></trkpt>
      <trkpt lat="50.175433" lon="18.560428"><ele>257.6</ele></trkpt>
      <trkpt lat="50.175398" lon="18.560442"><ele>257.6</ele></trkpt>
      <trkpt lat="50.175368" lon="18.560458"><ele>257.4</ele></trkpt>
      <trkpt lat="50.17535" lon="18.560472"><ele>257.4</ele></trkpt>
      <trkpt lat="50.175327" lon="18.56048"><ele>257.2</ele></trkpt>
      <trkpt lat="50.175308" lon="18.560485"><ele>257.2</ele></trkpt>
      <trkpt lat="50.175285" lon="18.56049"><ele>257.0</ele></trkpt>
      <trkpt lat="50.175267" lon="18.560502"><ele>257.0</ele></trkpt>
      <trkpt lat="50.175247" lon="18.56051"><ele>256.8</ele></trkpt>
      <trkpt lat="50.175228" lon="18.560517"><ele>256.8</ele></trkpt>
      <trkpt lat="50.1752" lon="18.560532"><ele>256.6</ele></trkpt>
      <trkpt lat="50.17517" lon="18.560557"><ele>256.2</ele></trkpt>
      <trkpt lat="50.175152" lon="18.56056"><ele>256.2</ele></trkpt>
      <trkpt lat="50.17512" lon="18.560565"><ele>256.0</ele></trkpt>
      <trkpt lat="50.1751" lon="18.560565"><ele>255.8</ele></trkpt>
      <trkpt lat="50.175068" lon="18.56058"><ele>255.6</ele></trkpt>
      <trkpt lat="50.175033" lon="18.5606"><ele>255.4</ele></trkpt>
      <trkpt lat="50.17501" lon="18.560603"><ele>255.4</ele></trkpt>
      <trkpt lat="50.174992" lon="18.560603"><ele>255.4</ele></trkpt>
      <trkpt lat="50.174965" lon="18.560603"><ele>255.2</ele></trkpt>
      <trkpt lat="50.17493" lon="18.560608"><ele>255.0</ele></trkpt>
      <trkpt lat="50.174898" lon="18.560617"><ele>255.0</ele></trkpt>
      <trkpt lat="50.174873" lon="18.56062"><ele>254.8</ele></trkpt>
      <trkpt lat="50.174838" lon="18.56063"><ele>254.8</ele></trkpt>
      <trkpt lat="50.174812" lon="18.560632"><ele>254.6</ele></trkpt>
      <trkpt lat="50.174793" lon="18.560643"><ele>254.6</ele></trkpt>
      <trkpt lat="50.174773" lon="18.56065"><ele>253.8</ele></trkpt>
      <trkpt lat="50.174758" lon="18.56067"><ele>253.8</ele></trkpt>
      <trkpt lat="50.174738" lon="18.56069"><ele>253.8</ele></trkpt>
      <trkpt lat="50.174717" lon="18.560717"><ele>253.8</ele></trkpt>
      <trkpt lat="50.17468" lon="18.560738"><ele>254.0</ele></trkpt>
      <trkpt lat="50.174658" lon="18.560753"><ele>254.0</ele></trkpt>
      <trkpt lat="50.174633" lon="18.560748"><ele>254.2</ele></trkpt>
      <trkpt lat="50.174613" lon="18.560757"><ele>254.4</ele></trkpt>
      <trkpt lat="50.174595" lon="18.560763"><ele>254.6</ele></trkpt>
      <trkpt lat="50.174568" lon="18.56078"><ele>254.8</ele></trkpt>
      <trkpt lat="50.174533" lon="18.5608"><ele>255.2</ele></trkpt>
      <trkpt lat="50.174515" lon="18.560805"><ele>255.4</ele></trkpt>
      <trkpt lat="50.17448" lon="18.560823"><ele>255.8</ele></trkpt>
      <trkpt lat="50.174453" lon="18.56083"><ele>256.2</ele></trkpt>
      <trkpt lat="50.174432" lon="18.560842"><ele>256.4</ele></trkpt>
      <trkpt lat="50.174412" lon="18.560855"><ele>256.6</ele></trkpt>
      <trkpt lat="50.17438" lon="18.560887"><ele>257.2</ele></trkpt>
      <trkpt lat="50.174363" lon="18.560902"><ele>257.4</ele></trkpt>
      <trkpt lat="50.174338" lon="18.560917"><ele>257.8</ele></trkpt>
      <trkpt lat="50.17432" lon="18.560923"><ele>258.2</ele></trkpt>
      <trkpt lat="50.174258" lon="18.560933"><ele>258.4</ele></trkpt>
      <trkpt lat="50.174233" lon="18.560932"><ele>258.6</ele></trkpt>
      <trkpt lat="50.174207" lon="18.560935"><ele>259.0</ele></trkpt>
      <trkpt lat="50.174178" lon="18.56096"><ele>259.4</ele></trkpt>
      <trkpt lat="50.174153" lon="18.560962"><ele>259.6</ele></trkpt>
      <trkpt lat="50.174133" lon="18.560972"><ele>259.8</ele></trkpt>
      <trkpt lat="50.174112" lon="18.560982"><ele>260.0</ele></trkpt>
      <trkpt lat="50.174092" lon="18.560987"><ele>260.0</ele></trkpt>
      <trkpt lat="50.174067" lon="18.560995"><ele>260.2</ele></trkpt>
      <trkpt lat="50.174043" lon="18.561012"><ele>260.2</ele></trkpt>
      <trkpt lat="50.174028" lon="18.561027"><ele>260.4</ele></trkpt>
      <trkpt lat="50.173987" lon="18.561063"><ele>260.4</ele></trkpt>
      <trkpt lat="50.17396" lon="18.561067"><ele>260.4</ele></trkpt>
      <trkpt lat="50.173942" lon="18.561077"><ele>260.4</ele></trkpt>
      <trkpt lat="50.173907" lon="18.561083"><ele>260.4</ele></trkpt>
      <trkpt lat="50.173878" lon="18.5611"><ele>260.4</ele></trkpt>
      <trkpt lat="50.173855" lon="18.561107"><ele>260.2</ele></trkpt>
      <trkpt lat="50.17383" lon="18.561113"><ele>260.2</ele></trkpt>
      <trkpt lat="50.173807" lon="18.561118"><ele>260.0</ele></trkpt>
      <trkpt lat="50.173785" lon="18.561132"><ele>260.0</ele></trkpt>
      <trkpt lat="50.173762" lon="18.561143"><ele>259.8</ele></trkpt>
      <trkpt lat="50.17374" lon="18.561155"><ele>259.8</ele></trkpt>
      <trkpt lat="50.173718" lon="18.561158"><ele>259.8</ele></trkpt>
      <trkpt lat="50.173698" lon="18.56117"><ele>259.6</ele></trkpt>
      <trkpt lat="50.173663" lon="18.56119"><ele>259.4</ele></trkpt>
      <trkpt lat="50.173643" lon="18.561198"><ele>259.4</ele></trkpt>
      <trkpt lat="50.173605" lon="18.561212"><ele>259.2</ele></trkpt>
      <trkpt lat="50.173587" lon="18.561213"><ele>259.0</ele></trkpt>
      <trkpt lat="50.173567" lon="18.561225"><ele>259.0</ele></trkpt>
      <trkpt lat="50.173542" lon="18.56124"><ele>258.8</ele></trkpt>
      <trkpt lat="50.173517" lon="18.561243"><ele>258.6</ele></trkpt>
      <trkpt lat="50.173478" lon="18.561257"><ele>258.2</ele></trkpt>
      <trkpt lat="50.173452" lon="18.561267"><ele>258.2</ele></trkpt>
      <trkpt lat="50.173437" lon="18.56128"><ele>258.0</ele></trkpt>
      <trkpt lat="50.17341" lon="18.561292"><ele>258.0</ele></trkpt>
      <trkpt lat="50.173392" lon="18.5613"><ele>257.8</ele></trkpt>
      <trkpt lat="50.173353" lon="18.561315"><ele>257.6</ele></trkpt>
      <trkpt lat="50.17333" lon="18.561323"><ele>257.6</ele></trkpt>
      <trkpt lat="50.173305" lon="18.561338"><ele>257.6</ele></trkpt>
      <trkpt lat="50.173282" lon="18.56135"><ele>257.6</ele></trkpt>
      <trkpt lat="50.173247" lon="18.56137"><ele>257.6</ele></trkpt>
      <trkpt lat="50.173218" lon="18.56138"><ele>257.6</ele></trkpt>
      <trkpt lat="50.1732" lon="18.561382"><ele>257.6</ele></trkpt>
      <trkpt lat="50.17318" lon="18.561382"><ele>258.8</ele></trkpt>
      <trkpt lat="50.173148" lon="18.561395"><ele>259.0</ele></trkpt>
      <trkpt lat="50.173128" lon="18.561403"><ele>259.2</ele></trkpt>
      <trkpt lat="50.17309" lon="18.561422"><ele>259.4</ele></trkpt>
      <trkpt lat="50.173068" lon="18.561433"><ele>259.6</ele></trkpt>
      <trkpt lat="50.173048" lon="18.56144"><ele>259.8</ele></trkpt>
      <trkpt lat="50.173027" lon="18.561443"><ele>260.2</ele></trkpt>
      <trkpt lat="50.173007" lon="18.561445"><ele>260.2</ele></trkpt>
      <trkpt lat="50.172968" lon="18.561455"><ele>260.8</ele></trkpt>
      <trkpt lat="50.172933" lon="18.561475"><ele>261.2</ele></trkpt>
      <trkpt lat="50.172912" lon="18.561483"><ele>261.4</ele></trkpt>
      <trkpt lat="50.172892" lon="18.561498"><ele>261.6</ele></trkpt>
      <trkpt lat="50.17287" lon="18.561512"><ele>261.8</ele></trkpt>
      <trkpt lat="50.172853" lon="18.561523"><ele>262.0</ele></trkpt>
      <trkpt lat="50.172835" lon="18.56154"><ele>262.2</ele></trkpt>
      <trkpt lat="50.172815" lon="18.561543"><ele>262.4</ele></trkpt>
      <trkpt lat="50.172797" lon="18.56155"><ele>262.6</ele></trkpt>
      <trkpt lat="50.172777" lon="18.561555"><ele>262.8</ele></trkpt>
      <trkpt lat="50.172735" lon="18.56157"><ele>263.2</ele></trkpt>
      <trkpt lat="50.172713" lon="18.561582"><ele>263.2</ele></trkpt>
      <trkpt lat="50.17269" lon="18.56159"><ele>263.4</ele></trkpt>
      <trkpt lat="50.172668" lon="18.561598"><ele>263.6</ele></trkpt>
      <trkpt lat="50.172648" lon="18.56161"><ele>263.8</ele></trkpt>
      <trkpt lat="50.17263" lon="18.561622"><ele>264.0</ele></trkpt>
      <trkpt lat="50.172598" lon="18.561635"><ele>264.2</ele></trkpt>
      <trkpt lat="50.172578" lon="18.561647"><ele>264.4</ele></trkpt>
      <trkpt lat="50.172547" lon="18.56166"><ele>264.8</ele></trkpt>
      <trkpt lat="50.172527" lon="18.561667"><ele>264.8</ele></trkpt>
      <trkpt lat="50.172508" lon="18.561673"><ele>265.0</ele></trkpt>
      <trkpt lat="50.172488" lon="18.56168"><ele>265.2</ele></trkpt>
      <trkpt lat="50.172467" lon="18.561688"><ele>265.2</ele></trkpt>
      <trkpt lat="50.172443" lon="18.5617"><ele>265.4</ele></trkpt>
      <trkpt lat="50.172418" lon="18.561708"><ele>265.6</ele></trkpt>
      <trkpt lat="50.1724" lon="18.56172"><ele>265.6</ele></trkpt>
      <trkpt lat="50.17238" lon="18.561728"><ele>265.8</ele></trkpt>
      <trkpt lat="50.172345" lon="18.56174"><ele>266.0</ele></trkpt>
      <trkpt lat="50.17231" lon="18.561757"><ele>266.4</ele></trkpt>
      <trkpt lat="50.172272" lon="18.561767"><ele>266.6</ele></trkpt>
      <trkpt lat="50.172252" lon="18.561778"><ele>266.6</ele></trkpt>
      <trkpt lat="50.17223" lon="18.56179"><ele>266.8</ele></trkpt>
      <trkpt lat="50.172192" lon="18.561805"><ele>267.0</ele></trkpt>
      <trkpt lat="50.172172" lon="18.561805"><ele>267.2</ele></trkpt>
      <trkpt lat="50.172153" lon="18.561807"><ele>267.2</ele></trkpt>
      <trkpt lat="50.17213" lon="18.561805"><ele>267.4</ele></trkpt>
      <trkpt lat="50.172112" lon="18.561808"><ele>267.4</ele></trkpt>
      <trkpt lat="50.172088" lon="18.561815"><ele>267.6</ele></trkpt>
      <trkpt lat="50.17207" lon="18.561822"><ele>267.8</ele></trkpt>
      <trkpt lat="50.172047" lon="18.561833"><ele>267.8</ele></trkpt>
      <trkpt lat="50.172028" lon="18.561847"><ele>267.8</ele></trkpt>
      <trkpt lat="50.172008" lon="18.561862"><ele>268.0</ele></trkpt>
      <trkpt lat="50.17198" lon="18.56188"><ele>268.2</ele></trkpt>
      <trkpt lat="50.171952" lon="18.561898"><ele>268.2</ele></trkpt>
      <trkpt lat="50.171928" lon="18.56191"><ele>268.4</ele></trkpt>
      <trkpt lat="50.17191" lon="18.56192"><ele>268.4</ele></trkpt>
      <trkpt lat="50.17189" lon="18.561927"><ele>268.4</ele></trkpt>
      <trkpt lat="50.171862" lon="18.561945"><ele>268.4</ele></trkpt>
      <trkpt lat="50.171842" lon="18.561957"><ele>268.6</ele></trkpt>
      <trkpt lat="50.17182" lon="18.561967"><ele>268.6</ele></trkpt>
      <trkpt lat="50.171795" lon="18.561975"><ele>268.6</ele></trkpt>
      <trkpt lat="50.171768" lon="18.56198"><ele>268.6</ele></trkpt>
      <trkpt lat="50.17175" lon="18.561988"><ele>268.8</ele></trkpt>
      <trkpt lat="50.17173" lon="18.561992"><ele>268.8</ele></trkpt>
      <trkpt lat="50.171712" lon="18.561998"><ele>268.8</ele></trkpt>
      <trkpt lat="50.171688" lon="18.56201"><ele>268.8</ele></trkpt>
      <trkpt lat="50.171663" lon="18.56203"><ele>268.8</ele></trkpt>
      <trkpt lat="50.17164" lon="18.562048"><ele>268.8</ele></trkpt>
      <trkpt lat="50.171622" lon="18.562063"><ele>268.8</ele></trkpt>
      <trkpt lat="50.171602" lon="18.562072"><ele>269.0</ele></trkpt>
      <trkpt lat="50.17158" lon="18.562078"><ele>269.0</ele></trkpt>
      <trkpt lat="50.171558" lon="18.562083"><ele>269.0</ele></trkpt>
      <trkpt lat="50.17152" lon="18.5621"><ele>269.2</ele></trkpt>
      <trkpt lat="50.171493" lon="18.562107"><ele>269.2</ele></trkpt>
      <trkpt lat="50.171475" lon="18.562115"><ele>269.4</ele></trkpt>
      <trkpt lat="50.171452" lon="18.56212"><ele>269.4</ele></trkpt>
      <trkpt lat="50.171427" lon="18.562118"><ele>269.6</ele></trkpt>
      <trkpt lat="50.1714" lon="18.56212"><ele>269.6</ele></trkpt>
      <trkpt lat="50.171375" lon="18.562128"><ele>269.8</ele></trkpt>
      <trkpt lat="50.171353" lon="18.562137"><ele>269.8</ele></trkpt>
      <trkpt lat="50.171333" lon="18.562147"><ele>270.0</ele></trkpt>
      <trkpt lat="50.171312" lon="18.562157"><ele>270.2</ele></trkpt>
      <trkpt lat="50.171282" lon="18.56216"><ele>270.2</ele></trkpt>
      <trkpt lat="50.171263" lon="18.562168"><ele>270.4</ele></trkpt>
      <trkpt lat="50.171243" lon="18.562178"><ele>270.6</ele></trkpt>
      <trkpt lat="50.171225" lon="18.562193"><ele>270.6</ele></trkpt>
      <trkpt lat="50.171187" lon="18.562213"><ele>271.0</ele></trkpt>
      <trkpt lat="50.171163" lon="18.562215"><ele>271.2</ele></trkpt>
      <trkpt lat="50.171128" lon="18.562227"><ele>271.4</ele></trkpt>
      <trkpt lat="50.171097" lon="18.562237"><ele>271.8</ele></trkpt>
      <trkpt lat="50.171078" lon="18.562242"><ele>272.0</ele></trkpt>
      <trkpt lat="50.171058" lon="18.562252"><ele>272.2</ele></trkpt>
      <trkpt lat="50.171042" lon="18.562265"><ele>272.4</ele></trkpt>
      <trkpt lat="50.171013" lon="18.562283"><ele>272.8</ele></trkpt>
      <trkpt lat="50.170995" lon="18.562292"><ele>273.0</ele></trkpt>
      <trkpt lat="50.170975" lon="18.562297"><ele>273.2</ele></trkpt>
      <trkpt lat="50.170957" lon="18.562308"><ele>273.2</ele></trkpt>
      <trkpt lat="50.17094" lon="18.562322"><ele>273.6</ele></trkpt>
      <trkpt lat="50.170923" lon="18.562335"><ele>273.6</ele></trkpt>
      <trkpt lat="50.170888" lon="18.562347"><ele>274.0</ele></trkpt>
      <trkpt lat="50.17087" lon="18.562355"><ele>274.2</ele></trkpt>
      <trkpt lat="50.170838" lon="18.562367"><ele>274.6</ele></trkpt>
      <trkpt lat="50.170818" lon="18.562377"><ele>274.8</ele></trkpt>
      <trkpt lat="50.1708" lon="18.562388"><ele>275.0</ele></trkpt>
      <trkpt lat="50.17078" lon="18.562402"><ele>275.2</ele></trkpt>
      <trkpt lat="50.17076" lon="18.562413"><ele>275.4</ele></trkpt>
      <trkpt lat="50.170742" lon="18.562423"><ele>275.6</ele></trkpt>
      <trkpt lat="50.170717" lon="18.562427"><ele>275.8</ele></trkpt>
      <trkpt lat="50.17069" lon="18.562437"><ele>275.8</ele></trkpt>
      <trkpt lat="50.170668" lon="18.562443"><ele>276.0</ele></trkpt>
      <trkpt lat="50.170645" lon="18.562455"><ele>276.2</ele></trkpt>
      <trkpt lat="50.170623" lon="18.562467"><ele>276.4</ele></trkpt>
      <trkpt lat="50.1706" lon="18.56248"><ele>276.6</ele></trkpt>
      <trkpt lat="50.170578" lon="18.562493"><ele>276.8</ele></trkpt>
      <trkpt lat="50.17056" lon="18.562503"><ele>276.8</ele></trkpt>
      <trkpt lat="50.17053" lon="18.562508"><ele>277.0</ele></trkpt>
      <trkpt lat="50.170512" lon="18.56252"><ele>277.0</ele></trkpt>
      <trkpt lat="50.170485" lon="18.562535"><ele>277.2</ele></trkpt>
      <trkpt lat="50.170467" lon="18.562547"><ele>277.4</ele></trkpt>
      <trkpt lat="50.170443" lon="18.562558"><ele>277.4</ele></trkpt>
      <trkpt lat="50.170418" lon="18.562558"><ele>277.6</ele></trkpt>
      <trkpt lat="50.170393" lon="18.562567"><ele>277.8</ele></trkpt>
      <trkpt lat="50.17037" lon="18.56258"><ele>277.8</ele></trkpt>
      <trkpt lat="50.170345" lon="18.562593"><ele>278.0</ele></trkpt>
      <trkpt lat="50.170322" lon="18.562605"><ele>278.0</ele></trkpt>
      <trkpt lat="50.170303" lon="18.562615"><ele>278.2</ele></trkpt>
      <trkpt lat="50.170272" lon="18.56263"><ele>278.2</ele></trkpt>
      <trkpt lat="50.170248" lon="18.56264"><ele>278.4</ele></trkpt>
      <trkpt lat="50.17023" lon="18.562647"><ele>278.4</ele></trkpt>
      <trkpt lat="50.17021" lon="18.562662"><ele>278.6</ele></trkpt>
      <trkpt lat="50.170192" lon="18.562667"><ele>278.6</ele></trkpt>
      <trkpt lat="50.170172" lon="18.56267"><ele>278.8</ele></trkpt>
      <trkpt lat="50.17015" lon="18.562672"><ele>279.0</ele></trkpt>
      <trkpt lat="50.170127" lon="18.562657"><ele>279.2</ele></trkpt>
      <trkpt lat="50.170115" lon="18.562637"><ele>279.2</ele></trkpt>
      <trkpt lat="50.170105" lon="18.562607"><ele>279.4</ele></trkpt>
      <trkpt lat="50.170095" lon="18.562582"><ele>279.4</ele></trkpt>
      <trkpt lat="50.170092" lon="18.562522"><ele>279.6</ele></trkpt>
      <trkpt lat="50.170088" lon="18.562493"><ele>279.6</ele></trkpt>
      <trkpt lat="50.170088" lon="18.562458"><ele>279.8</ele></trkpt>
      <trkpt lat="50.170085" lon="18.562423"><ele>280.0</ele></trkpt>
      <trkpt lat="50.170082" lon="18.562387"><ele>280.0</ele></trkpt>
      <trkpt lat="50.170077" lon="18.56236"><ele>280.2</ele></trkpt>
      <trkpt lat="50.170077" lon="18.562327"><ele>280.2</ele></trkpt>
      <trkpt lat="50.170077" lon="18.562297"><ele>280.4</ele></trkpt>
      <trkpt lat="50.170067" lon="18.562263"><ele>280.4</ele></trkpt>
      <trkpt lat="50.170063" lon="18.56223"><ele>280.6</ele></trkpt>
      <trkpt lat="50.170053" lon="18.562175"><ele>280.6</ele></trkpt>
      <trkpt lat="50.17005" lon="18.562123"><ele>280.8</ele></trkpt>
      <trkpt lat="50.17004" lon="18.562067"><ele>280.8</ele></trkpt>
      <trkpt lat="50.170028" lon="18.562028"><ele>280.8</ele></trkpt>
      <trkpt lat="50.170025" lon="18.561997"><ele>280.8</ele></trkpt>
      <trkpt lat="50.170012" lon="18.56196"><ele>280.8</ele></trkpt>
      <trkpt lat="50.170008" lon="18.561925"><ele>280.8</ele></trkpt>
      <trkpt lat="50.169997" lon="18.561888"><ele>280.8</ele></trkpt>
      <trkpt lat="50.16999" lon="18.561858"><ele>280.8</ele></trkpt>
      <trkpt lat="50.169977" lon="18.56182"><ele>280.8</ele></trkpt>
      <trkpt lat="50.169967" lon="18.56178"><ele>280.6</ele></trkpt>
      <trkpt lat="50.169955" lon="18.561743"><ele>280.6</ele></trkpt>
      <trkpt lat="50.169945" lon="18.561703"><ele>280.6</ele></trkpt>
      <trkpt lat="50.169932" lon="18.56166"><ele>280.6</ele></trkpt>
      <trkpt lat="50.169917" lon="18.561607"><ele>280.4</ele></trkpt>
      <trkpt lat="50.169907" lon="18.561552"><ele>280.4</ele></trkpt>
      <trkpt lat="50.169893" lon="18.561505"><ele>280.4</ele></trkpt>
      <trkpt lat="50.169887" lon="18.561463"><ele>280.2</ele></trkpt>
      <trkpt lat="50.169875" lon="18.561422"><ele>280.2</ele></trkpt>
      <trkpt lat="50.169868" lon="18.561383"><ele>280.0</ele></trkpt>
      <trkpt lat="50.169852" lon="18.561333"><ele>280.0</ele></trkpt>
      <trkpt lat="50.169848" lon="18.561292"><ele>279.8</ele></trkpt>
      <trkpt lat="50.169845" lon="18.561252"><ele>279.8</ele></trkpt>
      <trkpt lat="50.169845" lon="18.561217"><ele>279.6</ele></trkpt>
      <trkpt lat="50.169842" lon="18.561175"><ele>279.6</ele></trkpt>
      <trkpt lat="50.169833" lon="18.561133"><ele>279.4</ele></trkpt>
      <trkpt lat="50.169827" lon="18.561097"><ele>279.2</ele></trkpt>
      <trkpt lat="50.169813" lon="18.561063"><ele>279.2</ele></trkpt>
      <trkpt lat="50.169807" lon="18.561023"><ele>279.0</ele></trkpt>
      <trkpt lat="50.169798" lon="18.560983"><ele>278.8</ele></trkpt>
      <trkpt lat="50.169792" lon="18.560933"><ele>278.6</ele></trkpt>
      <trkpt lat="50.169788" lon="18.560888"><ele>278.4</ele></trkpt>
      <trkpt lat="50.169772" lon="18.560847"><ele>278.2</ele></trkpt>
      <trkpt lat="50.169762" lon="18.560813"><ele>278.2</ele></trkpt>
      <trkpt lat="50.169753" lon="18.560783"><ele>278.0</ele></trkpt>
      <trkpt lat="50.169753" lon="18.560753"><ele>277.8</ele></trkpt>
      <trkpt lat="50.16975" lon="18.560723"><ele>277.6</ele></trkpt>
      <trkpt lat="50.169747" lon="18.560688"><ele>277.4</ele></trkpt>
      <trkpt lat="50.169737" lon="18.560645"><ele>277.4</ele></trkpt>
      <trkpt lat="50.169733" lon="18.56061"><ele>277.2</ele></trkpt>
      <trkpt lat="50.16973" lon="18.560568"><ele>277.0</ele></trkpt>
      <trkpt lat="50.169727" lon="18.560535"><ele>277.0</ele></trkpt>
      <trkpt lat="50.169723" lon="18.560498"><ele>276.8</ele></trkpt>
      <trkpt lat="50.169723" lon="18.560467"><ele>276.6</ele></trkpt>
      <trkpt lat="50.169715" lon="18.560433"><ele>276.4</ele></trkpt>
      <trkpt lat="50.169712" lon="18.560402"><ele>276.4</ele></trkpt>
      <trkpt lat="50.169698" lon="18.560353"><ele>276.2</ele></trkpt>
      <trkpt lat="50.169688" lon="18.560298"><ele>276.0</ele></trkpt>
      <trkpt lat="50.169673" lon="18.560248"><ele>275.8</ele></trkpt>
      <trkpt lat="50.169663" lon="18.560207"><ele>275.6</ele></trkpt>
      <trkpt lat="50.169647" lon="18.560155"><ele>275.6</ele></trkpt>
      <trkpt lat="50.169643" lon="18.56012"><ele>275.6</ele></trkpt>
      <trkpt lat="50.169643" lon="18.560092"><ele>275.6</ele></trkpt>
      <trkpt lat="50.169632" lon="18.560045"><ele>275.6</ele></trkpt>
      <trkpt lat="50.169618" lon="18.560003"><ele>275.6</ele></trkpt>
      <trkpt lat="50.1696" lon="18.55995"><ele>275.6</ele></trkpt>
      <trkpt lat="50.169593" lon="18.559917"><ele>275.8</ele></trkpt>
      <trkpt lat="50.169573" lon="18.559852"><ele>275.8</ele></trkpt>
      <trkpt lat="50.169567" lon="18.559822"><ele>275.8</ele></trkpt>
      <trkpt lat="50.169558" lon="18.559787"><ele>276.0</ele></trkpt>
      <trkpt lat="50.169548" lon="18.559745"><ele>276.0</ele></trkpt>
      <trkpt lat="50.169538" lon="18.559703"><ele>276.0</ele></trkpt>
      <trkpt lat="50.169535" lon="18.559658"><ele>276.0</ele></trkpt>
      <trkpt lat="50.169535" lon="18.559625"><ele>276.2</ele></trkpt>
      <trkpt lat="50.169532" lon="18.559595"><ele>276.2</ele></trkpt>
      <trkpt lat="50.16951" lon="18.559547"><ele>276.0</ele></trkpt>
      <trkpt lat="50.169487" lon="18.559525"><ele>276.0</ele></trkpt>
      <trkpt lat="50.169465" lon="18.55952"><ele>276.0</ele></trkpt>
      <trkpt lat="50.16944" lon="18.55952"><ele>276.0</ele></trkpt>
      <trkpt lat="50.16942" lon="18.559522"><ele>276.0</ele></trkpt>
      <trkpt lat="50.169388" lon="18.55952"><ele>276.0</ele></trkpt>
      <trkpt lat="50.169365" lon="18.559508"><ele>276.0</ele></trkpt>
      <trkpt lat="50.16934" lon="18.559498"><ele>276.0</ele></trkpt>
      <trkpt lat="50.169315" lon="18.559498"><ele>276.0</ele></trkpt>
      <trkpt lat="50.169292" lon="18.559507"><ele>276.0</ele></trkpt>
      <trkpt lat="50.169273" lon="18.559515"><ele>276.0</ele></trkpt>
      <trkpt lat="50.16925" lon="18.55952"><ele>276.0</ele></trkpt>
      <trkpt lat="50.169235" lon="18.559532"><ele>276.2</ele></trkpt>
      <trkpt lat="50.169218" lon="18.559545"><ele>276.2</ele></trkpt>
      <trkpt lat="50.1692" lon="18.559553"><ele>276.2</ele></trkpt>
      <trkpt lat="50.16918" lon="18.55956"><ele>276.0</ele></trkpt>
      <trkpt lat="50.169158" lon="18.55956"><ele>276.0</ele></trkpt>
      <trkpt lat="50.169135" lon="18.559563"><ele>276.0</ele></trkpt>
      <trkpt lat="50.169113" lon="18.559567"><ele>276.0</ele></trkpt>
      <trkpt lat="50.169087" lon="18.559578"><ele>276.2</ele></trkpt>
      <trkpt lat="50.169068" lon="18.559592"><ele>276.2</ele></trkpt>
      <trkpt lat="50.169037" lon="18.5596"><ele>276.2</ele></trkpt>
      <trkpt lat="50.169" lon="18.559602"><ele>276.4</ele></trkpt>
      <trkpt lat="50.168975" lon="18.559607"><ele>276.4</ele></trkpt>
      <trkpt lat="50.168943" lon="18.559605"><ele>276.6</ele></trkpt>
      <trkpt lat="50.168923" lon="18.559598"><ele>276.6</ele></trkpt>
      <trkpt lat="50.168905" lon="18.559607"><ele>276.8</ele></trkpt>
      <trkpt lat="50.168882" lon="18.559625"><ele>277.0</ele></trkpt>
      <trkpt lat="50.168863" lon="18.559628"><ele>277.0</ele></trkpt>
      <trkpt lat="50.168835" lon="18.559638"><ele>277.0</ele></trkpt>
      <trkpt lat="50.168805" lon="18.559642"><ele>277.2</ele></trkpt>
      <trkpt lat="50.168773" lon="18.559647"><ele>277.8</ele></trkpt>
      <trkpt lat="50.168745" lon="18.559657"><ele>277.8</ele></trkpt>
      <trkpt lat="50.168717" lon="18.559658"><ele>278.0</ele></trkpt>
      <trkpt lat="50.168683" lon="18.559662"><ele>278.0</ele></trkpt>
      <trkpt lat="50.168658" lon="18.559655"><ele>278.0</ele></trkpt>
      <trkpt lat="50.16864" lon="18.559658"><ele>278.0</ele></trkpt>
      <trkpt lat="50.16862" lon="18.559658"><ele>278.0</ele></trkpt>
      <trkpt lat="50.168595" lon="18.559657"><ele>278.2</ele></trkpt>
      <trkpt lat="50.168578" lon="18.559643"><ele>278.2</ele></trkpt>
      <trkpt lat="50.168592" lon="18.559607"><ele>278.4</ele></trkpt>
      <trkpt lat="50.168598" lon="18.559568"><ele>278.4</ele></trkpt>
      <trkpt lat="50.16861" lon="18.559547"><ele>278.4</ele></trkpt>
      <trkpt lat="50.168623" lon="18.559507"><ele>278.6</ele></trkpt>
      <trkpt lat="50.16864" lon="18.55948"><ele>278.6</ele></trkpt>
      <trkpt lat="50.168658" lon="18.559448"><ele>278.8</ele></trkpt>
      <trkpt lat="50.168675" lon="18.559423"><ele>278.8</ele></trkpt>
      <trkpt lat="50.168683" lon="18.559395"><ele>279.0</ele></trkpt>
      <trkpt lat="50.168703" lon="18.559362"><ele>279.0</ele></trkpt>
      <trkpt lat="50.168725" lon="18.559323"><ele>279.0</ele></trkpt>
      <trkpt lat="50.168738" lon="18.559303"><ele>279.0</ele></trkpt>
      <trkpt lat="50.168755" lon="18.55928"><ele>279.2</ele></trkpt>
      <trkpt lat="50.16877" lon="18.559255"><ele>279.2</ele></trkpt>
      <trkpt lat="50.168783" lon="18.55922"><ele>279.2</ele></trkpt>
      <trkpt lat="50.168798" lon="18.559185"><ele>279.2</ele></trkpt>
      <trkpt lat="50.168818" lon="18.55915"><ele>279.2</ele></trkpt>
      <trkpt lat="50.168838" lon="18.55912"><ele>279.2</ele></trkpt>
      <trkpt lat="50.168853" lon="18.559092"><ele>279.2</ele></trkpt>
      <trkpt lat="50.16887" lon="18.55907"><ele>279.2</ele></trkpt>
      <trkpt lat="50.16888" lon="18.559045"><ele>279.2</ele></trkpt>
      <trkpt lat="50.168892" lon="18.559017"><ele>279.2</ele></trkpt>
      <trkpt lat="50.168898" lon="18.558978"><ele>279.2</ele></trkpt>
      <trkpt lat="50.168902" lon="18.55894"><ele>279.2</ele></trkpt>
      <trkpt lat="50.168912" lon="18.558902"><ele>279.0</ele></trkpt>
      <trkpt lat="50.168905" lon="18.558868"><ele>279.0</ele></trkpt>
      <trkpt lat="50.168898" lon="18.558833"><ele>279.0</ele></trkpt>
      <trkpt lat="50.16888" lon="18.558812"><ele>279.0</ele></trkpt>
      <trkpt lat="50.168857" lon="18.5588"><ele>278.8</ele></trkpt>
      <trkpt lat="50.168835" lon="18.5588"><ele>278.8</ele></trkpt>
      <trkpt lat="50.168802" lon="18.558807"><ele>278.6</ele></trkpt>
      <trkpt lat="50.168773" lon="18.558812"><ele>278.6</ele></trkpt>
      <trkpt lat="50.16872" lon="18.558818"><ele>278.4</ele></trkpt>
      <trkpt lat="50.168697" lon="18.55882"><ele>278.4</ele></trkpt>
      <trkpt lat="50.168672" lon="18.55882"><ele>278.2</ele></trkpt>
      <trkpt lat="50.168652" lon="18.55882"><ele>278.0</ele></trkpt>
      <trkpt lat="50.168623" lon="18.558823"><ele>278.0</ele></trkpt>
      <trkpt lat="50.168598" lon="18.558828"><ele>277.8</ele></trkpt>
      <trkpt lat="50.168572" lon="18.558828"><ele>277.6</ele></trkpt>
      <trkpt lat="50.168543" lon="18.55883"><ele>277.4</ele></trkpt>
      <trkpt lat="50.168515" lon="18.558832"><ele>277.4</ele></trkpt>
      <trkpt lat="50.168485" lon="18.558832"><ele>277.2</ele></trkpt>
      <trkpt lat="50.16846" lon="18.558832"><ele>277.0</ele></trkpt>
      <trkpt lat="50.168438" lon="18.558833"><ele>276.8</ele></trkpt>
      <trkpt lat="50.168412" lon="18.55884"><ele>276.6</ele></trkpt>
      <trkpt lat="50.16838" lon="18.558842"><ele>276.6</ele></trkpt>
      <trkpt lat="50.168355" lon="18.558847"><ele>276.4</ele></trkpt>
      <trkpt lat="50.168328" lon="18.558852"><ele>276.2</ele></trkpt>
      <trkpt lat="50.168303" lon="18.558848"><ele>276.0</ele></trkpt>
      <trkpt lat="50.168268" lon="18.558847"><ele>275.8</ele></trkpt>
      <trkpt lat="50.168242" lon="18.55884"><ele>275.6</ele></trkpt>
      <trkpt lat="50.168217" lon="18.558842"><ele>275.4</ele></trkpt>
      <trkpt lat="50.168185" lon="18.55884"><ele>275.2</ele></trkpt>
      <trkpt lat="50.16816" lon="18.55884"><ele>275.0</ele></trkpt>
      <trkpt lat="50.16813" lon="18.558838"><ele>274.8</ele></trkpt>
      <trkpt lat="50.168108" lon="18.55883"><ele>274.6</ele></trkpt>
      <trkpt lat="50.168085" lon="18.558817"><ele>274.4</ele></trkpt>
      <trkpt lat="50.16807" lon="18.558798"><ele>274.2</ele></trkpt>
      <trkpt lat="50.168057" lon="18.55877"><ele>274.0</ele></trkpt>
      <trkpt lat="50.168047" lon="18.55874"><ele>273.6</ele></trkpt>
      <trkpt lat="50.168047" lon="18.558702"><ele>273.4</ele></trkpt>
      <trkpt lat="50.168047" lon="18.558662"><ele>273.2</ele></trkpt>
      <trkpt lat="50.168047" lon="18.558615"><ele>273.2</ele></trkpt>
      <trkpt lat="50.168043" lon="18.55857"><ele>273.0</ele></trkpt>
      <trkpt lat="50.168032" lon="18.558532"><ele>272.8</ele></trkpt>
      <trkpt lat="50.168018" lon="18.558507"><ele>272.6</ele></trkpt>
      <trkpt lat="50.167997" lon="18.558493"><ele>272.4</ele></trkpt>
      <trkpt lat="50.167967" lon="18.558493"><ele>272.2</ele></trkpt>
      <trkpt lat="50.167945" lon="18.558503"><ele>272.0</ele></trkpt>
      <trkpt lat="50.167922" lon="18.558515"><ele>271.8</ele></trkpt>
      <trkpt lat="50.1679" lon="18.558517"><ele>271.6</ele></trkpt>
      <trkpt lat="50.167868" lon="18.55852"><ele>271.4</ele></trkpt>
      <trkpt lat="50.167842" lon="18.55853"><ele>271.2</ele></trkpt>
      <trkpt lat="50.16782" lon="18.55854"><ele>271.0</ele></trkpt>
      <trkpt lat="50.167788" lon="18.558552"><ele>270.8</ele></trkpt>
      <trkpt lat="50.167762" lon="18.558563"><ele>270.6</ele></trkpt>
      <trkpt lat="50.167737" lon="18.558573"><ele>270.4</ele></trkpt>
      <trkpt lat="50.167708" lon="18.558583"><ele>270.2</ele></trkpt>
      <trkpt lat="50.167682" lon="18.5586"><ele>269.8</ele></trkpt>
      <trkpt lat="50.167653" lon="18.558613"><ele>269.6</ele></trkpt>
      <trkpt lat="50.167625" lon="18.558628"><ele>269.4</ele></trkpt>
      <trkpt lat="50.16759" lon="18.558635"><ele>269.0</ele></trkpt>
      <trkpt lat="50.167555" lon="18.558648"><ele>268.8</ele></trkpt>
      <trkpt lat="50.167513" lon="18.558662"><ele>268.4</ele></trkpt>
      <trkpt lat="50.16748" lon="18.558675"><ele>268.2</ele></trkpt>
      <trkpt lat="50.167442" lon="18.558687"><ele>267.8</ele></trkpt>
      <trkpt lat="50.167407" lon="18.558698"><ele>267.4</ele></trkpt>
      <trkpt lat="50.167372" lon="18.55872"><ele>267.2</ele></trkpt>
      <trkpt lat="50.16734" lon="18.558742"><ele>266.8</ele></trkpt>
      <trkpt lat="50.167308" lon="18.558762"><ele>266.6</ele></trkpt>
      <trkpt lat="50.167277" lon="18.558783"><ele>266.2</ele></trkpt>
      <trkpt lat="50.167247" lon="18.558802"><ele>266.0</ele></trkpt>
      <trkpt lat="50.167212" lon="18.55882"><ele>265.4</ele></trkpt>
      <trkpt lat="50.167173" lon="18.55884"><ele>265.2</ele></trkpt>
      <trkpt lat="50.167135" lon="18.55886"><ele>264.8</ele></trkpt>
      <trkpt lat="50.167103" lon="18.558873"><ele>264.6</ele></trkpt>
      <trkpt lat="50.167075" lon="18.558883"><ele>264.2</ele></trkpt>
      <trkpt lat="50.167042" lon="18.5589"><ele>263.8</ele></trkpt>
      <trkpt lat="50.167013" lon="18.55892"><ele>263.4</ele></trkpt>
      <trkpt lat="50.166985" lon="18.558938"><ele>263.2</ele></trkpt>
      <trkpt lat="50.166953" lon="18.558953"><ele>262.8</ele></trkpt>
      <trkpt lat="50.166927" lon="18.558972"><ele>262.6</ele></trkpt>
      <trkpt lat="50.166898" lon="18.558992"><ele>262.2</ele></trkpt>
      <trkpt lat="50.166867" lon="18.559"><ele>262.0</ele></trkpt>
      <trkpt lat="50.166835" lon="18.55902"><ele>261.6</ele></trkpt>
      <trkpt lat="50.166805" lon="18.559037"><ele>261.2</ele></trkpt>
      <trkpt lat="50.166777" lon="18.55906"><ele>260.8</ele></trkpt>
      <trkpt lat="50.166752" lon="18.559085"><ele>260.6</ele></trkpt>
      <trkpt lat="50.16672" lon="18.559117"><ele>260.4</ele></trkpt>
      <trkpt lat="50.166693" lon="18.559148"><ele>260.0</ele></trkpt>
      <trkpt lat="50.166655" lon="18.559177"><ele>259.6</ele></trkpt>
      <trkpt lat="50.166617" lon="18.559197"><ele>259.2</ele></trkpt>
      <trkpt lat="50.166572" lon="18.559207"><ele>259.0</ele></trkpt>
      <trkpt lat="50.166527" lon="18.559227"><ele>258.8</ele></trkpt>
      <trkpt lat="50.166485" lon="18.559245"><ele>258.6</ele></trkpt>
      <trkpt lat="50.166447" lon="18.559263"><ele>258.4</ele></trkpt>
      <trkpt lat="50.166402" lon="18.559278"><ele>258.2</ele></trkpt>
      <trkpt lat="50.166355" lon="18.55929"><ele>258.0</ele></trkpt>
      <trkpt lat="50.166313" lon="18.559308"><ele>257.8</ele></trkpt>
      <trkpt lat="50.166278" lon="18.55932"><ele>257.6</ele></trkpt>
      <trkpt lat="50.166248" lon="18.559333"><ele>257.6</ele></trkpt>
      <trkpt lat="50.166217" lon="18.559345"><ele>257.2</ele></trkpt>
      <trkpt lat="50.166192" lon="18.55935"><ele>257.2</ele></trkpt>
      <trkpt lat="50.166168" lon="18.55936"><ele>257.0</ele></trkpt>
      <trkpt lat="50.16615" lon="18.559363"><ele>257.0</ele></trkpt>
      <trkpt lat="50.16613" lon="18.55937"><ele>256.8</ele></trkpt>
      <trkpt lat="50.166112" lon="18.559377"><ele>256.8</ele></trkpt>
      <trkpt lat="50.16608" lon="18.559388"><ele>256.8</ele></trkpt>
      <trkpt lat="50.166057" lon="18.559395"><ele>256.8</ele></trkpt>
      <trkpt lat="50.166035" lon="18.559408"><ele>258.6</ele></trkpt>
      <trkpt lat="50.166018" lon="18.559452"><ele>258.8</ele></trkpt>
      <trkpt lat="50.166018" lon="18.559482"><ele>259.0</ele></trkpt>
      <trkpt lat="50.166022" lon="18.559547"><ele>259.2</ele></trkpt>
      <trkpt lat="50.166025" lon="18.559583"><ele>259.4</ele></trkpt>
      <trkpt lat="50.166032" lon="18.559622"><ele>259.6</ele></trkpt>
      <trkpt lat="50.166038" lon="18.559658"><ele>259.8</ele></trkpt>
      <trkpt lat="50.166043" lon="18.559695"><ele>259.8</ele></trkpt>
      <trkpt lat="50.16605" lon="18.559733"><ele>260.0</ele></trkpt>
      <trkpt lat="50.166057" lon="18.559772"><ele>260.2</ele></trkpt>
      <trkpt lat="50.16607" lon="18.559802"><ele>260.2</ele></trkpt>
      <trkpt lat="50.166077" lon="18.559837"><ele>260.4</ele></trkpt>
      <trkpt lat="50.16608" lon="18.559873"><ele>260.6</ele></trkpt>
      <trkpt lat="50.16608" lon="18.559907"><ele>260.8</ele></trkpt>
      <trkpt lat="50.166077" lon="18.55994"><ele>260.8</ele></trkpt>
      <trkpt lat="50.166073" lon="18.559972"><ele>261.0</ele></trkpt>
      <trkpt lat="50.16607" lon="18.560008"><ele>261.0</ele></trkpt>
      <trkpt lat="50.16606" lon="18.560048"><ele>261.2</ele></trkpt>
      <trkpt lat="50.166043" lon="18.560083"><ele>261.4</ele></trkpt>
      <trkpt lat="50.166022" lon="18.560115"><ele>261.4</ele></trkpt>
      <trkpt lat="50.165998" lon="18.560143"><ele>261.4</ele></trkpt>
      <trkpt lat="50.165977" lon="18.560173"><ele>261.6</ele></trkpt>
      <trkpt lat="50.165952" lon="18.560202"><ele>261.6</ele></trkpt>
      <trkpt lat="50.165925" lon="18.560228"><ele>261.6</ele></trkpt>
      <trkpt lat="50.165903" lon="18.560257"><ele>261.6</ele></trkpt>
      <trkpt lat="50.165878" lon="18.560282"><ele>261.8</ele></trkpt>
      <trkpt lat="50.165852" lon="18.560303"><ele>261.8</ele></trkpt>
      <trkpt lat="50.165823" lon="18.560327"><ele>261.8</ele></trkpt>
      <trkpt lat="50.1658" lon="18.560352"><ele>261.8</ele></trkpt>
      <trkpt lat="50.165778" lon="18.560377"><ele>261.8</ele></trkpt>
      <trkpt lat="50.16576" lon="18.560398"><ele>261.8</ele></trkpt>
      <trkpt lat="50.16574" lon="18.560418"><ele>262.0</ele></trkpt>
      <trkpt lat="50.16572" lon="18.560445"><ele>262.0</ele></trkpt>
      <trkpt lat="50.165702" lon="18.560472"><ele>262.0</ele></trkpt>
      <trkpt lat="50.165682" lon="18.560492"><ele>261.8</ele></trkpt>
      <trkpt lat="50.165667" lon="18.56052"><ele>261.8</ele></trkpt>
      <trkpt lat="50.165643" lon="18.560548"><ele>261.8</ele></trkpt>
      <trkpt lat="50.165622" lon="18.560565"><ele>261.8</ele></trkpt>
      <trkpt lat="50.1656" lon="18.560575"><ele>261.8</ele></trkpt>
      <trkpt lat="50.165558" lon="18.560577"><ele>261.8</ele></trkpt>
      <trkpt lat="50.165535" lon="18.560577"><ele>261.6</ele></trkpt>
      <trkpt lat="50.165507" lon="18.56058"><ele>261.6</ele></trkpt>
      <trkpt lat="50.165483" lon="18.560578"><ele>261.4</ele></trkpt>
      <trkpt lat="50.165462" lon="18.56057"><ele>261.2</ele></trkpt>
      <trkpt lat="50.165437" lon="18.560565"><ele>261.0</ele></trkpt>
      <trkpt lat="50.165413" lon="18.560557"><ele>261.0</ele></trkpt>
      <trkpt lat="50.165388" lon="18.56054"><ele>260.8</ele></trkpt>
      <trkpt lat="50.165365" lon="18.560525"><ele>260.6</ele></trkpt>
      <trkpt lat="50.165347" lon="18.560517"><ele>260.4</ele></trkpt>
      <trkpt lat="50.165327" lon="18.560512"><ele>260.2</ele></trkpt>
      <trkpt lat="50.165308" lon="18.560505"><ele>260.0</ele></trkpt>
      <trkpt lat="50.165285" lon="18.560497"><ele>259.6</ele></trkpt>
      <trkpt lat="50.165263" lon="18.560485"><ele>259.4</ele></trkpt>
      <trkpt lat="50.16524" lon="18.56048"><ele>259.2</ele></trkpt>
      <trkpt lat="50.165215" lon="18.560473"><ele>258.8</ele></trkpt>
      <trkpt lat="50.16519" lon="18.56047"><ele>258.6</ele></trkpt>
      <trkpt lat="50.165167" lon="18.56046"><ele>258.2</ele></trkpt>
      <trkpt lat="50.165145" lon="18.56046"><ele>258.0</ele></trkpt>
      <trkpt lat="50.165117" lon="18.560462"><ele>257.6</ele></trkpt>
      <trkpt lat="50.165087" lon="18.560455"><ele>257.2</ele></trkpt>
      <trkpt lat="50.165072" lon="18.560482"><ele>256.6</ele></trkpt>
      <trkpt lat="50.165083" lon="18.560517"><ele>256.4</ele></trkpt>
      <trkpt lat="50.165097" lon="18.56055"><ele>256.0</ele></trkpt>
      <trkpt lat="50.165107" lon="18.560582"><ele>255.8</ele></trkpt>
      <trkpt lat="50.165117" lon="18.560617"><ele>255.4</ele></trkpt>
      <trkpt lat="50.165125" lon="18.560643"><ele>255.2</ele></trkpt>
      <trkpt lat="50.165135" lon="18.560672"><ele>254.8</ele></trkpt>
      <trkpt lat="50.165145" lon="18.560728"><ele>254.4</ele></trkpt>
      <trkpt lat="50.165148" lon="18.560765"><ele>254.4</ele></trkpt>
      <trkpt lat="50.165152" lon="18.560798"><ele>254.2</ele></trkpt>
      <trkpt lat="50.16516" lon="18.560828"><ele>254.0</ele></trkpt>
      <trkpt lat="50.16517" lon="18.56087"><ele>254.0</ele></trkpt>
      <trkpt lat="50.165183" lon="18.560915"><ele>253.8</ele></trkpt>
      <trkpt lat="50.165197" lon="18.560955"><ele>253.6</ele></trkpt>
      <trkpt lat="50.1652" lon="18.561002"><ele>253.6</ele></trkpt>
      <trkpt lat="50.165202" lon="18.561042"><ele>253.4</ele></trkpt>
      <trkpt lat="50.165205" lon="18.56108"><ele>253.2</ele></trkpt>
      <trkpt lat="50.165215" lon="18.56112"><ele>253.2</ele></trkpt>
      <trkpt lat="50.165222" lon="18.561162"><ele>253.0</ele></trkpt>
      <trkpt lat="50.165228" lon="18.561203"><ele>253.0</ele></trkpt>
      <trkpt lat="50.165238" lon="18.561237"><ele>252.8</ele></trkpt>
      <trkpt lat="50.16524" lon="18.561267"><ele>252.6</ele></trkpt>
      <trkpt lat="50.165243" lon="18.5613"><ele>252.6</ele></trkpt>
      <trkpt lat="50.165247" lon="18.561353"><ele>252.4</ele></trkpt>
      <trkpt lat="50.165247" lon="18.5614"><ele>252.4</ele></trkpt>
      <trkpt lat="50.165257" lon="18.56144"><ele>252.2</ele></trkpt>
      <trkpt lat="50.165263" lon="18.56148"><ele>252.0</ele></trkpt>
      <trkpt lat="50.16527" lon="18.56152"><ele>252.0</ele></trkpt>
      <trkpt lat="50.165277" lon="18.561562"><ele>252.0</ele></trkpt>
      <trkpt lat="50.165282" lon="18.5616"><ele>252.0</ele></trkpt>
      <trkpt lat="50.165282" lon="18.56164"><ele>252.0</ele></trkpt>
      <trkpt lat="50.165285" lon="18.561673"><ele>252.2</ele></trkpt>
      <trkpt lat="50.165288" lon="18.561703"><ele>252.2</ele></trkpt>
      <trkpt lat="50.165288" lon="18.56174"><ele>252.4</ele></trkpt>
      <trkpt lat="50.165285" lon="18.561772"><ele>252.4</ele></trkpt>
      <trkpt lat="50.165295" lon="18.56181"><ele>252.6</ele></trkpt>
      <trkpt lat="50.165302" lon="18.561847"><ele>252.6</ele></trkpt>
      <trkpt lat="50.165308" lon="18.561882"><ele>252.8</ele></trkpt>
      <trkpt lat="50.16532" lon="18.561918"><ele>253.0</ele></trkpt>
      <trkpt lat="50.165327" lon="18.561952"><ele>253.2</ele></trkpt>
      <trkpt lat="50.16534" lon="18.561987"><ele>253.4</ele></trkpt>
      <trkpt lat="50.165347" lon="18.56202"><ele>253.4</ele></trkpt>
      <trkpt lat="50.165357" lon="18.562057"><ele>253.6</ele></trkpt>
      <trkpt lat="50.165362" lon="18.56209"><ele>254.0</ele></trkpt>
      <trkpt lat="50.165368" lon="18.562123"><ele>254.2</ele></trkpt>
      <trkpt lat="50.165378" lon="18.562158"><ele>254.4</ele></trkpt>
      <trkpt lat="50.165385" lon="18.56219"><ele>254.6</ele></trkpt>
      <trkpt lat="50.165395" lon="18.562225"><ele>255.0</ele></trkpt>
      <trkpt lat="50.1654" lon="18.562255"><ele>255.2</ele></trkpt>
      <trkpt lat="50.165417" lon="18.562308"><ele>255.8</ele></trkpt>
      <trkpt lat="50.165427" lon="18.562333"><ele>256.2</ele></trkpt>
      <trkpt lat="50.16544" lon="18.562357"><ele>256.6</ele></trkpt>
      <trkpt lat="50.165455" lon="18.562397"><ele>257.4</ele></trkpt>
      <trkpt lat="50.165468" lon="18.56244"><ele>258.0</ele></trkpt>
      <trkpt lat="50.16548" lon="18.562487"><ele>259.0</ele></trkpt>
      <trkpt lat="50.16548" lon="18.562518"><ele>259.2</ele></trkpt>
      <trkpt lat="50.165483" lon="18.562557"><ele>259.6</ele></trkpt>
      <trkpt lat="50.165487" lon="18.562592"><ele>260.0</ele></trkpt>
      <trkpt lat="50.165493" lon="18.56263"><ele>260.4</ele></trkpt>
      <trkpt lat="50.165497" lon="18.562667"><ele>260.8</ele></trkpt>
      <trkpt lat="50.165503" lon="18.562713"><ele>261.0</ele></trkpt>
      <trkpt lat="50.165507" lon="18.562757"><ele>261.4</ele></trkpt>
      <trkpt lat="50.165513" lon="18.562797"><ele>261.6</ele></trkpt>
      <trkpt lat="50.165517" lon="18.562838"><ele>262.0</ele></trkpt>
      <trkpt lat="50.16552" lon="18.56288"><ele>262.4</ele></trkpt>
      <trkpt lat="50.165525" lon="18.56292"><ele>262.6</ele></trkpt>
      <trkpt lat="50.165535" lon="18.56296"><ele>263.0</ele></trkpt>
      <trkpt lat="50.165545" lon="18.563"><ele>263.2</ele></trkpt>
      <trkpt lat="50.165548" lon="18.563038"><ele>263.6</ele></trkpt>
      <trkpt lat="50.165558" lon="18.563072"><ele>263.8</ele></trkpt>
      <trkpt lat="50.16556" lon="18.563102"><ele>264.2</ele></trkpt>
      <trkpt lat="50.165573" lon="18.563138"><ele>264.4</ele></trkpt>
      <trkpt lat="50.165577" lon="18.563177"><ele>264.6</ele></trkpt>
      <trkpt lat="50.165583" lon="18.563212"><ele>264.8</ele></trkpt>
      <trkpt lat="50.165593" lon="18.563248"><ele>265.0</ele></trkpt>
      <trkpt lat="50.165602" lon="18.563285"><ele>265.2</ele></trkpt>
      <trkpt lat="50.165618" lon="18.56332"><ele>265.4</ele></trkpt>
      <trkpt lat="50.165625" lon="18.563357"><ele>265.6</ele></trkpt>
      <trkpt lat="50.16564" lon="18.563387"><ele>265.8</ele></trkpt>
      <trkpt lat="50.165677" lon="18.563425"><ele>266.0</ele></trkpt>
      <trkpt lat="50.165692" lon="18.56344"><ele>266.2</ele></trkpt>
      <trkpt lat="50.165712" lon="18.56345"><ele>266.4</ele></trkpt>
      <trkpt lat="50.165733" lon="18.56346"><ele>266.6</ele></trkpt>
      <trkpt lat="50.165753" lon="18.563472"><ele>266.6</ele></trkpt>
      <trkpt lat="50.165775" lon="18.563483"><ele>266.8</ele></trkpt>
      <trkpt lat="50.165798" lon="18.563495"><ele>267.0</ele></trkpt>
      <trkpt lat="50.165817" lon="18.5635"><ele>267.0</ele></trkpt>
      <trkpt lat="50.165845" lon="18.56351"><ele>267.2</ele></trkpt>
      <trkpt lat="50.165875" lon="18.563517"><ele>267.4</ele></trkpt>
      <trkpt lat="50.165893" lon="18.563518"><ele>267.4</ele></trkpt>
      <trkpt lat="50.165917" lon="18.56352"><ele>267.6</ele></trkpt>
      <trkpt lat="50.165938" lon="18.563523"><ele>267.6</ele></trkpt>
      <trkpt lat="50.16597" lon="18.563527"><ele>267.8</ele></trkpt>
      <trkpt lat="50.165997" lon="18.56353"><ele>267.8</ele></trkpt>
      <trkpt lat="50.166022" lon="18.563528"><ele>267.8</ele></trkpt>
      <trkpt lat="50.16604" lon="18.563533"><ele>268.0</ele></trkpt>
      <trkpt lat="50.166063" lon="18.563537"><ele>268.0</ele></trkpt>
      <trkpt lat="50.166088" lon="18.563543"><ele>268.0</ele></trkpt>
      <trkpt lat="50.16613" lon="18.563548"><ele>268.2</ele></trkpt>
      <trkpt lat="50.166153" lon="18.56356"><ele>268.2</ele></trkpt>
      <trkpt lat="50.166175" lon="18.563563"><ele>268.4</ele></trkpt>
      <trkpt lat="50.166195" lon="18.563568"><ele>268.4</ele></trkpt>
      <trkpt lat="50.166213" lon="18.563575"><ele>268.6</ele></trkpt>
      <trkpt lat="50.166237" lon="18.563583"><ele>268.6</ele></trkpt>
      <trkpt lat="50.166258" lon="18.56359"><ele>268.6</ele></trkpt>
      <trkpt lat="50.16629" lon="18.563615"><ele>268.8</ele></trkpt>
      <trkpt lat="50.166317" lon="18.56364"><ele>269.0</ele></trkpt>
      <trkpt lat="50.166332" lon="18.563655"><ele>269.0</ele></trkpt>
      <trkpt lat="50.166355" lon="18.563675"><ele>269.0</ele></trkpt>
      <trkpt lat="50.16637" lon="18.563687"><ele>269.0</ele></trkpt>
      <trkpt lat="50.16639" lon="18.563698"><ele>269.0</ele></trkpt>
      <trkpt lat="50.166408" lon="18.563715"><ele>269.2</ele></trkpt>
      <trkpt lat="50.16644" lon="18.563745"><ele>269.2</ele></trkpt>
      <trkpt lat="50.166457" lon="18.563758"><ele>269.2</ele></trkpt>
      <trkpt lat="50.16648" lon="18.563788"><ele>269.2</ele></trkpt>
      <trkpt lat="50.166498" lon="18.563803"><ele>269.2</ele></trkpt>
      <trkpt lat="50.166533" lon="18.563832"><ele>269.2</ele></trkpt>
      <trkpt lat="50.166547" lon="18.563852"><ele>269.2</ele></trkpt>
      <trkpt lat="50.166565" lon="18.563868"><ele>269.2</ele></trkpt>
      <trkpt lat="50.166595" lon="18.563898"><ele>269.2</ele></trkpt>
      <trkpt lat="50.166613" lon="18.563917"><ele>269.4</ele></trkpt>
      <trkpt lat="50.166633" lon="18.563932"><ele>269.4</ele></trkpt>
      <trkpt lat="50.166665" lon="18.563963"><ele>269.2</ele></trkpt>
      <trkpt lat="50.166687" lon="18.563985"><ele>269.2</ele></trkpt>
      <trkpt lat="50.166717" lon="18.564023"><ele>269.2</ele></trkpt>
      <trkpt lat="50.166725" lon="18.56406"><ele>269.2</ele></trkpt>
      <trkpt lat="50.166717" lon="18.56409"><ele>269.2</ele></trkpt>
      <trkpt lat="50.1667" lon="18.564115"><ele>269.2</ele></trkpt>
      <trkpt lat="50.16668" lon="18.56415"><ele>269.2</ele></trkpt>
      <trkpt lat="50.166652" lon="18.56418"><ele>269.2</ele></trkpt>
      <trkpt lat="50.16663" lon="18.5642"><ele>269.2</ele></trkpt>
      <trkpt lat="50.166607" lon="18.564215"><ele>269.2</ele></trkpt>
      <trkpt lat="50.166588" lon="18.564235"><ele>269.2</ele></trkpt>
      <trkpt lat="50.16656" lon="18.564252"><ele>269.4</ele></trkpt>
      <trkpt lat="50.166537" lon="18.564268"><ele>269.4</ele></trkpt>
      <trkpt lat="50.166515" lon="18.56428"><ele>269.4</ele></trkpt>
      <trkpt lat="50.166492" lon="18.564288"><ele>269.4</ele></trkpt>
      <trkpt lat="50.16647" lon="18.564298"><ele>269.4</ele></trkpt>
      <trkpt lat="50.16645" lon="18.564315"><ele>269.4</ele></trkpt>
      <trkpt lat="50.166432" lon="18.564338"><ele>269.4</ele></trkpt>
      <trkpt lat="50.166408" lon="18.564358"><ele>269.4</ele></trkpt>
      <trkpt lat="50.166387" lon="18.564372"><ele>269.4</ele></trkpt>
      <trkpt lat="50.166367" lon="18.564382"><ele>269.4</ele></trkpt>
      <trkpt lat="50.166348" lon="18.564393"><ele>269.4</ele></trkpt>
      <trkpt lat="50.166317" lon="18.564408"><ele>269.6</ele></trkpt>
      <trkpt lat="50.166293" lon="18.564412"><ele>269.6</ele></trkpt>
      <trkpt lat="50.166268" lon="18.56442"><ele>269.6</ele></trkpt>
      <trkpt lat="50.16624" lon="18.564422"><ele>269.6</ele></trkpt>
      <trkpt lat="50.166203" lon="18.56443"><ele>269.6</ele></trkpt>
      <trkpt lat="50.166168" lon="18.564438"><ele>269.6</ele></trkpt>
      <trkpt lat="50.166137" lon="18.564453"><ele>269.4</ele></trkpt>
      <trkpt lat="50.166102" lon="18.564472"><ele>269.4</ele></trkpt>
      <trkpt lat="50.166073" lon="18.56449"><ele>269.4</ele></trkpt>
      <trkpt lat="50.166038" lon="18.564512"><ele>269.4</ele></trkpt>
      <trkpt lat="50.166012" lon="18.56453"><ele>269.2</ele></trkpt>
      <trkpt lat="50.165983" lon="18.564547"><ele>269.2</ele></trkpt>
      <trkpt lat="50.165955" lon="18.56456"><ele>269.2</ele></trkpt>
      <trkpt lat="50.165932" lon="18.564577"><ele>269.0</ele></trkpt>
      <trkpt lat="50.16591" lon="18.56459"><ele>269.0</ele></trkpt>
      <trkpt lat="50.165883" lon="18.564608"><ele>269.0</ele></trkpt>
      <trkpt lat="50.16584" lon="18.564642"><ele>269.0</ele></trkpt>
      <trkpt lat="50.165817" lon="18.564652"><ele>268.8</ele></trkpt>
      <trkpt lat="50.165798" lon="18.564662"><ele>268.8</ele></trkpt>
      <trkpt lat="50.165778" lon="18.564672"><ele>268.8</ele></trkpt>
      <trkpt lat="50.165762" lon="18.564685"><ele>268.8</ele></trkpt>
      <trkpt lat="50.165733" lon="18.5647"><ele>268.6</ele></trkpt>
      <trkpt lat="50.165718" lon="18.564725"><ele>268.6</ele></trkpt>
      <trkpt lat="50.165698" lon="18.564732"><ele>268.4</ele></trkpt>
      <trkpt lat="50.165663" lon="18.564748"><ele>268.2</ele></trkpt>
      <trkpt lat="50.165618" lon="18.564752"><ele>268.2</ele></trkpt>
      <trkpt lat="50.165593" lon="18.56476"><ele>268.2</ele></trkpt>
      <trkpt lat="50.165573" lon="18.564777"><ele>268.2</ele></trkpt>
      <trkpt lat="50.165542" lon="18.56477"><ele>268.4</ele></trkpt>
      <trkpt lat="50.165507" lon="18.564772"><ele>268.4</ele></trkpt>
      <trkpt lat="50.16548" lon="18.564768"><ele>268.6</ele></trkpt>
      <trkpt lat="50.165445" lon="18.56478"><ele>268.8</ele></trkpt>
      <trkpt lat="50.16542" lon="18.564785"><ele>268.8</ele></trkpt>
      <trkpt lat="50.165398" lon="18.564792"><ele>269.2</ele></trkpt>
      <trkpt lat="50.165378" lon="18.564797"><ele>269.4</ele></trkpt>
      <trkpt lat="50.16536" lon="18.564803"><ele>269.6</ele></trkpt>
      <trkpt lat="50.16534" lon="18.564813"><ele>270.0</ele></trkpt>
      <trkpt lat="50.16532" lon="18.564817"><ele>270.2</ele></trkpt>
      <trkpt lat="50.165302" lon="18.564825"><ele>270.4</ele></trkpt>
      <trkpt lat="50.165282" lon="18.56483"><ele>270.8</ele></trkpt>
      <trkpt lat="50.16525" lon="18.564837"><ele>271.2</ele></trkpt>
      <trkpt lat="50.165228" lon="18.564847"><ele>271.6</ele></trkpt>
      <trkpt lat="50.165205" lon="18.564857"><ele>271.8</ele></trkpt>
      <trkpt lat="50.165187" lon="18.56487"><ele>272.2</ele></trkpt>
      <trkpt lat="50.165163" lon="18.56488"><ele>272.4</ele></trkpt>
      <trkpt lat="50.165135" lon="18.564898"><ele>273.2</ele></trkpt>
      <trkpt lat="50.165117" lon="18.564903"><ele>273.6</ele></trkpt>
      <trkpt lat="50.165097" lon="18.564915"><ele>273.8</ele></trkpt>
      <trkpt lat="50.165078" lon="18.56492"><ele>274.2</ele></trkpt>
      <trkpt lat="50.165042" lon="18.56494"><ele>275.0</ele></trkpt>
      <trkpt lat="50.165023" lon="18.564955"><ele>275.4</ele></trkpt>
      <trkpt lat="50.164992" lon="18.564968"><ele>276.0</ele></trkpt>
      <trkpt lat="50.164965" lon="18.564987"><ele>276.8</ele></trkpt>
      <trkpt lat="50.164947" lon="18.56499"><ele>277.0</ele></trkpt>
      <trkpt lat="50.164912" lon="18.565002"><ele>277.6</ele></trkpt>
      <trkpt lat="50.164885" lon="18.56501"><ele>278.0</ele></trkpt>
      <trkpt lat="50.164853" lon="18.565025"><ele>278.4</ele></trkpt>
      <trkpt lat="50.164812" lon="18.565052"><ele>278.8</ele></trkpt>
      <trkpt lat="50.16479" lon="18.565063"><ele>279.0</ele></trkpt>
      <trkpt lat="50.164767" lon="18.565068"><ele>279.2</ele></trkpt>
      <trkpt lat="50.164748" lon="18.565075"><ele>279.2</ele></trkpt>
      <trkpt lat="50.164728" lon="18.56508"><ele>279.4</ele></trkpt>
      <trkpt lat="50.164703" lon="18.565093"><ele>279.6</ele></trkpt>
      <trkpt lat="50.164668" lon="18.565115"><ele>279.8</ele></trkpt>
      <trkpt lat="50.164648" lon="18.565122"><ele>279.8</ele></trkpt>
      <trkpt lat="50.16463" lon="18.565135"><ele>280.0</ele></trkpt>
      <trkpt lat="50.16461" lon="18.565145"><ele>280.0</ele></trkpt>
      <trkpt lat="50.164592" lon="18.565153"><ele>280.0</ele></trkpt>
      <trkpt lat="50.16456" lon="18.565167"><ele>280.2</ele></trkpt>
      <trkpt lat="50.16454" lon="18.565178"><ele>280.0</ele></trkpt>
      <trkpt lat="50.164512" lon="18.565188"><ele>280.0</ele></trkpt>
      <trkpt lat="50.164485" lon="18.5652"><ele>280.0</ele></trkpt>
      <trkpt lat="50.16446" lon="18.565212"><ele>280.0</ele></trkpt>
      <trkpt lat="50.164428" lon="18.565227"><ele>279.8</ele></trkpt>
      <trkpt lat="50.164408" lon="18.565242"><ele>279.8</ele></trkpt>
      <trkpt lat="50.164387" lon="18.565253"><ele>279.8</ele></trkpt>
      <trkpt lat="50.164367" lon="18.565268"><ele>279.6</ele></trkpt>
      <trkpt lat="50.164345" lon="18.56528"><ele>279.6</ele></trkpt>
      <trkpt lat="50.164313" lon="18.565303"><ele>279.6</ele></trkpt>
      <trkpt lat="50.164287" lon="18.565317"><ele>279.4</ele></trkpt>
      <trkpt lat="50.164262" lon="18.565332"><ele>279.4</ele></trkpt>
      <trkpt lat="50.164227" lon="18.565342"><ele>279.2</ele></trkpt>
      <trkpt lat="50.164195" lon="18.565357"><ele>279.2</ele></trkpt>
      <trkpt lat="50.164162" lon="18.565377"><ele>279.0</ele></trkpt>
      <trkpt lat="50.16413" lon="18.565402"><ele>279.0</ele></trkpt>
      <trkpt lat="50.164098" lon="18.565423"><ele>278.8</ele></trkpt>
      <trkpt lat="50.164077" lon="18.56544"><ele>278.8</ele></trkpt>
      <trkpt lat="50.16405" lon="18.565463"><ele>278.8</ele></trkpt>
      <trkpt lat="50.164015" lon="18.56548"><ele>278.6</ele></trkpt>
      <trkpt lat="50.16399" lon="18.565497"><ele>278.6</ele></trkpt>
      <trkpt lat="50.163958" lon="18.56552"><ele>278.4</ele></trkpt>
      <trkpt lat="50.16392" lon="18.565543"><ele>278.4</ele></trkpt>
      <trkpt lat="50.163887" lon="18.565572"><ele>278.2</ele></trkpt>
      <trkpt lat="50.163855" lon="18.565583"><ele>278.0</ele></trkpt>
      <trkpt lat="50.16382" lon="18.565602"><ele>277.8</ele></trkpt>
      <trkpt lat="50.163792" lon="18.565623"><ele>277.6</ele></trkpt>
      <trkpt lat="50.16376" lon="18.565645"><ele>277.4</ele></trkpt>
      <trkpt lat="50.16373" lon="18.56567"><ele>277.2</ele></trkpt>
      <trkpt lat="50.163698" lon="18.565695"><ele>277.0</ele></trkpt>
      <trkpt lat="50.16367" lon="18.56572"><ele>276.8</ele></trkpt>
      <trkpt lat="50.16364" lon="18.565728"><ele>276.6</ele></trkpt>
      <trkpt lat="50.163612" lon="18.565738"><ele>276.2</ele></trkpt>
      <trkpt lat="50.163587" lon="18.565748"><ele>276.2</ele></trkpt>
      <trkpt lat="50.163555" lon="18.565767"><ele>275.8</ele></trkpt>
      <trkpt lat="50.163522" lon="18.565783"><ele>275.6</ele></trkpt>
      <trkpt lat="50.163493" lon="18.565803"><ele>275.4</ele></trkpt>
      <trkpt lat="50.163462" lon="18.565822"><ele>275.2</ele></trkpt>
      <trkpt lat="50.16344" lon="18.56584"><ele>274.8</ele></trkpt>
      <trkpt lat="50.163403" lon="18.565872"><ele>274.4</ele></trkpt>
      <trkpt lat="50.163368" lon="18.565897"><ele>274.2</ele></trkpt>
      <trkpt lat="50.163337" lon="18.565917"><ele>274.0</ele></trkpt>
      <trkpt lat="50.163298" lon="18.565938"><ele>273.6</ele></trkpt>
      <trkpt lat="50.163263" lon="18.565957"><ele>273.4</ele></trkpt>
      <trkpt lat="50.163238" lon="18.56597"><ele>273.2</ele></trkpt>
      <trkpt lat="50.163208" lon="18.565987"><ele>272.8</ele></trkpt>
      <trkpt lat="50.16317" lon="18.566"><ele>272.4</ele></trkpt>
      <trkpt lat="50.163138" lon="18.566008"><ele>272.4</ele></trkpt>
      <trkpt lat="50.163103" lon="18.566022"><ele>272.0</ele></trkpt>
      <trkpt lat="50.163072" lon="18.566045"><ele>271.8</ele></trkpt>
      <trkpt lat="50.163037" lon="18.56606"><ele>271.6</ele></trkpt>
      <trkpt lat="50.163" lon="18.566078"><ele>271.2</ele></trkpt>
      <trkpt lat="50.162972" lon="18.566088"><ele>271.0</ele></trkpt>
      <trkpt lat="50.16294" lon="18.566098"><ele>270.6</ele></trkpt>
      <trkpt lat="50.162915" lon="18.56611"><ele>270.4</ele></trkpt>
      <trkpt lat="50.16288" lon="18.56613"><ele>270.2</ele></trkpt>
      <trkpt lat="50.162847" lon="18.566148"><ele>270.0</ele></trkpt>
      <trkpt lat="50.162812" lon="18.566175"><ele>270.0</ele></trkpt>
      <trkpt lat="50.162783" lon="18.56619"><ele>269.8</ele></trkpt>
      <trkpt lat="50.16276" lon="18.5662"><ele>269.8</ele></trkpt>
      <trkpt lat="50.162735" lon="18.566213"><ele>269.6</ele></trkpt>
      <trkpt lat="50.162703" lon="18.56623"><ele>269.6</ele></trkpt>
      <trkpt lat="50.162678" lon="18.566243"><ele>269.6</ele></trkpt>
      <trkpt lat="50.162648" lon="18.566248"><ele>269.8</ele></trkpt>
      <trkpt lat="50.162623" lon="18.566257"><ele>269.8</ele></trkpt>
      <trkpt lat="50.162598" lon="18.566267"><ele>270.0</ele></trkpt>
      <trkpt lat="50.162565" lon="18.566268"><ele>270.0</ele></trkpt>
      <trkpt lat="50.162537" lon="18.56628"><ele>270.2</ele></trkpt>
      <trkpt lat="50.162508" lon="18.566288"><ele>270.4</ele></trkpt>
      <trkpt lat="50.16247" lon="18.56631"><ele>270.8</ele></trkpt>
      <trkpt lat="50.162443" lon="18.566323"><ele>271.0</ele></trkpt>
      <trkpt lat="50.162422" lon="18.566337"><ele>271.2</ele></trkpt>
      <trkpt lat="50.1624" lon="18.566348"><ele>271.4</ele></trkpt>
      <trkpt lat="50.162363" lon="18.566343"><ele>271.6</ele></trkpt>
      <trkpt lat="50.162338" lon="18.566347"><ele>271.8</ele></trkpt>
      <trkpt lat="50.16231" lon="18.566357"><ele>272.0</ele></trkpt>
      <trkpt lat="50.162287" lon="18.566373"><ele>272.2</ele></trkpt>
      <trkpt lat="50.162265" lon="18.566383"><ele>272.4</ele></trkpt>
      <trkpt lat="50.162245" lon="18.566388"><ele>272.6</ele></trkpt>
      <trkpt lat="50.16222" lon="18.566395"><ele>272.8</ele></trkpt>
      <trkpt lat="50.162198" lon="18.566407"><ele>273.0</ele></trkpt>
      <trkpt lat="50.162178" lon="18.566418"><ele>273.4</ele></trkpt>
      <trkpt lat="50.16216" lon="18.566425"><ele>273.6</ele></trkpt>
      <trkpt lat="50.16214" lon="18.566428"><ele>273.8</ele></trkpt>
      <trkpt lat="50.162118" lon="18.566438"><ele>274.0</ele></trkpt>
      <trkpt lat="50.162088" lon="18.566447"><ele>274.2</ele></trkpt>
      <trkpt lat="50.162067" lon="18.566452"><ele>274.4</ele></trkpt>
      <trkpt lat="50.162043" lon="18.566455"><ele>274.6</ele></trkpt>
      <trkpt lat="50.162025" lon="18.56646"><ele>274.6</ele></trkpt>
      <trkpt lat="50.162005" lon="18.566468"><ele>274.8</ele></trkpt>
      <trkpt lat="50.161983" lon="18.566477"><ele>274.8</ele></trkpt>
      <trkpt lat="50.161952" lon="18.566485"><ele>275.0</ele></trkpt>
      <trkpt lat="50.161922" lon="18.566497"><ele>275.2</ele></trkpt>
      <trkpt lat="50.16189" lon="18.566497"><ele>275.2</ele></trkpt>
      <trkpt lat="50.161865" lon="18.566497"><ele>275.4</ele></trkpt>
      <trkpt lat="50.16184" lon="18.566493"><ele>275.6</ele></trkpt>
      <trkpt lat="50.16181" lon="18.566493"><ele>275.6</ele></trkpt>
      <trkpt lat="50.161788" lon="18.566485"><ele>275.8</ele></trkpt>
      <trkpt lat="50.161765" lon="18.566487"><ele>276.0</ele></trkpt>
      <trkpt lat="50.161747" lon="18.566487"><ele>276.2</ele></trkpt>
      <trkpt lat="50.161715" lon="18.566478"><ele>276.6</ele></trkpt>
      <trkpt lat="50.161692" lon="18.56646"><ele>276.8</ele></trkpt>
      <trkpt lat="50.16167" lon="18.566415"><ele>277.2</ele></trkpt>
      <trkpt lat="50.161667" lon="18.566387"><ele>277.4</ele></trkpt>
      <trkpt lat="50.161653" lon="18.566353"><ele>277.6</ele></trkpt>
      <trkpt lat="50.161647" lon="18.56632"><ele>277.6</ele></trkpt>
      <trkpt lat="50.161635" lon="18.566287"><ele>277.8</ele></trkpt>
      <trkpt lat="50.161622" lon="18.56625"><ele>277.8</ele></trkpt>
      <trkpt lat="50.161605" lon="18.566217"><ele>277.8</ele></trkpt>
      <trkpt lat="50.161597" lon="18.56618"><ele>278.0</ele></trkpt>
      <trkpt lat="50.161587" lon="18.56614"><ele>278.0</ele></trkpt>
      <trkpt lat="50.16157" lon="18.566098"><ele>278.0</ele></trkpt>
      <trkpt lat="50.161555" lon="18.56606"><ele>278.0</ele></trkpt>
      <trkpt lat="50.161545" lon="18.566027"><ele>278.0</ele></trkpt>
      <trkpt lat="50.161535" lon="18.565987"><ele>278.0</ele></trkpt>
      <trkpt lat="50.161525" lon="18.565947"><ele>278.0</ele></trkpt>
      <trkpt lat="50.16151" lon="18.565893"><ele>277.8</ele></trkpt>
      <trkpt lat="50.161493" lon="18.565847"><ele>277.8</ele></trkpt>
      <trkpt lat="50.161483" lon="18.565798"><ele>277.6</ele></trkpt>
      <trkpt lat="50.161475" lon="18.565743"><ele>277.6</ele></trkpt>
      <trkpt lat="50.161455" lon="18.565675"><ele>277.4</ele></trkpt>
      <trkpt lat="50.161442" lon="18.565602"><ele>277.2</ele></trkpt>
      <trkpt lat="50.161423" lon="18.565517"><ele>277.0</ele></trkpt>
      <trkpt lat="50.161398" lon="18.56542"><ele>276.8</ele></trkpt>
      <trkpt lat="50.161375" lon="18.565342"><ele>276.6</ele></trkpt>
      <trkpt lat="50.16135" lon="18.565258"><ele>276.2</ele></trkpt>
      <trkpt lat="50.161333" lon="18.565183"><ele>276.0</ele></trkpt>
      <trkpt lat="50.161312" lon="18.565108"><ele>275.6</ele></trkpt>
      <trkpt lat="50.161298" lon="18.565042"><ele>275.2</ele></trkpt>
      <trkpt lat="50.161292" lon="18.564965"><ele>274.6</ele></trkpt>
      <trkpt lat="50.16128" lon="18.56488"><ele>274.4</ele></trkpt>
      <trkpt lat="50.16127" lon="18.564803"><ele>274.0</ele></trkpt>
      <trkpt lat="50.161263" lon="18.564725"><ele>273.4</ele></trkpt>
      <trkpt lat="50.161243" lon="18.56463"><ele>273.0</ele></trkpt>
      <trkpt lat="50.161228" lon="18.56454"><ele>272.4</ele></trkpt>
      <trkpt lat="50.161205" lon="18.564457"><ele>271.8</ele></trkpt>
      <trkpt lat="50.161177" lon="18.56438"><ele>271.2</ele></trkpt>
      <trkpt lat="50.16117" lon="18.564305"><ele>270.8</ele></trkpt>
      <trkpt lat="50.161155" lon="18.564233"><ele>270.2</ele></trkpt>
      <trkpt lat="50.161145" lon="18.56416"><ele>269.6</ele></trkpt>
      <trkpt lat="50.161132" lon="18.56409"><ele>268.8</ele></trkpt>
      <trkpt lat="50.161125" lon="18.564033"><ele>268.2</ele></trkpt>
      <trkpt lat="50.161113" lon="18.56397"><ele>267.8</ele></trkpt>
      <trkpt lat="50.16111" lon="18.563907"><ele>267.2</ele></trkpt>
      <trkpt lat="50.161107" lon="18.563843"><ele>266.6</ele></trkpt>
      <trkpt lat="50.161097" lon="18.563775"><ele>265.8</ele></trkpt>
      <trkpt lat="50.161087" lon="18.563702"><ele>265.2</ele></trkpt>
      <trkpt lat="50.161068" lon="18.563608"><ele>264.6</ele></trkpt>
      <trkpt lat="50.161048" lon="18.563517"><ele>264.2</ele></trkpt>
      <trkpt lat="50.161033" lon="18.563435"><ele>263.6</ele></trkpt>
      <trkpt lat="50.16102" lon="18.56336"><ele>263.2</ele></trkpt>
      <trkpt lat="50.16101" lon="18.563288"><ele>262.6</ele></trkpt>
      <trkpt lat="50.161" lon="18.56322"><ele>262.0</ele></trkpt>
      <trkpt lat="50.160992" lon="18.563152"><ele>261.8</ele></trkpt>
      <trkpt lat="50.160978" lon="18.563087"><ele>261.4</ele></trkpt>
      <trkpt lat="50.160968" lon="18.563012"><ele>260.8</ele></trkpt>
      <trkpt lat="50.160953" lon="18.562938"><ele>260.6</ele></trkpt>
      <trkpt lat="50.160937" lon="18.562863"><ele>260.2</ele></trkpt>
      <trkpt lat="50.160918" lon="18.562797"><ele>260.0</ele></trkpt>
      <trkpt lat="50.160908" lon="18.56273"><ele>259.6</ele></trkpt>
      <trkpt lat="50.160895" lon="18.56266"><ele>259.2</ele></trkpt>
      <trkpt lat="50.160888" lon="18.5626"><ele>259.0</ele></trkpt>
      <trkpt lat="50.160873" lon="18.562535"><ele>258.8</ele></trkpt>
      <trkpt lat="50.16086" lon="18.562478"><ele>258.4</ele></trkpt>
      <trkpt lat="50.160847" lon="18.562408"><ele>258.0</ele></trkpt>
      <trkpt lat="50.160828" lon="18.562335"><ele>257.8</ele></trkpt>
      <trkpt lat="50.160815" lon="18.56227"><ele>257.2</ele></trkpt>
      <trkpt lat="50.1608" lon="18.562208"><ele>257.0</ele></trkpt>
      <trkpt lat="50.16078" lon="18.562147"><ele>256.6</ele></trkpt>
      <trkpt lat="50.160767" lon="18.56208"><ele>256.2</ele></trkpt>
      <trkpt lat="50.160752" lon="18.562018"><ele>255.8</ele></trkpt>
      <trkpt lat="50.160728" lon="18.561977"><ele>255.4</ele></trkpt>
      <trkpt lat="50.1607" lon="18.561947"><ele>255.0</ele></trkpt>
      <trkpt lat="50.160675" lon="18.561935"><ele>254.4</ele></trkpt>
      <trkpt lat="50.160648" lon="18.561932"><ele>254.0</ele></trkpt>
      <trkpt lat="50.160617" lon="18.561935"><ele>253.6</ele></trkpt>
      <trkpt lat="50.160595" lon="18.561942"><ele>253.2</ele></trkpt>
      <trkpt lat="50.160568" lon="18.561958"><ele>252.8</ele></trkpt>
      <trkpt lat="50.16054" lon="18.56198"><ele>252.4</ele></trkpt>
      <trkpt lat="50.160518" lon="18.562003"><ele>251.8</ele></trkpt>
      <trkpt lat="50.160498" lon="18.562018"><ele>251.4</ele></trkpt>
      <trkpt lat="50.160473" lon="18.56205"><ele>250.8</ele></trkpt>
      <trkpt lat="50.16045" lon="18.562068"><ele>250.4</ele></trkpt>
      <trkpt lat="50.160425" lon="18.562077"><ele>250.0</ele></trkpt>
      <trkpt lat="50.160402" lon="18.562087"><ele>249.4</ele></trkpt>
      <trkpt lat="50.160377" lon="18.562093"><ele>249.2</ele></trkpt>
      <trkpt lat="50.160355" lon="18.562107"><ele>248.6</ele></trkpt>
      <trkpt lat="50.160332" lon="18.562117"><ele>248.2</ele></trkpt>
      <trkpt lat="50.16031" lon="18.56213"><ele>247.8</ele></trkpt>
      <trkpt lat="50.16029" lon="18.562143"><ele>247.4</ele></trkpt>
      <trkpt lat="50.160262" lon="18.562155"><ele>247.0</ele></trkpt>
      <trkpt lat="50.16024" lon="18.562168"><ele>246.8</ele></trkpt>
      <trkpt lat="50.160213" lon="18.562183"><ele>246.4</ele></trkpt>
      <trkpt lat="50.160185" lon="18.562197"><ele>246.0</ele></trkpt>
      <trkpt lat="50.160165" lon="18.56221"><ele>245.8</ele></trkpt>
      <trkpt lat="50.160133" lon="18.562228"><ele>245.0</ele></trkpt>
      <trkpt lat="50.160098" lon="18.562228"><ele>244.6</ele></trkpt>
      <trkpt lat="50.160073" lon="18.562228"><ele>244.4</ele></trkpt>
      <trkpt lat="50.160043" lon="18.562237"><ele>244.2</ele></trkpt>
      <trkpt lat="50.160025" lon="18.562242"><ele>244.0</ele></trkpt>
      <trkpt lat="50.160005" lon="18.562242"><ele>243.8</ele></trkpt>
      <trkpt lat="50.15998" lon="18.562253"><ele>243.6</ele></trkpt>
      <trkpt lat="50.159958" lon="18.562265"><ele>243.6</ele></trkpt>
      <trkpt lat="50.159928" lon="18.562275"><ele>243.4</ele></trkpt>
      <trkpt lat="50.159907" lon="18.562283"><ele>243.4</ele></trkpt>
      <trkpt lat="50.159883" lon="18.562288"><ele>243.2</ele></trkpt>
      <trkpt lat="50.159865" lon="18.562292"><ele>243.2</ele></trkpt>
      <trkpt lat="50.159842" lon="18.562295"><ele>243.2</ele></trkpt>
      <trkpt lat="50.159823" lon="18.562307"><ele>243.2</ele></trkpt>
      <trkpt lat="50.159785" lon="18.56232"><ele>243.2</ele></trkpt>
      <trkpt lat="50.15976" lon="18.562327"><ele>243.2</ele></trkpt>
      <trkpt lat="50.159737" lon="18.562335"><ele>243.2</ele></trkpt>
      <trkpt lat="50.159715" lon="18.562355"><ele>243.4</ele></trkpt>
      <trkpt lat="50.159688" lon="18.562373"><ele>243.4</ele></trkpt>
      <trkpt lat="50.159667" lon="18.562392"><ele>243.4</ele></trkpt>
      <trkpt lat="50.159643" lon="18.562405"><ele>243.4</ele></trkpt>
      <trkpt lat="50.159608" lon="18.562423"><ele>243.4</ele></trkpt>
      <trkpt lat="50.15959" lon="18.56244"><ele>243.4</ele></trkpt>
      <trkpt lat="50.159563" lon="18.562467"><ele>243.4</ele></trkpt>
      <trkpt lat="50.159535" lon="18.562475"><ele>243.4</ele></trkpt>
      <trkpt lat="50.159507" lon="18.562487"><ele>243.2</ele></trkpt>
      <trkpt lat="50.159472" lon="18.562495"><ele>243.2</ele></trkpt>
      <trkpt lat="50.159448" lon="18.562507"><ele>243.2</ele></trkpt>
      <trkpt lat="50.159368" lon="18.562552"><ele>242.8</ele></trkpt>
      <trkpt lat="50.15935" lon="18.562563"><ele>242.6</ele></trkpt>
      <trkpt lat="50.159318" lon="18.562587"><ele>242.4</ele></trkpt>
      <trkpt lat="50.159292" lon="18.562612"><ele>242.4</ele></trkpt>
      <trkpt lat="50.159263" lon="18.56264"><ele>242.2</ele></trkpt>
      <trkpt lat="50.159232" lon="18.562655"><ele>242.0</ele></trkpt>
      <trkpt lat="50.159208" lon="18.562667"><ele>241.6</ele></trkpt>
      <trkpt lat="50.159183" lon="18.56268"><ele>241.4</ele></trkpt>
      <trkpt lat="50.15916" lon="18.562693"><ele>241.2</ele></trkpt>
      <trkpt lat="50.159075" lon="18.562742"><ele>240.4</ele></trkpt>
      <trkpt lat="50.159027" lon="18.562773"><ele>239.6</ele></trkpt>
      <trkpt lat="50.159003" lon="18.562785"><ele>239.4</ele></trkpt>
      <trkpt lat="50.158982" lon="18.562797"><ele>239.0</ele></trkpt>
      <trkpt lat="50.158953" lon="18.562805"><ele>238.6</ele></trkpt>
      <trkpt lat="50.158927" lon="18.562818"><ele>238.2</ele></trkpt>
      <trkpt lat="50.158908" lon="18.562833"><ele>238.0</ele></trkpt>
      <trkpt lat="50.158873" lon="18.562852"><ele>237.2</ele></trkpt>
      <trkpt lat="50.158853" lon="18.562863"><ele>236.8</ele></trkpt>
      <trkpt lat="50.158832" lon="18.562882"><ele>236.0</ele></trkpt>
      <trkpt lat="50.158812" lon="18.56289"><ele>235.6</ele></trkpt>
      <trkpt lat="50.158793" lon="18.562885"><ele>234.6</ele></trkpt>
      <trkpt lat="50.158752" lon="18.562913"><ele>229.2</ele></trkpt>
      <trkpt lat="50.158725" lon="18.562928"><ele>229.2</ele></trkpt>
      <trkpt lat="50.158703" lon="18.562942"><ele>229.2</ele></trkpt>
      <trkpt lat="50.158678" lon="18.562955"><ele>229.2</ele></trkpt>
      <trkpt lat="50.158655" lon="18.562963"><ele>229.2</ele></trkpt>
      <trkpt lat="50.15863" lon="18.56298"><ele>229.2</ele></trkpt>
      <trkpt lat="50.158607" lon="18.562992"><ele>229.2</ele></trkpt>
      <trkpt lat="50.158588" lon="18.563"><ele>229.2</ele></trkpt>
      <trkpt lat="50.158565" lon="18.563008"><ele>229.2</ele></trkpt>
      <trkpt lat="50.158547" lon="18.56302"><ele>229.2</ele></trkpt>
      <trkpt lat="50.158523" lon="18.56304"><ele>229.4</ele></trkpt>
      <trkpt lat="50.158495" lon="18.563048"><ele>229.4</ele></trkpt>
      <trkpt lat="50.15847" lon="18.563067"><ele>229.6</ele></trkpt>
      <trkpt lat="50.158435" lon="18.563087"><ele>229.6</ele></trkpt>
      <trkpt lat="50.158408" lon="18.563108"><ele>229.6</ele></trkpt>
      <trkpt lat="50.158387" lon="18.563125"><ele>229.6</ele></trkpt>
      <trkpt lat="50.158367" lon="18.56314"><ele>229.6</ele></trkpt>
      <trkpt lat="50.158352" lon="18.563153"><ele>229.6</ele></trkpt>
      <trkpt lat="50.158335" lon="18.563168"><ele>229.6</ele></trkpt>
      <trkpt lat="50.158317" lon="18.563182"><ele>229.8</ele></trkpt>
      <trkpt lat="50.158297" lon="18.563197"><ele>229.8</ele></trkpt>
      <trkpt lat="50.158278" lon="18.56321"><ele>229.8</ele></trkpt>
      <trkpt lat="50.15824" lon="18.563232"><ele>229.8</ele></trkpt>
      <trkpt lat="50.158217" lon="18.563247"><ele>229.8</ele></trkpt>
      <trkpt lat="50.158192" lon="18.563262"><ele>230.0</ele></trkpt>
      <trkpt lat="50.158168" lon="18.563273"><ele>230.0</ele></trkpt>
      <trkpt lat="50.15814" lon="18.563278"><ele>230.2</ele></trkpt>
      <trkpt lat="50.158118" lon="18.56328"><ele>230.2</ele></trkpt>
      <trkpt lat="50.158098" lon="18.563288"><ele>230.2</ele></trkpt>
      <trkpt lat="50.158077" lon="18.563297"><ele>230.4</ele></trkpt>
      <trkpt lat="50.158057" lon="18.56331"><ele>230.4</ele></trkpt>
      <trkpt lat="50.158035" lon="18.563317"><ele>230.4</ele></trkpt>
      <trkpt lat="50.158" lon="18.56333"><ele>230.4</ele></trkpt>
      <trkpt lat="50.15798" lon="18.56334"><ele>230.4</ele></trkpt>
      <trkpt lat="50.157948" lon="18.56336"><ele>230.4</ele></trkpt>
      <trkpt lat="50.157928" lon="18.563375"><ele>230.4</ele></trkpt>
      <trkpt lat="50.1579" lon="18.563392"><ele>230.4</ele></trkpt>
      <trkpt lat="50.15788" lon="18.563405"><ele>230.2</ele></trkpt>
      <trkpt lat="50.157858" lon="18.56342"><ele>230.2</ele></trkpt>
      <trkpt lat="50.15784" lon="18.563435"><ele>230.2</ele></trkpt>
      <trkpt lat="50.15782" lon="18.56345"><ele>230.2</ele></trkpt>
      <trkpt lat="50.157803" lon="18.563463"><ele>230.2</ele></trkpt>
      <trkpt lat="50.157768" lon="18.563483"><ele>230.2</ele></trkpt>
      <trkpt lat="50.157733" lon="18.563503"><ele>230.2</ele></trkpt>
      <trkpt lat="50.157715" lon="18.563517"><ele>230.0</ele></trkpt>
      <trkpt lat="50.157677" lon="18.563535"><ele>230.0</ele></trkpt>
      <trkpt lat="50.15765" lon="18.563548"><ele>230.0</ele></trkpt>
      <trkpt lat="50.157622" lon="18.563557"><ele>230.0</ele></trkpt>
      <trkpt lat="50.157597" lon="18.563563"><ele>230.2</ele></trkpt>
      <trkpt lat="50.157563" lon="18.563575"><ele>230.2</ele></trkpt>
      <trkpt lat="50.157538" lon="18.563585"><ele>230.2</ele></trkpt>
      <trkpt lat="50.15751" lon="18.563588"><ele>230.2</ele></trkpt>
      <trkpt lat="50.15748" lon="18.563595"><ele>230.2</ele></trkpt>
      <trkpt lat="50.157458" lon="18.563605"><ele>230.4</ele></trkpt>
      <trkpt lat="50.157433" lon="18.563615"><ele>230.4</ele></trkpt>
      <trkpt lat="50.15741" lon="18.563625"><ele>230.4</ele></trkpt>
      <trkpt lat="50.157385" lon="18.563633"><ele>230.6</ele></trkpt>
      <trkpt lat="50.157362" lon="18.563642"><ele>230.6</ele></trkpt>
      <trkpt lat="50.157343" lon="18.563648"><ele>230.8</ele></trkpt>
      <trkpt lat="50.15732" lon="18.563657"><ele>230.8</ele></trkpt>
      <trkpt lat="50.157295" lon="18.563668"><ele>231.0</ele></trkpt>
      <trkpt lat="50.157267" lon="18.563682"><ele>231.2</ele></trkpt>
      <trkpt lat="50.15724" lon="18.563695"><ele>231.4</ele></trkpt>
      <trkpt lat="50.157218" lon="18.56371"><ele>231.6</ele></trkpt>
      <trkpt lat="50.1572" lon="18.563723"><ele>231.8</ele></trkpt>
      <trkpt lat="50.157163" lon="18.563738"><ele>232.0</ele></trkpt>
      <trkpt lat="50.157138" lon="18.563758"><ele>232.2</ele></trkpt>
      <trkpt lat="50.157113" lon="18.563768"><ele>232.4</ele></trkpt>
      <trkpt lat="50.157083" lon="18.563785"><ele>232.8</ele></trkpt>
      <trkpt lat="50.157058" lon="18.563788"><ele>233.0</ele></trkpt>
      <trkpt lat="50.157027" lon="18.563797"><ele>233.4</ele></trkpt>
      <trkpt lat="50.157" lon="18.563802"><ele>233.6</ele></trkpt>
      <trkpt lat="50.156975" lon="18.563812"><ele>234.0</ele></trkpt>
      <trkpt lat="50.15695" lon="18.563813"><ele>234.4</ele></trkpt>
      <trkpt lat="50.156923" lon="18.563815"><ele>234.8</ele></trkpt>
      <trkpt lat="50.156898" lon="18.563823"><ele>235.2</ele></trkpt>
      <trkpt lat="50.15687" lon="18.563832"><ele>235.6</ele></trkpt>
      <trkpt lat="50.156843" lon="18.563842"><ele>236.2</ele></trkpt>
      <trkpt lat="50.156825" lon="18.563852"><ele>236.6</ele></trkpt>
      <trkpt lat="50.1568" lon="18.563857"><ele>237.0</ele></trkpt>
      <trkpt lat="50.156777" lon="18.563867"><ele>237.4</ele></trkpt>
      <trkpt lat="50.156738" lon="18.563887"><ele>238.4</ele></trkpt>
      <trkpt lat="50.15672" lon="18.563898"><ele>238.8</ele></trkpt>
      <trkpt lat="50.1567" lon="18.563898"><ele>239.2</ele></trkpt>
      <trkpt lat="50.15668" lon="18.563905"><ele>239.6</ele></trkpt>
      <trkpt lat="50.156658" lon="18.563908"><ele>240.2</ele></trkpt>
      <trkpt lat="50.15664" lon="18.56392"><ele>240.6</ele></trkpt>
      <trkpt lat="50.15661" lon="18.563932"><ele>240.8</ele></trkpt>
      <trkpt lat="50.156592" lon="18.56394"><ele>241.4</ele></trkpt>
      <trkpt lat="50.15656" lon="18.563945"><ele>242.4</ele></trkpt>
      <trkpt lat="50.156523" lon="18.563958"><ele>243.0</ele></trkpt>
      <trkpt lat="50.156505" lon="18.56397"><ele>243.4</ele></trkpt>
      <trkpt lat="50.156485" lon="18.563982"><ele>243.8</ele></trkpt>
      <trkpt lat="50.156467" lon="18.563987"><ele>244.2</ele></trkpt>
      <trkpt lat="50.156443" lon="18.563993"><ele>244.6</ele></trkpt>
      <trkpt lat="50.156418" lon="18.563998"><ele>244.8</ele></trkpt>
      <trkpt lat="50.156393" lon="18.56401"><ele>245.2</ele></trkpt>
      <trkpt lat="50.156367" lon="18.564025"><ele>245.4</ele></trkpt>
      <trkpt lat="50.156348" lon="18.564043"><ele>245.8</ele></trkpt>
      <trkpt lat="50.15632" lon="18.564063"><ele>246.0</ele></trkpt>
      <trkpt lat="50.156287" lon="18.564075"><ele>246.4</ele></trkpt>
      <trkpt lat="50.156262" lon="18.564085"><ele>246.6</ele></trkpt>
      <trkpt lat="50.15623" lon="18.564082"><ele>247.4</ele></trkpt>
      <trkpt lat="50.156207" lon="18.564085"><ele>247.8</ele></trkpt>
      <trkpt lat="50.156185" lon="18.564083"><ele>248.8</ele></trkpt>
      <trkpt lat="50.156165" lon="18.56408"><ele>249.2</ele></trkpt>
      <trkpt lat="50.156147" lon="18.564092"><ele>250.2</ele></trkpt>
      <trkpt lat="50.156115" lon="18.564097"><ele>251.0</ele></trkpt>
      <trkpt lat="50.156077" lon="18.564123"><ele>251.6</ele></trkpt>
      <trkpt lat="50.156053" lon="18.564142"><ele>252.0</ele></trkpt>
      <trkpt lat="50.156032" lon="18.56416"><ele>252.2</ele></trkpt>
      <trkpt lat="50.156012" lon="18.564183"><ele>252.6</ele></trkpt>
      <trkpt lat="50.155987" lon="18.564205"><ele>252.6</ele></trkpt>
      <trkpt lat="50.155963" lon="18.564222"><ele>253.0</ele></trkpt>
      <trkpt lat="50.155942" lon="18.564235"><ele>253.2</ele></trkpt>
      <trkpt lat="50.155917" lon="18.564248"><ele>253.4</ele></trkpt>
      <trkpt lat="50.155887" lon="18.564255"><ele>253.6</ele></trkpt>
      <trkpt lat="50.155865" lon="18.564268"><ele>254.0</ele></trkpt>
      <trkpt lat="50.155827" lon="18.564275"><ele>254.0</ele></trkpt>
      <trkpt lat="50.155798" lon="18.56428"><ele>254.2</ele></trkpt>
      <trkpt lat="50.155768" lon="18.564288"><ele>254.4</ele></trkpt>
      <trkpt lat="50.155743" lon="18.5643"><ele>254.6</ele></trkpt>
      <trkpt lat="50.155712" lon="18.564302"><ele>254.8</ele></trkpt>
      <trkpt lat="50.155688" lon="18.564312"><ele>255.0</ele></trkpt>
      <trkpt lat="50.155663" lon="18.564322"><ele>255.0</ele></trkpt>
      <trkpt lat="50.155625" lon="18.56433"><ele>255.2</ele></trkpt>
      <trkpt lat="50.155597" lon="18.564338"><ele>255.2</ele></trkpt>
      <trkpt lat="50.155573" lon="18.56435"><ele>255.4</ele></trkpt>
      <trkpt lat="50.155455" lon="18.564395"><ele>256.2</ele></trkpt>
      <trkpt lat="50.155392" lon="18.564422"><ele>256.4</ele></trkpt>
      <trkpt lat="50.155357" lon="18.564438"><ele>256.6</ele></trkpt>
      <trkpt lat="50.15532" lon="18.564447"><ele>256.8</ele></trkpt>
      <trkpt lat="50.155288" lon="18.56446"><ele>256.8</ele></trkpt>
      <trkpt lat="50.15525" lon="18.564477"><ele>257.0</ele></trkpt>
      <trkpt lat="50.155218" lon="18.564492"><ele>257.2</ele></trkpt>
      <trkpt lat="50.15519" lon="18.564512"><ele>257.4</ele></trkpt>
      <trkpt lat="50.15516" lon="18.56453"><ele>257.6</ele></trkpt>
      <trkpt lat="50.155128" lon="18.564558"><ele>257.8</ele></trkpt>
      <trkpt lat="50.155097" lon="18.56458"><ele>258.0</ele></trkpt>
      <trkpt lat="50.155062" lon="18.564597"><ele>258.2</ele></trkpt>
      <trkpt lat="50.155037" lon="18.564612"><ele>258.4</ele></trkpt>
      <trkpt lat="50.15501" lon="18.564628"><ele>258.6</ele></trkpt>
      <trkpt lat="50.154982" lon="18.56464"><ele>258.8</ele></trkpt>
      <trkpt lat="50.154953" lon="18.564648"><ele>259.0</ele></trkpt>
      <trkpt lat="50.15492" lon="18.564662"><ele>259.2</ele></trkpt>
      <trkpt lat="50.154892" lon="18.564673"><ele>259.4</ele></trkpt>
      <trkpt lat="50.154857" lon="18.56468"><ele>259.6</ele></trkpt>
      <trkpt lat="50.154822" lon="18.56469"><ele>259.8</ele></trkpt>
      <trkpt lat="50.15479" lon="18.564702"><ele>260.0</ele></trkpt>
      <trkpt lat="50.154758" lon="18.564712"><ele>260.2</ele></trkpt>
      <trkpt lat="50.154725" lon="18.56472"><ele>260.4</ele></trkpt>
      <trkpt lat="50.154703" lon="18.56472"><ele>260.6</ele></trkpt>
      <trkpt lat="50.154678" lon="18.564725"><ele>260.8</ele></trkpt>
      <trkpt lat="50.154652" lon="18.56473"><ele>261.0</ele></trkpt>
      <trkpt lat="50.154623" lon="18.564738"><ele>261.2</ele></trkpt>
      <trkpt lat="50.154598" lon="18.564752"><ele>261.2</ele></trkpt>
      <trkpt lat="50.154575" lon="18.564765"><ele>261.4</ele></trkpt>
      <trkpt lat="50.154553" lon="18.564777"><ele>261.4</ele></trkpt>
      <trkpt lat="50.154523" lon="18.56479"><ele>261.4</ele></trkpt>
      <trkpt lat="50.154498" lon="18.564797"><ele>261.4</ele></trkpt>
      <trkpt lat="50.154473" lon="18.564803"><ele>261.4</ele></trkpt>
      <trkpt lat="50.154447" lon="18.564817"><ele>261.4</ele></trkpt>
      <trkpt lat="50.154418" lon="18.56483"><ele>261.4</ele></trkpt>
      <trkpt lat="50.154393" lon="18.564847"><ele>261.4</ele></trkpt>
      <trkpt lat="50.15436" lon="18.564857"><ele>261.4</ele></trkpt>
      <trkpt lat="50.154335" lon="18.564865"><ele>261.4</ele></trkpt>
      <trkpt lat="50.154303" lon="18.564872"><ele>261.4</ele></trkpt>
      <trkpt lat="50.154278" lon="18.564883"><ele>261.4</ele></trkpt>
      <trkpt lat="50.154248" lon="18.56489"><ele>261.4</ele></trkpt>
      <trkpt lat="50.154217" lon="18.564887"><ele>261.4</ele></trkpt>
      <trkpt lat="50.154168" lon="18.564877"><ele>261.4</ele></trkpt>
      <trkpt lat="50.154127" lon="18.564867"><ele>261.6</ele></trkpt>
      <trkpt lat="50.154088" lon="18.564858"><ele>261.6</ele></trkpt>
      <trkpt lat="50.154057" lon="18.564857"><ele>261.8</ele></trkpt>
      <trkpt lat="50.153997" lon="18.564832"><ele>262.0</ele></trkpt>
      <trkpt lat="50.153935" lon="18.564817"><ele>262.2</ele></trkpt>
      <trkpt lat="50.153897" lon="18.564817"><ele>262.4</ele></trkpt>
      <trkpt lat="50.153858" lon="18.564815"><ele>262.6</ele></trkpt>
      <trkpt lat="50.15382" lon="18.564815"><ele>263.0</ele></trkpt>
      <trkpt lat="50.153788" lon="18.564817"><ele>263.2</ele></trkpt>
      <trkpt lat="50.15376" lon="18.564817"><ele>263.6</ele></trkpt>
      <trkpt lat="50.153737" lon="18.564818"><ele>263.8</ele></trkpt>
      <trkpt lat="50.153712" lon="18.564813"><ele>264.2</ele></trkpt>
      <trkpt lat="50.153692" lon="18.564815"><ele>264.4</ele></trkpt>
      <trkpt lat="50.15367" lon="18.564825"><ele>264.8</ele></trkpt>
      <trkpt lat="50.153643" lon="18.564832"><ele>265.2</ele></trkpt>
      <trkpt lat="50.153618" lon="18.56484"><ele>265.4</ele></trkpt>
      <trkpt lat="50.153593" lon="18.564847"><ele>265.8</ele></trkpt>
      <trkpt lat="50.153567" lon="18.564858"><ele>266.2</ele></trkpt>
      <trkpt lat="50.153542" lon="18.56487"><ele>266.4</ele></trkpt>
      <trkpt lat="50.15351" lon="18.564887"><ele>266.8</ele></trkpt>
      <trkpt lat="50.153475" lon="18.56491"><ele>267.2</ele></trkpt>
      <trkpt lat="50.153448" lon="18.564923"><ele>267.6</ele></trkpt>
      <trkpt lat="50.153427" lon="18.564933"><ele>267.8</ele></trkpt>
      <trkpt lat="50.153407" lon="18.564935"><ele>268.2</ele></trkpt>
      <trkpt lat="50.153388" lon="18.564937"><ele>268.4</ele></trkpt>
      <trkpt lat="50.153368" lon="18.56494"><ele>268.6</ele></trkpt>
      <trkpt lat="50.153347" lon="18.56495"><ele>268.8</ele></trkpt>
      <trkpt lat="50.153327" lon="18.564957"><ele>269.4</ele></trkpt>
      <trkpt lat="50.153295" lon="18.564968"><ele>269.8</ele></trkpt>
      <trkpt lat="50.153273" lon="18.564963"><ele>270.0</ele></trkpt>
      <trkpt lat="50.153253" lon="18.564968"><ele>270.4</ele></trkpt>
      <trkpt lat="50.153228" lon="18.564988"><ele>270.6</ele></trkpt>
      <trkpt lat="50.153202" lon="18.565007"><ele>271.0</ele></trkpt>
      <trkpt lat="50.153163" lon="18.565015"><ele>271.2</ele></trkpt>
      <trkpt lat="50.153142" lon="18.565033"><ele>271.6</ele></trkpt>
      <trkpt lat="50.153113" lon="18.56506"><ele>273.2</ele></trkpt>
      <trkpt lat="50.153093" lon="18.565078"><ele>273.2</ele></trkpt>
      <trkpt lat="50.153052" lon="18.565103"><ele>273.0</ele></trkpt>
      <trkpt lat="50.153023" lon="18.56512"><ele>273.0</ele></trkpt>
      <trkpt lat="50.152985" lon="18.565142"><ele>273.0</ele></trkpt>
      <trkpt lat="50.15293" lon="18.565173"><ele>273.0</ele></trkpt>
      <trkpt lat="50.152892" lon="18.565187"><ele>273.0</ele></trkpt>
      <trkpt lat="50.152843" lon="18.5652"><ele>273.0</ele></trkpt>
      <trkpt lat="50.1528" lon="18.565213"><ele>273.0</ele></trkpt>
      <trkpt lat="50.152728" lon="18.565205"><ele>273.0</ele></trkpt>
      <trkpt lat="50.152697" lon="18.565222"><ele>273.0</ele></trkpt>
      <trkpt lat="50.152672" lon="18.565235"><ele>273.0</ele></trkpt>
      <trkpt lat="50.152652" lon="18.565245"><ele>273.2</ele></trkpt>
      <trkpt lat="50.15263" lon="18.565252"><ele>273.2</ele></trkpt>
      <trkpt lat="50.152607" lon="18.565267"><ele>273.2</ele></trkpt>
      <trkpt lat="50.152572" lon="18.565285"><ele>273.2</ele></trkpt>
      <trkpt lat="50.152533" lon="18.565308"><ele>273.2</ele></trkpt>
      <trkpt lat="50.152495" lon="18.565332"><ele>273.2</ele></trkpt>
      <trkpt lat="50.15246" lon="18.565347"><ele>273.2</ele></trkpt>
      <trkpt lat="50.152432" lon="18.56536"><ele>273.2</ele></trkpt>
      <trkpt lat="50.152397" lon="18.56538"><ele>273.2</ele></trkpt>
      <trkpt lat="50.152355" lon="18.565407"><ele>273.2</ele></trkpt>
      <trkpt lat="50.152317" lon="18.56544"><ele>273.2</ele></trkpt>
      <trkpt lat="50.152287" lon="18.56546"><ele>273.2</ele></trkpt>
      <trkpt lat="50.152252" lon="18.565473"><ele>273.2</ele></trkpt>
      <trkpt lat="50.152217" lon="18.565492"><ele>273.2</ele></trkpt>
      <trkpt lat="50.152195" lon="18.565515"><ele>273.0</ele></trkpt>
      <trkpt lat="50.152168" lon="18.56553"><ele>273.0</ele></trkpt>
      <trkpt lat="50.15214" lon="18.565547"><ele>273.0</ele></trkpt>
      <trkpt lat="50.152115" lon="18.56556"><ele>272.8</ele></trkpt>
      <trkpt lat="50.152092" lon="18.565575"><ele>272.8</ele></trkpt>
      <trkpt lat="50.15207" lon="18.565593"><ele>272.8</ele></trkpt>
      <trkpt lat="50.15205" lon="18.565603"><ele>272.6</ele></trkpt>
      <trkpt lat="50.152015" lon="18.56562"><ele>272.4</ele></trkpt>
      <trkpt lat="50.151983" lon="18.565623"><ele>272.2</ele></trkpt>
      <trkpt lat="50.15196" lon="18.565628"><ele>272.2</ele></trkpt>
      <trkpt lat="50.151942" lon="18.565635"><ele>272.0</ele></trkpt>
      <trkpt lat="50.151922" lon="18.56565"><ele>272.0</ele></trkpt>
      <trkpt lat="50.151903" lon="18.565663"><ele>271.8</ele></trkpt>
      <trkpt lat="50.15188" lon="18.565678"><ele>271.6</ele></trkpt>
      <trkpt lat="50.151862" lon="18.56569"><ele>271.4</ele></trkpt>
      <trkpt lat="50.151837" lon="18.565705"><ele>271.2</ele></trkpt>
      <trkpt lat="50.151813" lon="18.56572"><ele>271.0</ele></trkpt>
      <trkpt lat="50.151785" lon="18.565733"><ele>270.8</ele></trkpt>
      <trkpt lat="50.151762" lon="18.565742"><ele>270.6</ele></trkpt>
      <trkpt lat="50.151737" lon="18.56575"><ele>270.6</ele></trkpt>
      <trkpt lat="50.151715" lon="18.565762"><ele>270.2</ele></trkpt>
      <trkpt lat="50.151685" lon="18.565773"><ele>270.0</ele></trkpt>
      <trkpt lat="50.151667" lon="18.565788"><ele>270.0</ele></trkpt>
      <trkpt lat="50.151635" lon="18.565818"><ele>269.6</ele></trkpt>
      <trkpt lat="50.151618" lon="18.565832"><ele>269.0</ele></trkpt>
      <trkpt lat="50.151593" lon="18.565835"><ele>268.8</ele></trkpt>
      <trkpt lat="50.151573" lon="18.56584"><ele>268.4</ele></trkpt>
      <trkpt lat="50.151555" lon="18.565843"><ele>268.2</ele></trkpt>
      <trkpt lat="50.151535" lon="18.565833"><ele>268.2</ele></trkpt>
      <trkpt lat="50.151497" lon="18.56584"><ele>268.0</ele></trkpt>
      <trkpt lat="50.151478" lon="18.565838"><ele>268.0</ele></trkpt>
      <trkpt lat="50.151448" lon="18.565848"><ele>268.0</ele></trkpt>
      <trkpt lat="50.151423" lon="18.565857"><ele>268.2</ele></trkpt>
      <trkpt lat="50.1514" lon="18.565867"><ele>268.2</ele></trkpt>
      <trkpt lat="50.151378" lon="18.565878"><ele>268.4</ele></trkpt>
      <trkpt lat="50.151357" lon="18.56587"><ele>268.8</ele></trkpt>
      <trkpt lat="50.151323" lon="18.565883"><ele>269.0</ele></trkpt>
      <trkpt lat="50.151298" lon="18.565877"><ele>269.2</ele></trkpt>
      <trkpt lat="50.15128" lon="18.56588"><ele>269.6</ele></trkpt>
      <trkpt lat="50.151257" lon="18.565888"><ele>270.2</ele></trkpt>
      <trkpt lat="50.151228" lon="18.565877"><ele>270.6</ele></trkpt>
      <trkpt lat="50.151177" lon="18.565852"><ele>271.2</ele></trkpt>
      <trkpt lat="50.151142" lon="18.565833"><ele>271.2</ele></trkpt>
      <trkpt lat="50.15111" lon="18.565833"><ele>271.8</ele></trkpt>
      <trkpt lat="50.15109" lon="18.56583"><ele>272.0</ele></trkpt>
      <trkpt lat="50.151065" lon="18.565822"><ele>272.2</ele></trkpt>
      <trkpt lat="50.151027" lon="18.565822"><ele>272.6</ele></trkpt>
      <trkpt lat="50.151003" lon="18.565812"><ele>272.8</ele></trkpt>
      <trkpt lat="50.150982" lon="18.565817"><ele>273.2</ele></trkpt>
      <trkpt lat="50.15096" lon="18.565822"><ele>273.6</ele></trkpt>
      <trkpt lat="50.15093" lon="18.565827"><ele>274.0</ele></trkpt>
      <trkpt lat="50.150912" lon="18.565822"><ele>274.2</ele></trkpt>
      <trkpt lat="50.150885" lon="18.565833"><ele>274.6</ele></trkpt>
      <trkpt lat="50.150847" lon="18.565835"><ele>274.8</ele></trkpt>
      <trkpt lat="50.150818" lon="18.565847"><ele>275.2</ele></trkpt>
      <trkpt lat="50.150787" lon="18.56586"><ele>275.4</ele></trkpt>
      <trkpt lat="50.15077" lon="18.565873"><ele>275.6</ele></trkpt>
      <trkpt lat="50.150752" lon="18.565878"><ele>275.6</ele></trkpt>
      <trkpt lat="50.150722" lon="18.565887"><ele>275.8</ele></trkpt>
      <trkpt lat="50.15069" lon="18.565892"><ele>276.0</ele></trkpt>
      <trkpt lat="50.150665" lon="18.565907"><ele>276.2</ele></trkpt>
      <trkpt lat="50.150645" lon="18.565918"><ele>276.2</ele></trkpt>
      <trkpt lat="50.150627" lon="18.565928"><ele>276.2</ele></trkpt>
      <trkpt lat="50.150595" lon="18.565948"><ele>276.4</ele></trkpt>
      <trkpt lat="50.150568" lon="18.565953"><ele>276.4</ele></trkpt>
      <trkpt lat="50.150543" lon="18.565967"><ele>276.4</ele></trkpt>
      <trkpt lat="50.15052" lon="18.565973"><ele>276.4</ele></trkpt>
      <trkpt lat="50.150482" lon="18.565992"><ele>276.4</ele></trkpt>
      <trkpt lat="50.150463" lon="18.565993"><ele>276.4</ele></trkpt>
      <trkpt lat="50.150432" lon="18.566008"><ele>276.6</ele></trkpt>
      <trkpt lat="50.15039" lon="18.566018"><ele>276.4</ele></trkpt>
      <trkpt lat="50.15037" lon="18.566015"><ele>276.4</ele></trkpt>
      <trkpt lat="50.150345" lon="18.56604"><ele>276.4</ele></trkpt>
      <trkpt lat="50.150313" lon="18.56604"><ele>276.4</ele></trkpt>
      <trkpt lat="50.15029" lon="18.566047"><ele>276.4</ele></trkpt>
      <trkpt lat="50.150255" lon="18.566068"><ele>276.4</ele></trkpt>
      <trkpt lat="50.150223" lon="18.56609"><ele>276.2</ele></trkpt>
      <trkpt lat="50.150188" lon="18.566105"><ele>276.2</ele></trkpt>
      <trkpt lat="50.150168" lon="18.5661"><ele>276.2</ele></trkpt>
      <trkpt lat="50.15015" lon="18.566108"><ele>276.2</ele></trkpt>
      <trkpt lat="50.15013" lon="18.566105"><ele>276.2</ele></trkpt>
      <trkpt lat="50.150098" lon="18.566118"><ele>276.0</ele></trkpt>
      <trkpt lat="50.15007" lon="18.566138"><ele>276.0</ele></trkpt>
      <trkpt lat="50.150053" lon="18.56616"><ele>276.0</ele></trkpt>
      <trkpt lat="50.150032" lon="18.566185"><ele>276.0</ele></trkpt>
      <trkpt lat="50.150015" lon="18.5662"><ele>275.8</ele></trkpt>
      <trkpt lat="50.149997" lon="18.56622"><ele>275.8</ele></trkpt>
      <trkpt lat="50.149973" lon="18.56622"><ele>275.8</ele></trkpt>
      <trkpt lat="50.149948" lon="18.566237"><ele>275.6</ele></trkpt>
      <trkpt lat="50.149917" lon="18.56625"><ele>275.6</ele></trkpt>
      <trkpt lat="50.149897" lon="18.566257"><ele>275.6</ele></trkpt>
      <trkpt lat="50.149878" lon="18.56627"><ele>275.6</ele></trkpt>
      <trkpt lat="50.149845" lon="18.566303"><ele>275.4</ele></trkpt>
      <trkpt lat="50.149827" lon="18.566328"><ele>275.4</ele></trkpt>
      <trkpt lat="50.149807" lon="18.56636"><ele>275.4</ele></trkpt>
      <trkpt lat="50.149788" lon="18.566402"><ele>275.4</ele></trkpt>
      <trkpt lat="50.149768" lon="18.566435"><ele>275.4</ele></trkpt>
      <trkpt lat="50.14975" lon="18.566467"><ele>275.2</ele></trkpt>
      <trkpt lat="50.149733" lon="18.56648"><ele>275.2</ele></trkpt>
      <trkpt lat="50.149715" lon="18.566508"><ele>275.2</ele></trkpt>
      <trkpt lat="50.149698" lon="18.566542"><ele>275.2</ele></trkpt>
      <trkpt lat="50.14968" lon="18.566583"><ele>275.2</ele></trkpt>
      <trkpt lat="50.149653" lon="18.566627"><ele>275.2</ele></trkpt>
      <trkpt lat="50.149632" lon="18.566653"><ele>275.0</ele></trkpt>
      <trkpt lat="50.149615" lon="18.56668"><ele>275.0</ele></trkpt>
      <trkpt lat="50.149593" lon="18.566707"><ele>275.0</ele></trkpt>
      <trkpt lat="50.149573" lon="18.566732"><ele>275.0</ele></trkpt>
      <trkpt lat="50.149552" lon="18.566743"><ele>275.0</ele></trkpt>
      <trkpt lat="50.149528" lon="18.566758"><ele>275.0</ele></trkpt>
      <trkpt lat="50.14951" lon="18.566762"><ele>275.0</ele></trkpt>
      <trkpt lat="50.14949" lon="18.566772"><ele>274.8</ele></trkpt>
      <trkpt lat="50.149458" lon="18.56679"><ele>274.8</ele></trkpt>
      <trkpt lat="50.14944" lon="18.56681"><ele>274.8</ele></trkpt>
      <trkpt lat="50.149423" lon="18.566827"><ele>274.8</ele></trkpt>
      <trkpt lat="50.149407" lon="18.566847"><ele>274.8</ele></trkpt>
      <trkpt lat="50.149368" lon="18.566845"><ele>274.8</ele></trkpt>
      <trkpt lat="50.149353" lon="18.566862"><ele>274.8</ele></trkpt>
      <trkpt lat="50.149337" lon="18.566877"><ele>274.8</ele></trkpt>
      <trkpt lat="50.149315" lon="18.566893"><ele>274.8</ele></trkpt>
      <trkpt lat="50.149295" lon="18.5669"><ele>274.8</ele></trkpt>
      <trkpt lat="50.149273" lon="18.566903"><ele>274.8</ele></trkpt>
      <trkpt lat="50.14925" lon="18.566903"><ele>274.8</ele></trkpt>
      <trkpt lat="50.149222" lon="18.566913"><ele>274.8</ele></trkpt>
      <trkpt lat="50.14919" lon="18.566925"><ele>274.8</ele></trkpt>
      <trkpt lat="50.149158" lon="18.566943"><ele>274.8</ele></trkpt>
      <trkpt lat="50.149142" lon="18.566957"><ele>274.8</ele></trkpt>
      <trkpt lat="50.149122" lon="18.56697"><ele>275.0</ele></trkpt>
      <trkpt lat="50.149103" lon="18.566982"><ele>275.0</ele></trkpt>
      <trkpt lat="50.149065" lon="18.567005"><ele>275.0</ele></trkpt>
      <trkpt lat="50.149045" lon="18.567015"><ele>275.0</ele></trkpt>
      <trkpt lat="50.149027" lon="18.567022"><ele>275.0</ele></trkpt>
      <trkpt lat="50.148998" lon="18.567033"><ele>275.0</ele></trkpt>
      <trkpt lat="50.148972" lon="18.56705"><ele>275.0</ele></trkpt>
      <trkpt lat="50.148953" lon="18.56708"><ele>275.2</ele></trkpt>
      <trkpt lat="50.148923" lon="18.567105"><ele>275.4</ele></trkpt>
      <trkpt lat="50.148902" lon="18.567112"><ele>275.4</ele></trkpt>
      <trkpt lat="50.148877" lon="18.567095"><ele>275.6</ele></trkpt>
      <trkpt lat="50.148867" lon="18.567062"><ele>275.6</ele></trkpt>
      <trkpt lat="50.14888" lon="18.567012"><ele>275.8</ele></trkpt>
      <trkpt lat="50.148885" lon="18.566985"><ele>276.0</ele></trkpt>
      <trkpt lat="50.148882" lon="18.566957"><ele>276.0</ele></trkpt>
      <trkpt lat="50.14888" lon="18.566923"><ele>276.2</ele></trkpt>
      <trkpt lat="50.148877" lon="18.566888"><ele>276.2</ele></trkpt>
      <trkpt lat="50.148877" lon="18.566852"><ele>276.4</ele></trkpt>
      <trkpt lat="50.148877" lon="18.566815"><ele>276.4</ele></trkpt>
      <trkpt lat="50.148873" lon="18.566773"><ele>276.6</ele></trkpt>
      <trkpt lat="50.148867" lon="18.566733"><ele>276.8</ele></trkpt>
      <trkpt lat="50.148867" lon="18.566695"><ele>276.8</ele></trkpt>
      <trkpt lat="50.148877" lon="18.566655"><ele>276.8</ele></trkpt>
      <trkpt lat="50.148882" lon="18.566613"><ele>277.0</ele></trkpt>
      <trkpt lat="50.148895" lon="18.566572"><ele>277.0</ele></trkpt>
      <trkpt lat="50.148898" lon="18.566523"><ele>277.0</ele></trkpt>
      <trkpt lat="50.148898" lon="18.56648"><ele>277.2</ele></trkpt>
      <trkpt lat="50.148895" lon="18.566442"><ele>277.2</ele></trkpt>
      <trkpt lat="50.148892" lon="18.566407"><ele>277.2</ele></trkpt>
      <trkpt lat="50.148892" lon="18.56637"><ele>277.4</ele></trkpt>
      <trkpt lat="50.148892" lon="18.566338"><ele>277.4</ele></trkpt>
      <trkpt lat="50.148892" lon="18.56631"><ele>277.4</ele></trkpt>
      <trkpt lat="50.148892" lon="18.56628"><ele>277.6</ele></trkpt>
      <trkpt lat="50.148892" lon="18.566248"><ele>277.6</ele></trkpt>
      <trkpt lat="50.148892" lon="18.566217"><ele>277.8</ele></trkpt>
      <trkpt lat="50.148895" lon="18.56618"><ele>277.8</ele></trkpt>
      <trkpt lat="50.148898" lon="18.566142"><ele>278.0</ele></trkpt>
      <trkpt lat="50.148898" lon="18.5661"><ele>278.0</ele></trkpt>
      <trkpt lat="50.148898" lon="18.566068"><ele>278.0</ele></trkpt>
      <trkpt lat="50.148885" lon="18.566007"><ele>278.2</ele></trkpt>
      <trkpt lat="50.148885" lon="18.565967"><ele>278.2</ele></trkpt>
      <trkpt lat="50.148892" lon="18.565933"><ele>278.2</ele></trkpt>
      <trkpt lat="50.148892" lon="18.565903"><ele>278.4</ele></trkpt>
      <trkpt lat="50.148902" lon="18.565873"><ele>278.4</ele></trkpt>
      <trkpt lat="50.148905" lon="18.565828"><ele>278.4</ele></trkpt>
      <trkpt lat="50.148905" lon="18.56579"><ele>278.4</ele></trkpt>
      <trkpt lat="50.148905" lon="18.56575"><ele>278.6</ele></trkpt>
      <trkpt lat="50.148905" lon="18.565713"><ele>278.6</ele></trkpt>
      <trkpt lat="50.148905" lon="18.565673"><ele>278.6</ele></trkpt>
      <trkpt lat="50.148912" lon="18.56564"><ele>278.6</ele></trkpt>
      <trkpt lat="50.148912" lon="18.565603"><ele>278.6</ele></trkpt>
      <trkpt lat="50.148915" lon="18.565573"><ele>278.8</ele></trkpt>
      <trkpt lat="50.148918" lon="18.565517"><ele>278.8</ele></trkpt>
      <trkpt lat="50.148905" lon="18.565467"><ele>278.8</ele></trkpt>
      <trkpt lat="50.148898" lon="18.565422"><ele>279.0</ele></trkpt>
      <trkpt lat="50.148902" lon="18.565385"><ele>279.0</ele></trkpt>
      <trkpt lat="50.148912" lon="18.565355"><ele>279.2</ele></trkpt>
      <trkpt lat="50.148915" lon="18.565318"><ele>279.2</ele></trkpt>
      <trkpt lat="50.14892" lon="18.565275"><ele>279.2</ele></trkpt>
      <trkpt lat="50.148927" lon="18.565235"><ele>279.2</ele></trkpt>
      <trkpt lat="50.148927" lon="18.565188"><ele>279.2</ele></trkpt>
      <trkpt lat="50.14892" lon="18.565138"><ele>279.2</ele></trkpt>
      <trkpt lat="50.148923" lon="18.565098"><ele>279.2</ele></trkpt>
      <trkpt lat="50.14892" lon="18.565067"><ele>279.2</ele></trkpt>
      <trkpt lat="50.14892" lon="18.565037"><ele>279.2</ele></trkpt>
      <trkpt lat="50.148918" lon="18.564998"><ele>279.2</ele></trkpt>
      <trkpt lat="50.148918" lon="18.56496"><ele>279.2</ele></trkpt>
      <trkpt lat="50.148915" lon="18.56492"><ele>279.2</ele></trkpt>
      <trkpt lat="50.148905" lon="18.564867"><ele>279.2</ele></trkpt>
      <trkpt lat="50.148895" lon="18.564803"><ele>279.2</ele></trkpt>
      <trkpt lat="50.148882" lon="18.56473"><ele>279.2</ele></trkpt>
      <trkpt lat="50.148877" lon="18.564658"><ele>279.2</ele></trkpt>
      <trkpt lat="50.148867" lon="18.564587"><ele>279.2</ele></trkpt>
      <trkpt lat="50.148867" lon="18.564513"><ele>279.2</ele></trkpt>
      <trkpt lat="50.148873" lon="18.564448"><ele>279.2</ele></trkpt>
      <trkpt lat="50.148885" lon="18.564282"><ele>279.0</ele></trkpt>
      <trkpt lat="50.148895" lon="18.56414"><ele>278.8</ele></trkpt>
      <trkpt lat="50.148918" lon="18.56396"><ele>278.4</ele></trkpt>
      <trkpt lat="50.148927" lon="18.563812"><ele>278.4</ele></trkpt>
      <trkpt lat="50.14894" lon="18.563633"><ele>278.2</ele></trkpt>
      <trkpt lat="50.14896" lon="18.56347"><ele>278.2</ele></trkpt>
      <trkpt lat="50.148995" lon="18.563325"><ele>278.2</ele></trkpt>
      <trkpt lat="50.149027" lon="18.563188"><ele>278.2</ele></trkpt>
      <trkpt lat="50.149113" lon="18.563058"><ele>278.0</ele></trkpt>
      <trkpt lat="50.149197" lon="18.562963"><ele>278.2</ele></trkpt>
      <trkpt lat="50.149208" lon="18.5629"><ele>278.2</ele></trkpt>
      <trkpt lat="50.149302" lon="18.562812"><ele>278.0</ele></trkpt>
      <trkpt lat="50.14934" lon="18.562762"><ele>278.0</ele></trkpt>
      <trkpt lat="50.149382" lon="18.56272"><ele>278.0</ele></trkpt>
      <trkpt lat="50.14942" lon="18.562673"><ele>277.8</ele></trkpt>
      <trkpt lat="50.149455" lon="18.562617"><ele>277.8</ele></trkpt>
      <trkpt lat="50.149487" lon="18.562555"><ele>277.8</ele></trkpt>
      <trkpt lat="50.149507" lon="18.56249"><ele>277.6</ele></trkpt>
      <trkpt lat="50.149517" lon="18.562425"><ele>277.6</ele></trkpt>
      <trkpt lat="50.149522" lon="18.562363"><ele>277.4</ele></trkpt>
      <trkpt lat="50.149528" lon="18.56231"><ele>277.4</ele></trkpt>
      <trkpt lat="50.149535" lon="18.562265"><ele>277.2</ele></trkpt>
      <trkpt lat="50.149552" lon="18.562225"><ele>277.2</ele></trkpt>
      <trkpt lat="50.149558" lon="18.562183"><ele>277.2</ele></trkpt>
      <trkpt lat="50.149567" lon="18.562137"><ele>277.0</ele></trkpt>
      <trkpt lat="50.149567" lon="18.562083"><ele>277.0</ele></trkpt>
      <trkpt lat="50.149558" lon="18.561922"><ele>276.8</ele></trkpt>
      <trkpt lat="50.14956" lon="18.561743"><ele>276.4</ele></trkpt>
      <trkpt lat="50.149577" lon="18.561682"><ele>276.2</ele></trkpt>
      <trkpt lat="50.149587" lon="18.56163"><ele>276.2</ele></trkpt>
      <trkpt lat="50.149593" lon="18.561573"><ele>276.0</ele></trkpt>
      <trkpt lat="50.1496" lon="18.56152"><ele>275.8</ele></trkpt>
      <trkpt lat="50.149608" lon="18.561462"><ele>275.6</ele></trkpt>
      <trkpt lat="50.149618" lon="18.561405"><ele>275.6</ele></trkpt>
      <trkpt lat="50.149622" lon="18.561343"><ele>275.4</ele></trkpt>
      <trkpt lat="50.149622" lon="18.56129"><ele>275.2</ele></trkpt>
      <trkpt lat="50.149628" lon="18.56124"><ele>275.2</ele></trkpt>
      <trkpt lat="50.149628" lon="18.561193"><ele>275.0</ele></trkpt>
      <trkpt lat="50.149618" lon="18.561145"><ele>275.0</ele></trkpt>
      <trkpt lat="50.149615" lon="18.561107"><ele>275.0</ele></trkpt>
      <trkpt lat="50.1496" lon="18.561075"><ele>274.8</ele></trkpt>
      <trkpt lat="50.14958" lon="18.561055"><ele>274.8</ele></trkpt>
      <trkpt lat="50.149558" lon="18.561047"><ele>274.8</ele></trkpt>
      <trkpt lat="50.149535" lon="18.561037"><ele>274.8</ele></trkpt>
      <trkpt lat="50.149513" lon="18.561027"><ele>274.8</ele></trkpt>
      <trkpt lat="50.149493" lon="18.561023"><ele>274.8</ele></trkpt>
      <trkpt lat="50.149472" lon="18.561017"><ele>274.8</ele></trkpt>
      <trkpt lat="50.149448" lon="18.560995"><ele>274.8</ele></trkpt>
      <trkpt lat="50.14941" lon="18.560973"><ele>275.0</ele></trkpt>
      <trkpt lat="50.149388" lon="18.56096"><ele>275.0</ele></trkpt>
      <trkpt lat="50.149362" lon="18.560947"><ele>275.0</ele></trkpt>
      <trkpt lat="50.14934" lon="18.560932"><ele>275.0</ele></trkpt>
      <trkpt lat="50.14932" lon="18.560917"><ele>275.0</ele></trkpt>
      <trkpt lat="50.149302" lon="18.560895"><ele>275.0</ele></trkpt>
      <trkpt lat="50.149282" lon="18.560883"><ele>274.8</ele></trkpt>
      <trkpt lat="50.14926" lon="18.560868"><ele>274.8</ele></trkpt>
      <trkpt lat="50.14924" lon="18.560848"><ele>274.8</ele></trkpt>
      <trkpt lat="50.149222" lon="18.560837"><ele>274.6</ele></trkpt>
      <trkpt lat="50.1492" lon="18.560828"><ele>274.6</ele></trkpt>
      <trkpt lat="50.14918" lon="18.560818"><ele>274.8</ele></trkpt>
      <trkpt lat="50.149155" lon="18.560808"><ele>274.8</ele></trkpt>
      <trkpt lat="50.149132" lon="18.560802"><ele>274.8</ele></trkpt>
      <trkpt lat="50.149113" lon="18.560793"><ele>275.0</ele></trkpt>
      <trkpt lat="50.14909" lon="18.56078"><ele>275.0</ele></trkpt>
      <trkpt lat="50.149062" lon="18.560775"><ele>275.4</ele></trkpt>
      <trkpt lat="50.14904" lon="18.560777"><ele>275.4</ele></trkpt>
      <trkpt lat="50.149013" lon="18.560785"><ele>275.6</ele></trkpt>
      <trkpt lat="50.148995" lon="18.560785"><ele>275.8</ele></trkpt>
      <trkpt lat="50.148972" lon="18.560785"><ele>276.0</ele></trkpt>
      <trkpt lat="50.148947" lon="18.560793"><ele>276.2</ele></trkpt>
      <trkpt lat="50.148923" lon="18.560802"><ele>276.4</ele></trkpt>
      <trkpt lat="50.148902" lon="18.560807"><ele>276.8</ele></trkpt>
      <trkpt lat="50.148882" lon="18.56082"><ele>277.0</ele></trkpt>
      <trkpt lat="50.148863" lon="18.560827"><ele>277.2</ele></trkpt>
      <trkpt lat="50.14884" lon="18.560833"><ele>277.4</ele></trkpt>
      <trkpt lat="50.148822" lon="18.560838"><ele>277.6</ele></trkpt>
      <trkpt lat="50.148797" lon="18.560845"><ele>277.8</ele></trkpt>
      <trkpt lat="50.148773" lon="18.560852"><ele>278.0</ele></trkpt>
      <trkpt lat="50.148745" lon="18.560857"><ele>278.2</ele></trkpt>
      <trkpt lat="50.148725" lon="18.560865"><ele>278.4</ele></trkpt>
      <trkpt lat="50.148707" lon="18.560873"><ele>278.6</ele></trkpt>
      <trkpt lat="50.148687" lon="18.560882"><ele>278.6</ele></trkpt>
      <trkpt lat="50.148668" lon="18.560887"><ele>278.8</ele></trkpt>
      <trkpt lat="50.148648" lon="18.560907"><ele>279.0</ele></trkpt>
      <trkpt lat="50.148627" lon="18.560918"><ele>279.2</ele></trkpt>
      <trkpt lat="50.148603" lon="18.560947"><ele>279.6</ele></trkpt>
      <trkpt lat="50.148588" lon="18.56096"><ele>279.8</ele></trkpt>
      <trkpt lat="50.148565" lon="18.560978"><ele>280.0</ele></trkpt>
      <trkpt lat="50.148547" lon="18.560985"><ele>280.2</ele></trkpt>
      <trkpt lat="50.14852" lon="18.560987"><ele>280.6</ele></trkpt>
      <trkpt lat="50.148498" lon="18.561002"><ele>280.8</ele></trkpt>
      <trkpt lat="50.148477" lon="18.561008"><ele>281.6</ele></trkpt>
      <trkpt lat="50.148443" lon="18.561025"><ele>282.0</ele></trkpt>
      <trkpt lat="50.148422" lon="18.561032"><ele>282.2</ele></trkpt>
      <trkpt lat="50.148402" lon="18.561025"><ele>282.4</ele></trkpt>
      <trkpt lat="50.14838" lon="18.561015"><ele>282.6</ele></trkpt>
      <trkpt lat="50.148358" lon="18.561037"><ele>282.8</ele></trkpt>
      <trkpt lat="50.148338" lon="18.561038"><ele>283.0</ele></trkpt>
      <trkpt lat="50.148317" lon="18.56104"><ele>283.2</ele></trkpt>
      <trkpt lat="50.14829" lon="18.561052"><ele>283.4</ele></trkpt>
      <trkpt lat="50.148272" lon="18.561075"><ele>283.6</ele></trkpt>
      <trkpt lat="50.148258" lon="18.561103"><ele>283.6</ele></trkpt>
      <trkpt lat="50.148242" lon="18.561122"><ele>283.8</ele></trkpt>
      <trkpt lat="50.148223" lon="18.561148"><ele>284.2</ele></trkpt>
      <trkpt lat="50.148203" lon="18.561185"><ele>284.2</ele></trkpt>
      <trkpt lat="50.148188" lon="18.561237"><ele>284.2</ele></trkpt>
      <trkpt lat="50.148185" lon="18.561265"><ele>284.4</ele></trkpt>
      <trkpt lat="50.148182" lon="18.561302"><ele>284.4</ele></trkpt>
      <trkpt lat="50.148172" lon="18.56133"><ele>284.4</ele></trkpt>
      <trkpt lat="50.14816" lon="18.561378"><ele>284.6</ele></trkpt>
      <trkpt lat="50.14814" lon="18.56141"><ele>284.8</ele></trkpt>
      <trkpt lat="50.14812" lon="18.561418"><ele>285.0</ele></trkpt>
      <trkpt lat="50.148102" lon="18.561425"><ele>285.0</ele></trkpt>
      <trkpt lat="50.148082" lon="18.56143"><ele>285.2</ele></trkpt>
      <trkpt lat="50.148063" lon="18.561442"><ele>285.4</ele></trkpt>
      <trkpt lat="50.148047" lon="18.561462"><ele>285.6</ele></trkpt>
      <trkpt lat="50.148028" lon="18.561498"><ele>286.0</ele></trkpt>
      <trkpt lat="50.148005" lon="18.561528"><ele>286.4</ele></trkpt>
      <trkpt lat="50.147983" lon="18.561555"><ele>286.8</ele></trkpt>
      <trkpt lat="50.14796" lon="18.561593"><ele>287.2</ele></trkpt>
      <trkpt lat="50.147948" lon="18.561618"><ele>287.2</ele></trkpt>
      <trkpt lat="50.147942" lon="18.561648"><ele>287.4</ele></trkpt>
      <trkpt lat="50.147928" lon="18.561687"><ele>287.6</ele></trkpt>
      <trkpt lat="50.147922" lon="18.56173"><ele>287.8</ele></trkpt>
      <trkpt lat="50.147913" lon="18.561767"><ele>287.8</ele></trkpt>
      <trkpt lat="50.14791" lon="18.561805"><ele>287.8</ele></trkpt>
      <trkpt lat="50.147907" lon="18.56184"><ele>288.0</ele></trkpt>
      <trkpt lat="50.147903" lon="18.561873"><ele>288.0</ele></trkpt>
      <trkpt lat="50.1479" lon="18.561907"><ele>288.0</ele></trkpt>
      <trkpt lat="50.147893" lon="18.561945"><ele>288.0</ele></trkpt>
      <trkpt lat="50.147887" lon="18.561982"><ele>288.0</ele></trkpt>
      <trkpt lat="50.147883" lon="18.562017"><ele>288.2</ele></trkpt>
      <trkpt lat="50.147875" lon="18.562047"><ele>288.2</ele></trkpt>
      <trkpt lat="50.147872" lon="18.56208"><ele>288.2</ele></trkpt>
      <trkpt lat="50.147862" lon="18.562115"><ele>288.2</ele></trkpt>
      <trkpt lat="50.147848" lon="18.56214"><ele>288.2</ele></trkpt>
      <trkpt lat="50.14784" lon="18.562163"><ele>288.0</ele></trkpt>
      <trkpt lat="50.147827" lon="18.562213"><ele>288.0</ele></trkpt>
      <trkpt lat="50.14782" lon="18.562242"><ele>287.8</ele></trkpt>
      <trkpt lat="50.14781" lon="18.562273"><ele>287.8</ele></trkpt>
      <trkpt lat="50.147803" lon="18.562308"><ele>287.8</ele></trkpt>
      <trkpt lat="50.147795" lon="18.562345"><ele>287.6</ele></trkpt>
      <trkpt lat="50.147785" lon="18.562398"><ele>287.4</ele></trkpt>
      <trkpt lat="50.147768" lon="18.562428"><ele>287.4</ele></trkpt>
      <trkpt lat="50.14776" lon="18.562455"><ele>287.4</ele></trkpt>
      <trkpt lat="50.147747" lon="18.562483"><ele>287.2</ele></trkpt>
      <trkpt lat="50.14774" lon="18.562518"><ele>287.2</ele></trkpt>
      <trkpt lat="50.147727" lon="18.562558"><ele>287.2</ele></trkpt>
      <trkpt lat="50.147715" lon="18.562598"><ele>287.2</ele></trkpt>
      <trkpt lat="50.147708" lon="18.562635"><ele>287.0</ele></trkpt>
      <trkpt lat="50.147695" lon="18.562665"><ele>287.0</ele></trkpt>
      <trkpt lat="50.147677" lon="18.56269"><ele>286.8</ele></trkpt>
      <trkpt lat="50.147663" lon="18.562715"><ele>286.8</ele></trkpt>
      <trkpt lat="50.147647" lon="18.562742"><ele>286.8</ele></trkpt>
      <trkpt lat="50.147628" lon="18.562765"><ele>286.8</ele></trkpt>
      <trkpt lat="50.147612" lon="18.562793"><ele>286.8</ele></trkpt>
      <trkpt lat="50.147608" lon="18.562823"><ele>286.8</ele></trkpt>
      <trkpt lat="50.147602" lon="18.562888"><ele>286.8</ele></trkpt>
      <trkpt lat="50.147602" lon="18.56293"><ele>286.8</ele></trkpt>
      <trkpt lat="50.147602" lon="18.562963"><ele>287.0</ele></trkpt>
      <trkpt lat="50.147602" lon="18.56301"><ele>287.0</ele></trkpt>
      <trkpt lat="50.147602" lon="18.563063"><ele>287.0</ele></trkpt>
      <trkpt lat="50.147597" lon="18.563117"><ele>287.0</ele></trkpt>
      <trkpt lat="50.14759" lon="18.563162"><ele>287.0</ele></trkpt>
      <trkpt lat="50.147583" lon="18.563205"><ele>287.0</ele></trkpt>
      <trkpt lat="50.147573" lon="18.563248"><ele>287.0</ele></trkpt>
      <trkpt lat="50.14757" lon="18.563287"><ele>287.0</ele></trkpt>
      <trkpt lat="50.147567" lon="18.563322"><ele>287.0</ele></trkpt>
      <trkpt lat="50.147567" lon="18.563367"><ele>287.0</ele></trkpt>
      <trkpt lat="50.147563" lon="18.563413"><ele>287.0</ele></trkpt>
      <trkpt lat="50.14756" lon="18.563467"><ele>287.0</ele></trkpt>
      <trkpt lat="50.147563" lon="18.56351"><ele>287.0</ele></trkpt>
      <trkpt lat="50.147567" lon="18.563548"><ele>286.8</ele></trkpt>
      <trkpt lat="50.147567" lon="18.563585"><ele>286.8</ele></trkpt>
      <trkpt lat="50.147567" lon="18.563615"><ele>286.8</ele></trkpt>
      <trkpt lat="50.147563" lon="18.563643"><ele>286.8</ele></trkpt>
      <trkpt lat="50.147567" lon="18.563682"><ele>286.6</ele></trkpt>
      <trkpt lat="50.14757" lon="18.563723"><ele>286.6</ele></trkpt>
      <trkpt lat="50.147577" lon="18.563763"><ele>286.6</ele></trkpt>
      <trkpt lat="50.147583" lon="18.563807"><ele>286.4</ele></trkpt>
      <trkpt lat="50.147593" lon="18.563855"><ele>286.4</ele></trkpt>
      <trkpt lat="50.147612" lon="18.563915"><ele>286.2</ele></trkpt>
      <trkpt lat="50.147632" lon="18.563977"><ele>286.2</ele></trkpt>
      <trkpt lat="50.147653" lon="18.564052"><ele>286.0</ele></trkpt>
      <trkpt lat="50.147667" lon="18.56413"><ele>286.0</ele></trkpt>
      <trkpt lat="50.14767" lon="18.5642"><ele>285.8</ele></trkpt>
      <trkpt lat="50.147667" lon="18.564265"><ele>285.8</ele></trkpt>
      <trkpt lat="50.14766" lon="18.564322"><ele>285.6</ele></trkpt>
      <trkpt lat="50.14765" lon="18.564373"><ele>285.4</ele></trkpt>
      <trkpt lat="50.147647" lon="18.564432"><ele>285.4</ele></trkpt>
      <trkpt lat="50.147653" lon="18.564493"><ele>285.2</ele></trkpt>
      <trkpt lat="50.147667" lon="18.564552"><ele>285.0</ele></trkpt>
      <trkpt lat="50.147677" lon="18.56459"><ele>284.8</ele></trkpt>
      <trkpt lat="50.147702" lon="18.564622"><ele>284.6</ele></trkpt>
      <trkpt lat="50.14773" lon="18.564648"><ele>284.4</ele></trkpt>
      <trkpt lat="50.147765" lon="18.564672"><ele>284.2</ele></trkpt>
      <trkpt lat="50.147813" lon="18.564715"><ele>284.0</ele></trkpt>
      <trkpt lat="50.147848" lon="18.564752"><ele>283.8</ele></trkpt>
      <trkpt lat="50.147872" lon="18.564778"><ele>283.6</ele></trkpt>
      <trkpt lat="50.14789" lon="18.564792"><ele>283.6</ele></trkpt>
      <trkpt lat="50.147913" lon="18.564792"><ele>283.6</ele></trkpt>
      <trkpt lat="50.147948" lon="18.564792"><ele>283.4</ele></trkpt>
      <trkpt lat="50.14798" lon="18.5648"><ele>283.4</ele></trkpt>
      <trkpt lat="50.148" lon="18.564817"><ele>283.4</ele></trkpt>
      <trkpt lat="50.148018" lon="18.564843"><ele>283.2</ele></trkpt>
      <trkpt lat="50.148032" lon="18.56487"><ele>283.2</ele></trkpt>
      <trkpt lat="50.14805" lon="18.56489"><ele>283.2</ele></trkpt>
      <trkpt lat="50.14807" lon="18.564918"><ele>283.2</ele></trkpt>
      <trkpt lat="50.148088" lon="18.564945"><ele>283.2</ele></trkpt>
      <trkpt lat="50.148105" lon="18.564973"><ele>283.2</ele></trkpt>
      <trkpt lat="50.148127" lon="18.56501"><ele>283.2</ele></trkpt>
      <trkpt lat="50.14814" lon="18.565052"><ele>283.2</ele></trkpt>
      <trkpt lat="50.14815" lon="18.565087"><ele>283.4</ele></trkpt>
      <trkpt lat="50.14816" lon="18.565125"><ele>283.4</ele></trkpt>
      <trkpt lat="50.148165" lon="18.565167"><ele>283.4</ele></trkpt>
      <trkpt lat="50.148165" lon="18.565227"><ele>283.6</ele></trkpt>
      <trkpt lat="50.14816" lon="18.565293"><ele>283.6</ele></trkpt>
      <trkpt lat="50.148157" lon="18.565365"><ele>283.6</ele></trkpt>
      <trkpt lat="50.148143" lon="18.56544"><ele>283.4</ele></trkpt>
      <trkpt lat="50.148127" lon="18.56552"><ele>283.4</ele></trkpt>
      <trkpt lat="50.148112" lon="18.565603"><ele>283.2</ele></trkpt>
      <trkpt lat="50.148098" lon="18.565688"><ele>283.2</ele></trkpt>
      <trkpt lat="50.148082" lon="18.565773"><ele>282.8</ele></trkpt>
      <trkpt lat="50.148067" lon="18.565843"><ele>282.8</ele></trkpt>
      <trkpt lat="50.148047" lon="18.56591"><ele>282.6</ele></trkpt>
      <trkpt lat="50.14804" lon="18.565977"><ele>282.4</ele></trkpt>
      <trkpt lat="50.148032" lon="18.566045"><ele>282.2</ele></trkpt>
      <trkpt lat="50.148032" lon="18.566125"><ele>282.0</ele></trkpt>
      <trkpt lat="50.148038" lon="18.566217"><ele>281.6</ele></trkpt>
      <trkpt lat="50.14804" lon="18.566307"><ele>281.4</ele></trkpt>
      <trkpt lat="50.148038" lon="18.566393"><ele>281.0</ele></trkpt>
      <trkpt lat="50.148043" lon="18.566487"><ele>280.4</ele></trkpt>
      <trkpt lat="50.148047" lon="18.566583"><ele>280.2</ele></trkpt>
      <trkpt lat="50.148047" lon="18.566668"><ele>279.6</ele></trkpt>
      <trkpt lat="50.14805" lon="18.566757"><ele>279.2</ele></trkpt>
      <trkpt lat="50.148047" lon="18.566842"><ele>278.6</ele></trkpt>
      <trkpt lat="50.148043" lon="18.566922"><ele>278.2</ele></trkpt>
      <trkpt lat="50.148032" lon="18.567002"><ele>277.8</ele></trkpt>
      <trkpt lat="50.148028" lon="18.567088"><ele>277.2</ele></trkpt>
      <trkpt lat="50.148025" lon="18.56717"><ele>276.8</ele></trkpt>
      <trkpt lat="50.148025" lon="18.567242"><ele>276.4</ele></trkpt>
      <trkpt lat="50.148022" lon="18.567308"><ele>276.0</ele></trkpt>
      <trkpt lat="50.148022" lon="18.567377"><ele>275.4</ele></trkpt>
      <trkpt lat="50.148022" lon="18.567437"><ele>275.0</ele></trkpt>
      <trkpt lat="50.148022" lon="18.567498"><ele>274.6</ele></trkpt>
      <trkpt lat="50.148022" lon="18.567555"><ele>274.2</ele></trkpt>
      <trkpt lat="50.148018" lon="18.567605"><ele>273.8</ele></trkpt>
      <trkpt lat="50.148022" lon="18.567657"><ele>273.4</ele></trkpt>
      <trkpt lat="50.148025" lon="18.56771"><ele>273.0</ele></trkpt>
      <trkpt lat="50.148028" lon="18.567765"><ele>272.8</ele></trkpt>
      <trkpt lat="50.148032" lon="18.567828"><ele>272.6</ele></trkpt>
      <trkpt lat="50.148038" lon="18.567892"><ele>272.4</ele></trkpt>
      <trkpt lat="50.14804" lon="18.567955"><ele>272.2</ele></trkpt>
      <trkpt lat="50.148032" lon="18.568013"><ele>272.0</ele></trkpt>
      <trkpt lat="50.148032" lon="18.56808"><ele>272.0</ele></trkpt>
      <trkpt lat="50.148025" lon="18.568145"><ele>271.8</ele></trkpt>
      <trkpt lat="50.148018" lon="18.568207"><ele>271.8</ele></trkpt>
      <trkpt lat="50.148008" lon="18.568265"><ele>271.8</ele></trkpt>
      <trkpt lat="50.148005" lon="18.568325"><ele>272.0</ele></trkpt>
      <trkpt lat="50.148" lon="18.56838"><ele>272.0</ele></trkpt>
      <trkpt lat="50.147987" lon="18.568433"><ele>272.2</ele></trkpt>
      <trkpt lat="50.147973" lon="18.568478"><ele>272.4</ele></trkpt>
      <trkpt lat="50.147958" lon="18.568512"><ele>272.6</ele></trkpt>
      <trkpt lat="50.147938" lon="18.568522"><ele>273.0</ele></trkpt>
      <trkpt lat="50.147913" lon="18.568528"><ele>273.2</ele></trkpt>
      <trkpt lat="50.147883" lon="18.568528"><ele>273.6</ele></trkpt>
      <trkpt lat="50.147858" lon="18.56852"><ele>274.0</ele></trkpt>
      <trkpt lat="50.14783" lon="18.568505"><ele>274.4</ele></trkpt>
      <trkpt lat="50.1478" lon="18.56849"><ele>274.6</ele></trkpt>
      <trkpt lat="50.147768" lon="18.568475"><ele>275.0</ele></trkpt>
      <trkpt lat="50.14774" lon="18.56846"><ele>275.2</ele></trkpt>
      <trkpt lat="50.147712" lon="18.568443"><ele>275.4</ele></trkpt>
      <trkpt lat="50.147682" lon="18.56843"><ele>275.6</ele></trkpt>
      <trkpt lat="50.147653" lon="18.568413"><ele>275.8</ele></trkpt>
      <trkpt lat="50.147625" lon="18.5684"><ele>276.0</ele></trkpt>
      <trkpt lat="50.147593" lon="18.568382"><ele>276.2</ele></trkpt>
      <trkpt lat="50.147563" lon="18.56836"><ele>276.4</ele></trkpt>
      <trkpt lat="50.147532" lon="18.568343"><ele>276.6</ele></trkpt>
      <trkpt lat="50.147503" lon="18.568323"><ele>276.6</ele></trkpt>
      <trkpt lat="50.147472" lon="18.568305"><ele>276.8</ele></trkpt>
      <trkpt lat="50.147442" lon="18.568288"><ele>276.8</ele></trkpt>
      <trkpt lat="50.147407" lon="18.568275"><ele>277.0</ele></trkpt>
      <trkpt lat="50.147372" lon="18.568267"><ele>277.0</ele></trkpt>
      <trkpt lat="50.147347" lon="18.568263"><ele>277.2</ele></trkpt>
      <trkpt lat="50.147315" lon="18.568253"><ele>277.2</ele></trkpt>
      <trkpt lat="50.147288" lon="18.568242"><ele>277.2</ele></trkpt>
      <trkpt lat="50.147257" lon="18.568227"><ele>277.2</ele></trkpt>
      <trkpt lat="50.147228" lon="18.568227"><ele>277.4</ele></trkpt>
      <trkpt lat="50.147197" lon="18.56822"><ele>277.4</ele></trkpt>
      <trkpt lat="50.14717" lon="18.568215"><ele>277.4</ele></trkpt>
      <trkpt lat="50.147148" lon="18.568215"><ele>277.4</ele></trkpt>
      <trkpt lat="50.147113" lon="18.56823"><ele>277.4</ele></trkpt>
      <trkpt lat="50.147083" lon="18.568235"><ele>277.4</ele></trkpt>
      <trkpt lat="50.147065" lon="18.568233"><ele>277.6</ele></trkpt>
      <trkpt lat="50.14703" lon="18.568225"><ele>277.6</ele></trkpt>
      <trkpt lat="50.146927" lon="18.568222"><ele>278.0</ele></trkpt>
      <trkpt lat="50.146832" lon="18.568182"><ele>278.6</ele></trkpt>
      <trkpt lat="50.146738" lon="18.568122"><ele>279.2</ele></trkpt>
      <trkpt lat="50.146648" lon="18.568065"><ele>279.8</ele></trkpt>
      <trkpt lat="50.146562" lon="18.567987"><ele>280.4</ele></trkpt>
      <trkpt lat="50.14647" lon="18.567903"><ele>281.0</ele></trkpt>
      <trkpt lat="50.14639" lon="18.56783"><ele>281.8</ele></trkpt>
      <trkpt lat="50.14629" lon="18.56773"><ele>282.6</ele></trkpt>
      <trkpt lat="50.146198" lon="18.567658"><ele>283.6</ele></trkpt>
      <trkpt lat="50.146115" lon="18.567603"><ele>284.8</ele></trkpt>
      <trkpt lat="50.146018" lon="18.56752"><ele>285.8</ele></trkpt>
      <trkpt lat="50.145925" lon="18.56743"><ele>286.6</ele></trkpt>
      <trkpt lat="50.145907" lon="18.567407"><ele>286.8</ele></trkpt>
      <trkpt lat="50.14588" lon="18.567388"><ele>287.2</ele></trkpt>
      <trkpt lat="50.145848" lon="18.567357"><ele>287.6</ele></trkpt>
      <trkpt lat="50.145813" lon="18.567318"><ele>287.8</ele></trkpt>
      <trkpt lat="50.145778" lon="18.567287"><ele>288.0</ele></trkpt>
      <trkpt lat="50.14575" lon="18.56725"><ele>288.4</ele></trkpt>
      <trkpt lat="50.145727" lon="18.567218"><ele>288.6</ele></trkpt>
      <trkpt lat="50.145702" lon="18.56718"><ele>289.0</ele></trkpt>
      <trkpt lat="50.145667" lon="18.56714"><ele>289.2</ele></trkpt>
      <trkpt lat="50.145643" lon="18.567113"><ele>289.4</ele></trkpt>
      <trkpt lat="50.145615" lon="18.56708"><ele>289.6</ele></trkpt>
      <trkpt lat="50.145587" lon="18.567058"><ele>289.8</ele></trkpt>
      <trkpt lat="50.145563" lon="18.567037"><ele>290.0</ele></trkpt>
      <trkpt lat="50.145538" lon="18.567015"><ele>290.2</ele></trkpt>
      <trkpt lat="50.14551" lon="18.56699"><ele>290.2</ele></trkpt>
      <trkpt lat="50.14548" lon="18.566962"><ele>290.4</ele></trkpt>
      <trkpt lat="50.145455" lon="18.566942"><ele>290.6</ele></trkpt>
      <trkpt lat="50.145437" lon="18.566928"><ele>290.8</ele></trkpt>
      <trkpt lat="50.145417" lon="18.566917"><ele>290.8</ele></trkpt>
      <trkpt lat="50.145388" lon="18.566907"><ele>291.0</ele></trkpt>
      <trkpt lat="50.145368" lon="18.566905"><ele>291.0</ele></trkpt>
      <trkpt lat="50.145343" lon="18.56689"><ele>291.2</ele></trkpt>
      <trkpt lat="50.145308" lon="18.566873"><ele>291.6</ele></trkpt>
      <trkpt lat="50.14528" lon="18.566863"><ele>291.8</ele></trkpt>
      <trkpt lat="50.14526" lon="18.566863"><ele>291.8</ele></trkpt>
      <trkpt lat="50.145222" lon="18.566853"><ele>292.2</ele></trkpt>
      <trkpt lat="50.1452" lon="18.566847"><ele>292.2</ele></trkpt>
      <trkpt lat="50.145173" lon="18.56684"><ele>292.4</ele></trkpt>
      <trkpt lat="50.145152" lon="18.56684"><ele>292.4</ele></trkpt>
      <trkpt lat="50.145128" lon="18.566832"><ele>292.6</ele></trkpt>
      <trkpt lat="50.145107" lon="18.566832"><ele>292.6</ele></trkpt>
      <trkpt lat="50.145087" lon="18.566825"><ele>292.8</ele></trkpt>
      <trkpt lat="50.145048" lon="18.566817"><ele>293.0</ele></trkpt>
      <trkpt lat="50.145023" lon="18.566812"><ele>293.0</ele></trkpt>
      <trkpt lat="50.144995" lon="18.5668"><ele>293.0</ele></trkpt>
      <trkpt lat="50.144972" lon="18.56679"><ele>293.2</ele></trkpt>
      <trkpt lat="50.14495" lon="18.566775"><ele>293.2</ele></trkpt>
      <trkpt lat="50.144923" lon="18.566757"><ele>293.2</ele></trkpt>
      <trkpt lat="50.144895" lon="18.566733"><ele>293.4</ele></trkpt>
      <trkpt lat="50.144873" lon="18.566713"><ele>293.4</ele></trkpt>
      <trkpt lat="50.14485" lon="18.566695"><ele>293.4</ele></trkpt>
      <trkpt lat="50.144828" lon="18.566682"><ele>293.4</ele></trkpt>
      <trkpt lat="50.144805" lon="18.566667"><ele>293.6</ele></trkpt>
      <trkpt lat="50.144783" lon="18.566653"><ele>293.6</ele></trkpt>
      <trkpt lat="50.144752" lon="18.566632"><ele>293.6</ele></trkpt>
      <trkpt lat="50.144728" lon="18.566615"><ele>293.8</ele></trkpt>
      <trkpt lat="50.144697" lon="18.566588"><ele>293.8</ele></trkpt>
      <trkpt lat="50.144675" lon="18.566565"><ele>293.8</ele></trkpt>
      <trkpt lat="50.144652" lon="18.566557"><ele>294.0</ele></trkpt>
      <trkpt lat="50.144633" lon="18.566547"><ele>294.0</ele></trkpt>
      <trkpt lat="50.144613" lon="18.566528"><ele>294.0</ele></trkpt>
      <trkpt lat="50.144585" lon="18.566507"><ele>294.0</ele></trkpt>
      <trkpt lat="50.144557" lon="18.566482"><ele>294.0</ele></trkpt>
      <trkpt lat="50.144527" lon="18.56646"><ele>294.0</ele></trkpt>
      <trkpt lat="50.144482" lon="18.566423"><ele>294.0</ele></trkpt>
      <trkpt lat="50.144443" lon="18.566397"><ele>294.0</ele></trkpt>
      <trkpt lat="50.144398" lon="18.56635"><ele>294.0</ele></trkpt>
      <trkpt lat="50.144352" lon="18.56631"><ele>294.0</ele></trkpt>
      <trkpt lat="50.14431" lon="18.566272"><ele>294.0</ele></trkpt>
      <trkpt lat="50.144272" lon="18.566247"><ele>294.0</ele></trkpt>
      <trkpt lat="50.144237" lon="18.566228"><ele>294.0</ele></trkpt>
      <trkpt lat="50.14421" lon="18.56621"><ele>294.0</ele></trkpt>
      <trkpt lat="50.144185" lon="18.566192"><ele>294.0</ele></trkpt>
      <trkpt lat="50.14416" lon="18.566177"><ele>294.0</ele></trkpt>
      <trkpt lat="50.144133" lon="18.566157"><ele>294.0</ele></trkpt>
      <trkpt lat="50.144105" lon="18.566138"><ele>294.0</ele></trkpt>
      <trkpt lat="50.14407" lon="18.56612"><ele>293.8</ele></trkpt>
      <trkpt lat="50.144032" lon="18.566092"><ele>293.8</ele></trkpt>
      <trkpt lat="50.143997" lon="18.566072"><ele>293.6</ele></trkpt>
      <trkpt lat="50.143967" lon="18.566055"><ele>293.6</ele></trkpt>
      <trkpt lat="50.143932" lon="18.566032"><ele>293.4</ele></trkpt>
      <trkpt lat="50.1439" lon="18.566015"><ele>293.2</ele></trkpt>
      <trkpt lat="50.143868" lon="18.565992"><ele>293.2</ele></trkpt>
      <trkpt lat="50.14384" lon="18.56597"><ele>292.8</ele></trkpt>
      <trkpt lat="50.143813" lon="18.565958"><ele>292.6</ele></trkpt>
      <trkpt lat="50.143788" lon="18.565947"><ele>292.4</ele></trkpt>
      <trkpt lat="50.14376" lon="18.565932"><ele>292.2</ele></trkpt>
      <trkpt lat="50.143723" lon="18.565913"><ele>292.0</ele></trkpt>
      <trkpt lat="50.143695" lon="18.565902"><ele>291.8</ele></trkpt>
      <trkpt lat="50.143673" lon="18.56589"><ele>291.6</ele></trkpt>
      <trkpt lat="50.143643" lon="18.565877"><ele>291.4</ele></trkpt>
      <trkpt lat="50.143615" lon="18.56586"><ele>291.0</ele></trkpt>
      <trkpt lat="50.14359" lon="18.565848"><ele>290.8</ele></trkpt>
      <trkpt lat="50.143563" lon="18.565838"><ele>290.4</ele></trkpt>
      <trkpt lat="50.143542" lon="18.565823"><ele>290.2</ele></trkpt>
      <trkpt lat="50.14352" lon="18.565812"><ele>290.0</ele></trkpt>
      <trkpt lat="50.143493" lon="18.565793"><ele>289.6</ele></trkpt>
      <trkpt lat="50.143472" lon="18.565773"><ele>289.4</ele></trkpt>
      <trkpt lat="50.143442" lon="18.565755"><ele>289.2</ele></trkpt>
      <trkpt lat="50.143413" lon="18.565732"><ele>289.0</ele></trkpt>
      <trkpt lat="50.143385" lon="18.565713"><ele>288.6</ele></trkpt>
      <trkpt lat="50.14336" lon="18.56569"><ele>288.6</ele></trkpt>
      <trkpt lat="50.14334" lon="18.56568"><ele>288.2</ele></trkpt>
      <trkpt lat="50.143318" lon="18.56567"><ele>288.0</ele></trkpt>
      <trkpt lat="50.143295" lon="18.565655"><ele>288.0</ele></trkpt>
      <trkpt lat="50.143267" lon="18.56564"><ele>287.8</ele></trkpt>
      <trkpt lat="50.14324" lon="18.565615"><ele>287.6</ele></trkpt>
      <trkpt lat="50.143215" lon="18.565597"><ele>287.4</ele></trkpt>
      <trkpt lat="50.143193" lon="18.565573"><ele>287.2</ele></trkpt>
      <trkpt lat="50.143163" lon="18.565553"><ele>287.0</ele></trkpt>
      <trkpt lat="50.143142" lon="18.565533"><ele>286.8</ele></trkpt>
      <trkpt lat="50.143058" lon="18.56548"><ele>286.6</ele></trkpt>
      <trkpt lat="50.142988" lon="18.56543"><ele>286.4</ele></trkpt>
      <trkpt lat="50.142957" lon="18.565405"><ele>286.4</ele></trkpt>
      <trkpt lat="50.142923" lon="18.565385"><ele>286.2</ele></trkpt>
      <trkpt lat="50.142898" lon="18.565365"><ele>286.2</ele></trkpt>
      <trkpt lat="50.14287" lon="18.565347"><ele>286.2</ele></trkpt>
      <trkpt lat="50.14284" lon="18.565322"><ele>286.0</ele></trkpt>
      <trkpt lat="50.142808" lon="18.565295"><ele>286.0</ele></trkpt>
      <trkpt lat="50.14278" lon="18.565273"><ele>286.0</ele></trkpt>
      <trkpt lat="50.142755" lon="18.565252"><ele>286.0</ele></trkpt>
      <trkpt lat="50.142725" lon="18.565228"><ele>285.8</ele></trkpt>
      <trkpt lat="50.142697" lon="18.5652"><ele>285.8</ele></trkpt>
      <trkpt lat="50.142665" lon="18.565168"><ele>285.8</ele></trkpt>
      <trkpt lat="50.14263" lon="18.565142"><ele>285.6</ele></trkpt>
      <trkpt lat="50.142603" lon="18.56511"><ele>285.6</ele></trkpt>
      <trkpt lat="50.142572" lon="18.565077"><ele>285.4</ele></trkpt>
      <trkpt lat="50.14254" lon="18.565043"><ele>285.4</ele></trkpt>
      <trkpt lat="50.142502" lon="18.565013"><ele>285.2</ele></trkpt>
      <trkpt lat="50.14247" lon="18.564983"><ele>285.0</ele></trkpt>
      <trkpt lat="50.14244" lon="18.564957"><ele>285.0</ele></trkpt>
      <trkpt lat="50.142408" lon="18.564923"><ele>284.8</ele></trkpt>
      <trkpt lat="50.14238" lon="18.564897"><ele>284.6</ele></trkpt>
      <trkpt lat="50.142352" lon="18.564865"><ele>284.4</ele></trkpt>
      <trkpt lat="50.142322" lon="18.56483"><ele>284.4</ele></trkpt>
      <trkpt lat="50.142293" lon="18.5648"><ele>284.2</ele></trkpt>
      <trkpt lat="50.142265" lon="18.564772"><ele>284.0</ele></trkpt>
      <trkpt lat="50.142233" lon="18.56475"><ele>283.8</ele></trkpt>
      <trkpt lat="50.142203" lon="18.564735"><ele>283.6</ele></trkpt>
      <trkpt lat="50.142168" lon="18.564718"><ele>283.4</ele></trkpt>
      <trkpt lat="50.142127" lon="18.564707"><ele>283.2</ele></trkpt>
      <trkpt lat="50.142085" lon="18.564692"><ele>282.8</ele></trkpt>
      <trkpt lat="50.14205" lon="18.564682"><ele>282.8</ele></trkpt>
      <trkpt lat="50.142012" lon="18.56467"><ele>282.4</ele></trkpt>
      <trkpt lat="50.141973" lon="18.564657"><ele>282.4</ele></trkpt>
      <trkpt lat="50.141942" lon="18.56464"><ele>282.0</ele></trkpt>
      <trkpt lat="50.141893" lon="18.564617"><ele>281.8</ele></trkpt>
      <trkpt lat="50.141852" lon="18.564593"><ele>281.8</ele></trkpt>
      <trkpt lat="50.141798" lon="18.564562"><ele>281.6</ele></trkpt>
      <trkpt lat="50.141757" lon="18.564538"><ele>281.4</ele></trkpt>
      <trkpt lat="50.141715" lon="18.564522"><ele>281.4</ele></trkpt>
      <trkpt lat="50.14167" lon="18.564507"><ele>281.2</ele></trkpt>
      <trkpt lat="50.141632" lon="18.564497"><ele>281.2</ele></trkpt>
      <trkpt lat="50.141593" lon="18.564487"><ele>281.0</ele></trkpt>
      <trkpt lat="50.141555" lon="18.564473"><ele>280.8</ele></trkpt>
      <trkpt lat="50.14152" lon="18.564467"><ele>280.6</ele></trkpt>
      <trkpt lat="50.141478" lon="18.564457"><ele>280.6</ele></trkpt>
      <trkpt lat="50.141448" lon="18.564457"><ele>280.4</ele></trkpt>
      <trkpt lat="50.141413" lon="18.564452"><ele>280.4</ele></trkpt>
      <trkpt lat="50.141378" lon="18.564453"><ele>280.2</ele></trkpt>
      <trkpt lat="50.14135" lon="18.56446"><ele>280.0</ele></trkpt>
      <trkpt lat="50.14132" lon="18.56447"><ele>280.0</ele></trkpt>
      <trkpt lat="50.141298" lon="18.564478"><ele>279.8</ele></trkpt>
      <trkpt lat="50.141277" lon="18.56448"><ele>279.6</ele></trkpt>
      <trkpt lat="50.14125" lon="18.564488"><ele>279.4</ele></trkpt>
      <trkpt lat="50.141218" lon="18.5645"><ele>279.2</ele></trkpt>
      <trkpt lat="50.14119" lon="18.56452"><ele>279.0</ele></trkpt>
      <trkpt lat="50.141158" lon="18.564537"><ele>278.8</ele></trkpt>
      <trkpt lat="50.141122" lon="18.564553"><ele>278.6</ele></trkpt>
      <trkpt lat="50.14109" lon="18.564568"><ele>278.4</ele></trkpt>
      <trkpt lat="50.141055" lon="18.564583"><ele>278.2</ele></trkpt>
      <trkpt lat="50.14102" lon="18.564605"><ele>278.0</ele></trkpt>
      <trkpt lat="50.140978" lon="18.564622"><ele>277.6</ele></trkpt>
      <trkpt lat="50.14094" lon="18.564632"><ele>277.4</ele></trkpt>
      <trkpt lat="50.140908" lon="18.56465"><ele>277.0</ele></trkpt>
      <trkpt lat="50.140873" lon="18.564668"><ele>276.8</ele></trkpt>
      <trkpt lat="50.140838" lon="18.564685"><ele>276.4</ele></trkpt>
      <trkpt lat="50.1408" lon="18.5647"><ele>276.0</ele></trkpt>
      <trkpt lat="50.14076" lon="18.564715"><ele>275.6</ele></trkpt>
      <trkpt lat="50.14072" lon="18.564725"><ele>275.2</ele></trkpt>
      <trkpt lat="50.140683" lon="18.564742"><ele>274.8</ele></trkpt>
      <trkpt lat="50.140652" lon="18.564755"><ele>274.4</ele></trkpt>
      <trkpt lat="50.14062" lon="18.564765"><ele>274.0</ele></trkpt>
      <trkpt lat="50.140585" lon="18.564777"><ele>273.6</ele></trkpt>
      <trkpt lat="50.140553" lon="18.564792"><ele>273.2</ele></trkpt>
      <trkpt lat="50.140512" lon="18.564817"><ele>272.6</ele></trkpt>
      <trkpt lat="50.140463" lon="18.56484"><ele>272.4</ele></trkpt>
      <trkpt lat="50.140415" lon="18.564857"><ele>272.0</ele></trkpt>
      <trkpt lat="50.14036" lon="18.564878"><ele>271.2</ele></trkpt>
      <trkpt lat="50.140317" lon="18.564903"><ele>271.0</ele></trkpt>
      <trkpt lat="50.140265" lon="18.564923"><ele>270.2</ele></trkpt>
      <trkpt lat="50.140217" lon="18.564948"><ele>269.8</ele></trkpt>
      <trkpt lat="50.14016" lon="18.564963"><ele>269.2</ele></trkpt>
      <trkpt lat="50.140108" lon="18.564988"><ele>268.6</ele></trkpt>
      <trkpt lat="50.14006" lon="18.565015"><ele>268.4</ele></trkpt>
      <trkpt lat="50.140008" lon="18.565037"><ele>267.8</ele></trkpt>
      <trkpt lat="50.139967" lon="18.565068"><ele>267.2</ele></trkpt>
      <trkpt lat="50.139922" lon="18.565098"><ele>266.6</ele></trkpt>
      <trkpt lat="50.139883" lon="18.565135"><ele>266.0</ele></trkpt>
      <trkpt lat="50.139845" lon="18.565158"><ele>265.4</ele></trkpt>
      <trkpt lat="50.139792" lon="18.565168"><ele>265.0</ele></trkpt>
      <trkpt lat="50.13975" lon="18.565187"><ele>264.6</ele></trkpt>
      <trkpt lat="50.139702" lon="18.565215"><ele>264.0</ele></trkpt>
      <trkpt lat="50.139657" lon="18.565248"><ele>263.2</ele></trkpt>
      <trkpt lat="50.139605" lon="18.565292"><ele>262.8</ele></trkpt>
      <trkpt lat="50.139552" lon="18.565303"><ele>262.2</ele></trkpt>
      <trkpt lat="50.139503" lon="18.565322"><ele>261.6</ele></trkpt>
      <trkpt lat="50.139448" lon="18.565355"><ele>261.2</ele></trkpt>
      <trkpt lat="50.139392" lon="18.565383"><ele>260.8</ele></trkpt>
      <trkpt lat="50.139333" lon="18.565415"><ele>260.4</ele></trkpt>
      <trkpt lat="50.139292" lon="18.565442"><ele>259.8</ele></trkpt>
      <trkpt lat="50.13925" lon="18.565463"><ele>259.4</ele></trkpt>
      <trkpt lat="50.139212" lon="18.56549"><ele>259.0</ele></trkpt>
      <trkpt lat="50.139163" lon="18.56552"><ele>258.6</ele></trkpt>
      <trkpt lat="50.139113" lon="18.565547"><ele>258.2</ele></trkpt>
      <trkpt lat="50.139065" lon="18.565572"><ele>258.0</ele></trkpt>
      <trkpt lat="50.139003" lon="18.565575"><ele>257.6</ele></trkpt>
      <trkpt lat="50.138957" lon="18.5656"><ele>257.0</ele></trkpt>
      <trkpt lat="50.138908" lon="18.565618"><ele>256.8</ele></trkpt>
      <trkpt lat="50.138843" lon="18.565625"><ele>256.6</ele></trkpt>
      <trkpt lat="50.138745" lon="18.565662"><ele>256.0</ele></trkpt>
      <trkpt lat="50.138683" lon="18.565675"><ele>255.6</ele></trkpt>
      <trkpt lat="50.13863" lon="18.565688"><ele>255.2</ele></trkpt>
      <trkpt lat="50.138585" lon="18.565708"><ele>255.0</ele></trkpt>
      <trkpt lat="50.138537" lon="18.565733"><ele>254.6</ele></trkpt>
      <trkpt lat="50.138488" lon="18.565758"><ele>254.4</ele></trkpt>
      <trkpt lat="50.138435" lon="18.565768"><ele>254.0</ele></trkpt>
      <trkpt lat="50.13838" lon="18.565778"><ele>253.6</ele></trkpt>
      <trkpt lat="50.138317" lon="18.56578"><ele>253.2</ele></trkpt>
      <trkpt lat="50.138258" lon="18.565813"><ele>252.8</ele></trkpt>
      <trkpt lat="50.138198" lon="18.565848"><ele>252.4</ele></trkpt>
      <trkpt lat="50.138143" lon="18.565887"><ele>252.0</ele></trkpt>
      <trkpt lat="50.138092" lon="18.565917"><ele>251.6</ele></trkpt>
      <trkpt lat="50.138043" lon="18.56594"><ele>251.2</ele></trkpt>
      <trkpt lat="50.137997" lon="18.565962"><ele>250.8</ele></trkpt>
      <trkpt lat="50.137938" lon="18.565993"><ele>250.4</ele></trkpt>
      <trkpt lat="50.13789" lon="18.566018"><ele>250.2</ele></trkpt>
      <trkpt lat="50.137837" lon="18.566047"><ele>249.6</ele></trkpt>
      <trkpt lat="50.137782" lon="18.56608"><ele>249.0</ele></trkpt>
      <trkpt lat="50.137733" lon="18.566107"><ele>248.6</ele></trkpt>
      <trkpt lat="50.13768" lon="18.566125"><ele>248.2</ele></trkpt>
      <trkpt lat="50.137632" lon="18.566142"><ele>247.8</ele></trkpt>
      <trkpt lat="50.137573" lon="18.56616"><ele>247.4</ele></trkpt>
      <trkpt lat="50.13752" lon="18.566178"><ele>247.2</ele></trkpt>
      <trkpt lat="50.137468" lon="18.5662"><ele>246.8</ele></trkpt>
      <trkpt lat="50.137413" lon="18.566217"><ele>246.6</ele></trkpt>
      <trkpt lat="50.13736" lon="18.566237"><ele>246.4</ele></trkpt>
      <trkpt lat="50.137315" lon="18.566257"><ele>246.4</ele></trkpt>
      <trkpt lat="50.137267" lon="18.56628"><ele>246.2</ele></trkpt>
      <trkpt lat="50.137208" lon="18.566297"><ele>246.0</ele></trkpt>
      <trkpt lat="50.137148" lon="18.56631"><ele>245.8</ele></trkpt>
      <trkpt lat="50.13709" lon="18.566325"><ele>245.8</ele></trkpt>
      <trkpt lat="50.137045" lon="18.566348"><ele>245.8</ele></trkpt>
      <trkpt lat="50.136992" lon="18.56636"><ele>245.6</ele></trkpt>
      <trkpt lat="50.136943" lon="18.566377"><ele>245.6</ele></trkpt>
      <trkpt lat="50.136898" lon="18.566402"><ele>245.4</ele></trkpt>
      <trkpt lat="50.136843" lon="18.566425"><ele>245.6</ele></trkpt>
      <trkpt lat="50.13678" lon="18.56644"><ele>245.6</ele></trkpt>
      <trkpt lat="50.13672" lon="18.566443"><ele>245.6</ele></trkpt>
      <trkpt lat="50.136668" lon="18.566458"><ele>245.6</ele></trkpt>
      <trkpt lat="50.136623" lon="18.566477"><ele>246.0</ele></trkpt>
      <trkpt lat="50.13653" lon="18.56652"><ele>246.2</ele></trkpt>
      <trkpt lat="50.13648" lon="18.566527"><ele>246.6</ele></trkpt>
      <trkpt lat="50.136425" lon="18.566535"><ele>247.0</ele></trkpt>
      <trkpt lat="50.136383" lon="18.566552"><ele>247.4</ele></trkpt>
      <trkpt lat="50.136335" lon="18.566568"><ele>247.8</ele></trkpt>
      <trkpt lat="50.13629" lon="18.566588"><ele>248.2</ele></trkpt>
      <trkpt lat="50.136248" lon="18.566607"><ele>248.8</ele></trkpt>
      <trkpt lat="50.136198" lon="18.566627"><ele>249.2</ele></trkpt>
      <trkpt lat="50.136147" lon="18.566653"><ele>249.6</ele></trkpt>
      <trkpt lat="50.136088" lon="18.566678"><ele>250.2</ele></trkpt>
      <trkpt lat="50.136032" lon="18.566698"><ele>250.4</ele></trkpt>
      <trkpt lat="50.135973" lon="18.566718"><ele>250.8</ele></trkpt>
      <trkpt lat="50.13592" lon="18.56674"><ele>251.0</ele></trkpt>
      <trkpt lat="50.135868" lon="18.566765"><ele>251.4</ele></trkpt>
      <trkpt lat="50.135817" lon="18.566792"><ele>251.6</ele></trkpt>
      <trkpt lat="50.135765" lon="18.566813"><ele>252.0</ele></trkpt>
      <trkpt lat="50.135718" lon="18.566833"><ele>252.0</ele></trkpt>
      <trkpt lat="50.135673" lon="18.566852"><ele>252.4</ele></trkpt>
      <trkpt lat="50.135632" lon="18.566875"><ele>252.4</ele></trkpt>
      <trkpt lat="50.135593" lon="18.566895"><ele>252.6</ele></trkpt>
      <trkpt lat="50.135552" lon="18.566917"><ele>252.6</ele></trkpt>
      <trkpt lat="50.13551" lon="18.566938"><ele>252.6</ele></trkpt>
      <trkpt lat="50.135462" lon="18.566962"><ele>252.6</ele></trkpt>
      <trkpt lat="50.13542" lon="18.566983"><ele>252.8</ele></trkpt>
      <trkpt lat="50.135375" lon="18.567"><ele>252.8</ele></trkpt>
      <trkpt lat="50.135333" lon="18.567023"><ele>252.8</ele></trkpt>
      <trkpt lat="50.135288" lon="18.567037"><ele>252.8</ele></trkpt>
      <trkpt lat="50.13524" lon="18.56705"><ele>253.0</ele></trkpt>
      <trkpt lat="50.135193" lon="18.56706"><ele>253.0</ele></trkpt>
      <trkpt lat="50.135145" lon="18.567075"><ele>253.0</ele></trkpt>
      <trkpt lat="50.135103" lon="18.567088"><ele>253.2</ele></trkpt>
      <trkpt lat="50.135062" lon="18.567102"><ele>253.2</ele></trkpt>
      <trkpt lat="50.135023" lon="18.567115"><ele>253.2</ele></trkpt>
      <trkpt lat="50.134982" lon="18.56713"><ele>253.2</ele></trkpt>
      <trkpt lat="50.134943" lon="18.567145"><ele>253.2</ele></trkpt>
      <trkpt lat="50.134898" lon="18.56716"><ele>253.2</ele></trkpt>
      <trkpt lat="50.134857" lon="18.567178"><ele>253.2</ele></trkpt>
      <trkpt lat="50.134815" lon="18.567195"><ele>253.2</ele></trkpt>
      <trkpt lat="50.134773" lon="18.567213"><ele>253.2</ele></trkpt>
      <trkpt lat="50.134732" lon="18.567228"><ele>253.2</ele></trkpt>
      <trkpt lat="50.134687" lon="18.567243"><ele>253.2</ele></trkpt>
      <trkpt lat="50.134645" lon="18.56726"><ele>253.2</ele></trkpt>
      <trkpt lat="50.134603" lon="18.567282"><ele>253.2</ele></trkpt>
      <trkpt lat="50.134562" lon="18.567313"><ele>253.2</ele></trkpt>
      <trkpt lat="50.13452" lon="18.56734"><ele>253.0</ele></trkpt>
      <trkpt lat="50.134482" lon="18.567367"><ele>253.0</ele></trkpt>
      <trkpt lat="50.134443" lon="18.567383"><ele>253.0</ele></trkpt>
      <trkpt lat="50.134405" lon="18.567402"><ele>253.0</ele></trkpt>
      <trkpt lat="50.13437" lon="18.56742"><ele>253.0</ele></trkpt>
      <trkpt lat="50.134338" lon="18.567438"><ele>253.0</ele></trkpt>
      <trkpt lat="50.13431" lon="18.56746"><ele>253.0</ele></trkpt>
      <trkpt lat="50.13428" lon="18.567482"><ele>252.8</ele></trkpt>
      <trkpt lat="50.134238" lon="18.567488"><ele>252.8</ele></trkpt>
      <trkpt lat="50.134207" lon="18.567507"><ele>252.8</ele></trkpt>
      <trkpt lat="50.134168" lon="18.567518"><ele>252.8</ele></trkpt>
      <trkpt lat="50.13414" lon="18.56753"><ele>252.6</ele></trkpt>
      <trkpt lat="50.134108" lon="18.567545"><ele>252.6</ele></trkpt>
      <trkpt lat="50.134073" lon="18.567558"><ele>252.6</ele></trkpt>
      <trkpt lat="50.134047" lon="18.56757"><ele>252.4</ele></trkpt>
      <trkpt lat="50.134012" lon="18.567585"><ele>252.4</ele></trkpt>
      <trkpt lat="50.13398" lon="18.567597"><ele>252.2</ele></trkpt>
      <trkpt lat="50.133945" lon="18.567607"><ele>252.2</ele></trkpt>
      <trkpt lat="50.133903" lon="18.567617"><ele>252.0</ele></trkpt>
      <trkpt lat="50.133865" lon="18.56763"><ele>252.0</ele></trkpt>
      <trkpt lat="50.13383" lon="18.567645"><ele>252.0</ele></trkpt>
      <trkpt lat="50.133795" lon="18.567662"><ele>251.8</ele></trkpt>
      <trkpt lat="50.13376" lon="18.56768"><ele>251.8</ele></trkpt>
      <trkpt lat="50.133723" lon="18.567705"><ele>251.6</ele></trkpt>
      <trkpt lat="50.133688" lon="18.567725"><ele>251.6</ele></trkpt>
      <trkpt lat="50.13365" lon="18.567738"><ele>251.4</ele></trkpt>
      <trkpt lat="50.133622" lon="18.567757"><ele>251.4</ele></trkpt>
      <trkpt lat="50.133587" lon="18.567777"><ele>251.4</ele></trkpt>
      <trkpt lat="50.133545" lon="18.567797"><ele>251.2</ele></trkpt>
      <trkpt lat="50.133507" lon="18.567815"><ele>251.0</ele></trkpt>
      <trkpt lat="50.133468" lon="18.567835"><ele>251.0</ele></trkpt>
      <trkpt lat="50.133433" lon="18.567865"><ele>250.8</ele></trkpt>
      <trkpt lat="50.133398" lon="18.567897"><ele>250.8</ele></trkpt>
      <trkpt lat="50.133368" lon="18.567933"><ele>250.6</ele></trkpt>
      <trkpt lat="50.133337" lon="18.567963"><ele>250.6</ele></trkpt>
      <trkpt lat="50.133308" lon="18.567998"><ele>250.6</ele></trkpt>
      <trkpt lat="50.133282" lon="18.568032"><ele>250.6</ele></trkpt>
      <trkpt lat="50.133257" lon="18.568065"><ele>250.6</ele></trkpt>
      <trkpt lat="50.133235" lon="18.568098"><ele>250.6</ele></trkpt>
      <trkpt lat="50.133215" lon="18.568133"><ele>250.6</ele></trkpt>
      <trkpt lat="50.133197" lon="18.568175"><ele>250.6</ele></trkpt>
      <trkpt lat="50.133173" lon="18.568217"><ele>250.6</ele></trkpt>
      <trkpt lat="50.133152" lon="18.568247"><ele>250.8</ele></trkpt>
      <trkpt lat="50.133128" lon="18.56828"><ele>250.8</ele></trkpt>
      <trkpt lat="50.133107" lon="18.568305"><ele>251.0</ele></trkpt>
      <trkpt lat="50.133087" lon="18.568335"><ele>251.2</ele></trkpt>
      <trkpt lat="50.133072" lon="18.568362"><ele>251.2</ele></trkpt>
      <trkpt lat="50.133052" lon="18.568383"><ele>251.4</ele></trkpt>
      <trkpt lat="50.133037" lon="18.56841"><ele>251.6</ele></trkpt>
      <trkpt lat="50.133017" lon="18.568432"><ele>251.8</ele></trkpt>
      <trkpt lat="50.133003" lon="18.568455"><ele>252.0</ele></trkpt>
      <trkpt lat="50.132988" lon="18.56848"><ele>252.2</ele></trkpt>
      <trkpt lat="50.132968" lon="18.56851"><ele>252.4</ele></trkpt>
      <trkpt lat="50.13295" lon="18.568538"><ele>252.6</ele></trkpt>
      <trkpt lat="50.132937" lon="18.568562"><ele>252.8</ele></trkpt>
      <trkpt lat="50.13292" lon="18.568588"><ele>252.8</ele></trkpt>
      <trkpt lat="50.132912" lon="18.568613"><ele>253.0</ele></trkpt>
      <trkpt lat="50.132895" lon="18.56864"><ele>253.0</ele></trkpt>
      <trkpt lat="50.132885" lon="18.56867"><ele>253.2</ele></trkpt>
      <trkpt lat="50.13287" lon="18.5687"><ele>253.2</ele></trkpt>
      <trkpt lat="50.13285" lon="18.568728"><ele>253.2</ele></trkpt>
      <trkpt lat="50.132832" lon="18.568757"><ele>253.2</ele></trkpt>
      <trkpt lat="50.132815" lon="18.56878"><ele>253.4</ele></trkpt>
      <trkpt lat="50.132793" lon="18.568807"><ele>253.4</ele></trkpt>
      <trkpt lat="50.132773" lon="18.568838"><ele>253.2</ele></trkpt>
      <trkpt lat="50.132752" lon="18.568872"><ele>253.2</ele></trkpt>
      <trkpt lat="50.132738" lon="18.56891"><ele>253.2</ele></trkpt>
      <trkpt lat="50.132722" lon="18.56894"><ele>253.2</ele></trkpt>
      <trkpt lat="50.132707" lon="18.568967"><ele>253.2</ele></trkpt>
      <trkpt lat="50.132687" lon="18.56899"><ele>253.2</ele></trkpt>
      <trkpt lat="50.132668" lon="18.569012"><ele>253.2</ele></trkpt>
      <trkpt lat="50.132648" lon="18.56904"><ele>253.2</ele></trkpt>
      <trkpt lat="50.132633" lon="18.56907"><ele>253.2</ele></trkpt>
      <trkpt lat="50.132613" lon="18.569095"><ele>253.2</ele></trkpt>
      <trkpt lat="50.132595" lon="18.569117"><ele>253.0</ele></trkpt>
      <trkpt lat="50.132575" lon="18.569137"><ele>253.0</ele></trkpt>
      <trkpt lat="50.132557" lon="18.569158"><ele>253.0</ele></trkpt>
      <trkpt lat="50.13254" lon="18.569185"><ele>252.8</ele></trkpt>
      <trkpt lat="50.132523" lon="18.569218"><ele>252.8</ele></trkpt>
      <trkpt lat="50.132508" lon="18.569252"><ele>252.6</ele></trkpt>
      <trkpt lat="50.132492" lon="18.569285"><ele>252.4</ele></trkpt>
      <trkpt lat="50.132473" lon="18.569322"><ele>252.2</ele></trkpt>
      <trkpt lat="50.132453" lon="18.56936"><ele>252.2</ele></trkpt>
      <trkpt lat="50.132435" lon="18.569393"><ele>252.0</ele></trkpt>
      <trkpt lat="50.132412" lon="18.569423"><ele>251.8</ele></trkpt>
      <trkpt lat="50.13239" lon="18.569457"><ele>251.6</ele></trkpt>
      <trkpt lat="50.132373" lon="18.569498"><ele>251.4</ele></trkpt>
      <trkpt lat="50.132345" lon="18.569542"><ele>251.2</ele></trkpt>
      <trkpt lat="50.132322" lon="18.569585"><ele>251.2</ele></trkpt>
      <trkpt lat="50.1323" lon="18.569632"><ele>251.0</ele></trkpt>
      <trkpt lat="50.13228" lon="18.569682"><ele>250.8</ele></trkpt>
      <trkpt lat="50.132265" lon="18.569733"><ele>250.6</ele></trkpt>
      <trkpt lat="50.132252" lon="18.569783"><ele>250.6</ele></trkpt>
      <trkpt lat="50.132237" lon="18.569837"><ele>250.4</ele></trkpt>
      <trkpt lat="50.13222" lon="18.569883"><ele>250.4</ele></trkpt>
      <trkpt lat="50.132203" lon="18.569935"><ele>250.2</ele></trkpt>
      <trkpt lat="50.132185" lon="18.569988"><ele>250.2</ele></trkpt>
      <trkpt lat="50.13216" lon="18.570033"><ele>250.0</ele></trkpt>
      <trkpt lat="50.13214" lon="18.570073"><ele>250.0</ele></trkpt>
      <trkpt lat="50.132112" lon="18.570108"><ele>249.8</ele></trkpt>
      <trkpt lat="50.132085" lon="18.570133"><ele>249.6</ele></trkpt>
      <trkpt lat="50.132063" lon="18.570153"><ele>249.4</ele></trkpt>
      <trkpt lat="50.13204" lon="18.57017"><ele>249.2</ele></trkpt>
      <trkpt lat="50.132015" lon="18.570188"><ele>249.0</ele></trkpt>
      <trkpt lat="50.131993" lon="18.570205"><ele>248.8</ele></trkpt>
      <trkpt lat="50.131963" lon="18.57022"><ele>248.6</ele></trkpt>
      <trkpt lat="50.131938" lon="18.570233"><ele>248.4</ele></trkpt>
      <trkpt lat="50.131917" lon="18.570245"><ele>248.0</ele></trkpt>
      <trkpt lat="50.131883" lon="18.570258"><ele>248.0</ele></trkpt>
      <trkpt lat="50.131858" lon="18.570272"><ele>247.8</ele></trkpt>
      <trkpt lat="50.131833" lon="18.570285"><ele>247.4</ele></trkpt>
      <trkpt lat="50.1318" lon="18.5703"><ele>247.2</ele></trkpt>
      <trkpt lat="50.131775" lon="18.570325"><ele>247.0</ele></trkpt>
      <trkpt lat="50.13174" lon="18.57034"><ele>246.8</ele></trkpt>
      <trkpt lat="50.131705" lon="18.570355"><ele>246.6</ele></trkpt>
      <trkpt lat="50.131667" lon="18.570368"><ele>246.4</ele></trkpt>
      <trkpt lat="50.131628" lon="18.570388"><ele>246.2</ele></trkpt>
      <trkpt lat="50.131587" lon="18.570403"><ele>246.0</ele></trkpt>
      <trkpt lat="50.131545" lon="18.570418"><ele>245.8</ele></trkpt>
      <trkpt lat="50.131507" lon="18.57043"><ele>245.8</ele></trkpt>
      <trkpt lat="50.131465" lon="18.57044"><ele>245.6</ele></trkpt>
      <trkpt lat="50.13142" lon="18.57045"><ele>245.4</ele></trkpt>
      <trkpt lat="50.131378" lon="18.570462"><ele>245.2</ele></trkpt>
      <trkpt lat="50.131337" lon="18.57047"><ele>244.8</ele></trkpt>
      <trkpt lat="50.131288" lon="18.570472"><ele>244.8</ele></trkpt>
      <trkpt lat="50.131247" lon="18.570472"><ele>244.4</ele></trkpt>
      <trkpt lat="50.131205" lon="18.57047"><ele>244.0</ele></trkpt>
      <trkpt lat="50.131158" lon="18.570458"><ele>243.8</ele></trkpt>
      <trkpt lat="50.131113" lon="18.570457"><ele>243.4</ele></trkpt>
      <trkpt lat="50.131078" lon="18.570453"><ele>243.0</ele></trkpt>
      <trkpt lat="50.131042" lon="18.570448"><ele>242.8</ele></trkpt>
      <trkpt lat="50.131007" lon="18.570447"><ele>242.4</ele></trkpt>
      <trkpt lat="50.130978" lon="18.570443"><ele>241.8</ele></trkpt>
      <trkpt lat="50.130943" lon="18.57044"><ele>241.6</ele></trkpt>
      <trkpt lat="50.130908" lon="18.570438"><ele>241.2</ele></trkpt>
      <trkpt lat="50.130882" lon="18.570437"><ele>240.8</ele></trkpt>
      <trkpt lat="50.130843" lon="18.570432"><ele>240.6</ele></trkpt>
      <trkpt lat="50.130805" lon="18.570427"><ele>240.0</ele></trkpt>
      <trkpt lat="50.130767" lon="18.570418"><ele>239.8</ele></trkpt>
      <trkpt lat="50.130732" lon="18.570417"><ele>239.4</ele></trkpt>
      <trkpt lat="50.130703" lon="18.570415"><ele>239.2</ele></trkpt>
      <trkpt lat="50.130665" lon="18.570407"><ele>238.8</ele></trkpt>
      <trkpt lat="50.130633" lon="18.570403"><ele>238.6</ele></trkpt>
      <trkpt lat="50.130598" lon="18.570397"><ele>238.4</ele></trkpt>
      <trkpt lat="50.130562" lon="18.570392"><ele>238.0</ele></trkpt>
      <trkpt lat="50.13053" lon="18.570392"><ele>237.8</ele></trkpt>
      <trkpt lat="50.130495" lon="18.570388"><ele>237.4</ele></trkpt>
      <trkpt lat="50.130463" lon="18.570392"><ele>237.2</ele></trkpt>
      <trkpt lat="50.130425" lon="18.570403"><ele>237.0</ele></trkpt>
      <trkpt lat="50.130387" lon="18.570412"><ele>236.6</ele></trkpt>
      <trkpt lat="50.130352" lon="18.570418"><ele>236.6</ele></trkpt>
      <trkpt lat="50.130313" lon="18.570425"><ele>236.2</ele></trkpt>
      <trkpt lat="50.130258" lon="18.570418"><ele>236.0</ele></trkpt>
      <trkpt lat="50.13021" lon="18.570417"><ele>235.6</ele></trkpt>
      <trkpt lat="50.130168" lon="18.57042"><ele>235.4</ele></trkpt>
      <trkpt lat="50.13013" lon="18.570447"><ele>235.2</ele></trkpt>
      <trkpt lat="50.130092" lon="18.570477"><ele>235.0</ele></trkpt>
      <trkpt lat="50.130053" lon="18.570497"><ele>235.0</ele></trkpt>
      <trkpt lat="50.130008" lon="18.570523"><ele>234.8</ele></trkpt>
      <trkpt lat="50.12997" lon="18.570558"><ele>234.6</ele></trkpt>
      <trkpt lat="50.129932" lon="18.570588"><ele>234.4</ele></trkpt>
      <trkpt lat="50.129887" lon="18.57062"><ele>234.4</ele></trkpt>
      <trkpt lat="50.129848" lon="18.570653"><ele>234.4</ele></trkpt>
      <trkpt lat="50.129807" lon="18.57068"><ele>234.2</ele></trkpt>
      <trkpt lat="50.12976" lon="18.57071"><ele>234.2</ele></trkpt>
      <trkpt lat="50.129715" lon="18.570742"><ele>234.0</ele></trkpt>
      <trkpt lat="50.129663" lon="18.570765"><ele>234.0</ele></trkpt>
      <trkpt lat="50.129622" lon="18.570793"><ele>234.0</ele></trkpt>
      <trkpt lat="50.12958" lon="18.570817"><ele>234.0</ele></trkpt>
      <trkpt lat="50.129542" lon="18.570843"><ele>233.8</ele></trkpt>
      <trkpt lat="50.129503" lon="18.570867"><ele>233.8</ele></trkpt>
      <trkpt lat="50.129462" lon="18.570885"><ele>233.8</ele></trkpt>
      <trkpt lat="50.129423" lon="18.570902"><ele>233.8</ele></trkpt>
      <trkpt lat="50.129385" lon="18.570915"><ele>233.6</ele></trkpt>
      <trkpt lat="50.129347" lon="18.570932"><ele>233.6</ele></trkpt>
      <trkpt lat="50.129305" lon="18.570945"><ele>233.6</ele></trkpt>
      <trkpt lat="50.129263" lon="18.57097"><ele>233.4</ele></trkpt>
      <trkpt lat="50.129218" lon="18.570998"><ele>233.4</ele></trkpt>
      <trkpt lat="50.129173" lon="18.57103"><ele>233.4</ele></trkpt>
      <trkpt lat="50.12912" lon="18.571067"><ele>233.4</ele></trkpt>
      <trkpt lat="50.129065" lon="18.571092"><ele>233.4</ele></trkpt>
      <trkpt lat="50.12902" lon="18.571123"><ele>233.4</ele></trkpt>
      <trkpt lat="50.128968" lon="18.571157"><ele>233.2</ele></trkpt>
      <trkpt lat="50.128923" lon="18.57119"><ele>233.2</ele></trkpt>
      <trkpt lat="50.128877" lon="18.571222"><ele>233.4</ele></trkpt>
      <trkpt lat="50.128825" lon="18.57125"><ele>233.4</ele></trkpt>
      <trkpt lat="50.128777" lon="18.57128"><ele>233.4</ele></trkpt>
      <trkpt lat="50.128735" lon="18.571312"><ele>233.4</ele></trkpt>
      <trkpt lat="50.12869" lon="18.571342"><ele>233.6</ele></trkpt>
      <trkpt lat="50.128607" lon="18.5714"><ele>233.6</ele></trkpt>
      <trkpt lat="50.128572" lon="18.571435"><ele>233.6</ele></trkpt>
      <trkpt lat="50.12853" lon="18.571468"><ele>233.8</ele></trkpt>
      <trkpt lat="50.128498" lon="18.571503"><ele>233.8</ele></trkpt>
      <trkpt lat="50.12846" lon="18.571542"><ele>233.8</ele></trkpt>
      <trkpt lat="50.128422" lon="18.571582"><ele>233.8</ele></trkpt>
      <trkpt lat="50.128387" lon="18.571623"><ele>234.0</ele></trkpt>
      <trkpt lat="50.128348" lon="18.571668"><ele>234.0</ele></trkpt>
      <trkpt lat="50.12831" lon="18.571718"><ele>234.0</ele></trkpt>
      <trkpt lat="50.128272" lon="18.571767"><ele>234.0</ele></trkpt>
      <trkpt lat="50.12824" lon="18.571825"><ele>234.0</ele></trkpt>
      <trkpt lat="50.128207" lon="18.57188"><ele>234.0</ele></trkpt>
      <trkpt lat="50.128168" lon="18.571928"><ele>234.2</ele></trkpt>
      <trkpt lat="50.128133" lon="18.57197"><ele>234.2</ele></trkpt>
      <trkpt lat="50.128102" lon="18.572015"><ele>234.2</ele></trkpt>
      <trkpt lat="50.128067" lon="18.572058"><ele>234.2</ele></trkpt>
      <trkpt lat="50.128035" lon="18.572107"><ele>234.4</ele></trkpt>
      <trkpt lat="50.128002" lon="18.572153"><ele>234.4</ele></trkpt>
      <trkpt lat="50.12798" lon="18.572202"><ele>234.4</ele></trkpt>
      <trkpt lat="50.12796" lon="18.572252"><ele>234.4</ele></trkpt>
      <trkpt lat="50.127945" lon="18.572305"><ele>234.4</ele></trkpt>
      <trkpt lat="50.127942" lon="18.572363"><ele>234.4</ele></trkpt>
      <trkpt lat="50.127945" lon="18.572422"><ele>234.4</ele></trkpt>
      <trkpt lat="50.12796" lon="18.57248"><ele>234.4</ele></trkpt>
      <trkpt lat="50.127983" lon="18.572533"><ele>234.2</ele></trkpt>
      <trkpt lat="50.128005" lon="18.57259"><ele>234.0</ele></trkpt>
      <trkpt lat="50.128025" lon="18.572645"><ele>234.0</ele></trkpt>
      <trkpt lat="50.128043" lon="18.572695"><ele>233.8</ele></trkpt>
      <trkpt lat="50.128063" lon="18.572742"><ele>233.6</ele></trkpt>
      <trkpt lat="50.128082" lon="18.572795"><ele>233.4</ele></trkpt>
      <trkpt lat="50.128095" lon="18.57284"><ele>233.2</ele></trkpt>
      <trkpt lat="50.12812" lon="18.5729"><ele>233.0</ele></trkpt>
      <trkpt lat="50.128143" lon="18.572958"><ele>232.8</ele></trkpt>
      <trkpt lat="50.12816" lon="18.573017"><ele>232.6</ele></trkpt>
      <trkpt lat="50.128162" lon="18.573082"><ele>232.4</ele></trkpt>
      <trkpt lat="50.128153" lon="18.573152"><ele>232.2</ele></trkpt>
      <trkpt lat="50.12814" lon="18.573218"><ele>232.0</ele></trkpt>
      <trkpt lat="50.12812" lon="18.57328"><ele>231.8</ele></trkpt>
      <trkpt lat="50.128102" lon="18.573327"><ele>231.8</ele></trkpt>
      <trkpt lat="50.12808" lon="18.573368"><ele>231.4</ele></trkpt>
      <trkpt lat="50.128063" lon="18.573402"><ele>231.4</ele></trkpt>
      <trkpt lat="50.128043" lon="18.573437"><ele>231.0</ele></trkpt>
      <trkpt lat="50.128025" lon="18.573468"><ele>230.8</ele></trkpt>
      <trkpt lat="50.127997" lon="18.5735"><ele>230.6</ele></trkpt>
      <trkpt lat="50.127973" lon="18.573543"><ele>230.4</ele></trkpt>
      <trkpt lat="50.12796" lon="18.573585"><ele>230.2</ele></trkpt>
      <trkpt lat="50.127952" lon="18.573632"><ele>230.0</ele></trkpt>
      <trkpt lat="50.127955" lon="18.573743"><ele>229.6</ele></trkpt>
      <trkpt lat="50.12796" lon="18.573805"><ele>229.4</ele></trkpt>
      <trkpt lat="50.127963" lon="18.573862"><ele>229.2</ele></trkpt>
      <trkpt lat="50.12797" lon="18.573913"><ele>228.8</ele></trkpt>
      <trkpt lat="50.127973" lon="18.573963"><ele>228.6</ele></trkpt>
      <trkpt lat="50.127983" lon="18.574008"><ele>228.4</ele></trkpt>
      <trkpt lat="50.12799" lon="18.574055"><ele>228.0</ele></trkpt>
      <trkpt lat="50.127993" lon="18.574105"><ele>227.8</ele></trkpt>
      <trkpt lat="50.127997" lon="18.574155"><ele>227.6</ele></trkpt>
      <trkpt lat="50.128008" lon="18.5742"><ele>227.4</ele></trkpt>
      <trkpt lat="50.128008" lon="18.574238"><ele>227.2</ele></trkpt>
      <trkpt lat="50.128008" lon="18.574273"><ele>227.0</ele></trkpt>
      <trkpt lat="50.128005" lon="18.574308"><ele>226.8</ele></trkpt>
      <trkpt lat="50.128002" lon="18.57435"><ele>226.6</ele></trkpt>
      <trkpt lat="50.12799" lon="18.57439"><ele>226.4</ele></trkpt>
      <trkpt lat="50.127973" lon="18.57442"><ele>226.4</ele></trkpt>
      <trkpt lat="50.127955" lon="18.574438"><ele>226.2</ele></trkpt>
      <trkpt lat="50.127932" lon="18.574473"><ele>225.8</ele></trkpt>
      <trkpt lat="50.127917" lon="18.57449"><ele>225.8</ele></trkpt>
      <trkpt lat="50.127903" lon="18.574512"><ele>225.6</ele></trkpt>
      <trkpt lat="50.12789" lon="18.574532"><ele>225.4</ele></trkpt>
      <trkpt lat="50.127868" lon="18.57456"><ele>225.4</ele></trkpt>
      <trkpt lat="50.127845" lon="18.574587"><ele>225.4</ele></trkpt>
      <trkpt lat="50.127827" lon="18.574605"><ele>225.2</ele></trkpt>
      <trkpt lat="50.127803" lon="18.574622"><ele>225.2</ele></trkpt>
      <trkpt lat="50.127775" lon="18.574643"><ele>225.2</ele></trkpt>
      <trkpt lat="50.127753" lon="18.574657"><ele>225.2</ele></trkpt>
      <trkpt lat="50.127723" lon="18.574672"><ele>225.0</ele></trkpt>
      <trkpt lat="50.127695" lon="18.574685"><ele>225.0</ele></trkpt>
      <trkpt lat="50.127667" lon="18.57471"><ele>225.0</ele></trkpt>
      <trkpt lat="50.127635" lon="18.57473"><ele>225.2</ele></trkpt>
      <trkpt lat="50.127605" lon="18.57475"><ele>225.2</ele></trkpt>
      <trkpt lat="50.127573" lon="18.574767"><ele>225.2</ele></trkpt>
      <trkpt lat="50.127548" lon="18.57478"><ele>225.2</ele></trkpt>
      <trkpt lat="50.12752" lon="18.574793"><ele>225.2</ele></trkpt>
      <trkpt lat="50.127493" lon="18.574807"><ele>225.2</ele></trkpt>
      <trkpt lat="50.127475" lon="18.574825"><ele>225.4</ele></trkpt>
      <trkpt lat="50.127448" lon="18.574837"><ele>225.4</ele></trkpt>
      <trkpt lat="50.127427" lon="18.574847"><ele>225.4</ele></trkpt>
      <trkpt lat="50.127398" lon="18.57486"><ele>225.4</ele></trkpt>
      <trkpt lat="50.127372" lon="18.574882"><ele>225.4</ele></trkpt>
      <trkpt lat="50.127337" lon="18.574903"><ele>225.4</ele></trkpt>
      <trkpt lat="50.127308" lon="18.574917"><ele>225.4</ele></trkpt>
      <trkpt lat="50.127285" lon="18.574925"><ele>225.4</ele></trkpt>
      <trkpt lat="50.127257" lon="18.574938"><ele>225.4</ele></trkpt>
      <trkpt lat="50.127235" lon="18.574955"><ele>225.4</ele></trkpt>
      <trkpt lat="50.127208" lon="18.574965"><ele>225.2</ele></trkpt>
      <trkpt lat="50.12717" lon="18.574985"><ele>225.2</ele></trkpt>
      <trkpt lat="50.127138" lon="18.575005"><ele>225.0</ele></trkpt>
      <trkpt lat="50.127113" lon="18.575027"><ele>225.0</ele></trkpt>
      <trkpt lat="50.12708" lon="18.575037"><ele>225.0</ele></trkpt>
      <trkpt lat="50.127052" lon="18.575053"><ele>224.8</ele></trkpt>
      <trkpt lat="50.127017" lon="18.575072"><ele>224.6</ele></trkpt>
      <trkpt lat="50.126978" lon="18.575085"><ele>224.6</ele></trkpt>
      <trkpt lat="50.12695" lon="18.575095"><ele>224.4</ele></trkpt>
      <trkpt lat="50.126915" lon="18.575112"><ele>224.2</ele></trkpt>
      <trkpt lat="50.126882" lon="18.575107"><ele>224.2</ele></trkpt>
      <trkpt lat="50.126857" lon="18.575103"><ele>224.0</ele></trkpt>
      <trkpt lat="50.126828" lon="18.575093"><ele>224.0</ele></trkpt>
      <trkpt lat="50.126808" lon="18.575092"><ele>224.0</ele></trkpt>
      <trkpt lat="50.12679" lon="18.575083"><ele>223.8</ele></trkpt>
      <trkpt lat="50.126763" lon="18.57508"><ele>223.8</ele></trkpt>
      <trkpt lat="50.126742" lon="18.575072"><ele>223.8</ele></trkpt>
      <trkpt lat="50.126703" lon="18.575053"><ele>223.8</ele></trkpt>
      <trkpt lat="50.126678" lon="18.575043"><ele>223.8</ele></trkpt>
      <trkpt lat="50.126645" lon="18.575027"><ele>223.8</ele></trkpt>
      <trkpt lat="50.12662" lon="18.575012"><ele>223.8</ele></trkpt>
      <trkpt lat="50.126595" lon="18.574998"><ele>223.8</ele></trkpt>
      <trkpt lat="50.126562" lon="18.574983"><ele>223.8</ele></trkpt>
      <trkpt lat="50.12654" lon="18.574973"><ele>223.8</ele></trkpt>
      <trkpt lat="50.126518" lon="18.574963"><ele>223.8</ele></trkpt>
      <trkpt lat="50.126498" lon="18.574955"><ele>223.8</ele></trkpt>
      <trkpt lat="50.12648" lon="18.574945"><ele>223.8</ele></trkpt>
      <trkpt lat="50.12646" lon="18.574937"><ele>223.8</ele></trkpt>
      <trkpt lat="50.12644" lon="18.574935"><ele>223.8</ele></trkpt>
      <trkpt lat="50.126402" lon="18.574913"><ele>223.8</ele></trkpt>
      <trkpt lat="50.126363" lon="18.574905"><ele>223.8</ele></trkpt>
      <trkpt lat="50.126345" lon="18.574908"><ele>224.0</ele></trkpt>
      <trkpt lat="50.12632" lon="18.574915"><ele>224.0</ele></trkpt>
      <trkpt lat="50.126297" lon="18.574933"><ele>224.0</ele></trkpt>
      <trkpt lat="50.12628" lon="18.574958"><ele>224.0</ele></trkpt>
      <trkpt lat="50.126265" lon="18.574985"><ele>224.2</ele></trkpt>
      <trkpt lat="50.126255" lon="18.575018"><ele>224.2</ele></trkpt>
      <trkpt lat="50.12624" lon="18.575045"><ele>224.8</ele></trkpt>
      <trkpt lat="50.126227" lon="18.575093"><ele>225.0</ele></trkpt>
      <trkpt lat="50.126203" lon="18.575137"><ele>225.4</ele></trkpt>
      <trkpt lat="50.126188" lon="18.57516"><ele>225.6</ele></trkpt>
      <trkpt lat="50.126175" lon="18.57521"><ele>226.0</ele></trkpt>
      <trkpt lat="50.126165" lon="18.575238"><ele>226.2</ele></trkpt>
      <trkpt lat="50.12616" lon="18.575272"><ele>226.4</ele></trkpt>
      <trkpt lat="50.126153" lon="18.575303"><ele>226.6</ele></trkpt>
      <trkpt lat="50.126157" lon="18.575337"><ele>226.8</ele></trkpt>
      <trkpt lat="50.126153" lon="18.575368"><ele>227.0</ele></trkpt>
      <trkpt lat="50.126153" lon="18.575422"><ele>227.2</ele></trkpt>
      <trkpt lat="50.126147" lon="18.575468"><ele>227.6</ele></trkpt>
      <trkpt lat="50.126165" lon="18.575505"><ele>228.0</ele></trkpt>
      <trkpt lat="50.126175" lon="18.57555"><ele>228.2</ele></trkpt>
      <trkpt lat="50.126175" lon="18.575598"><ele>228.8</ele></trkpt>
      <trkpt lat="50.126168" lon="18.575657"><ele>229.2</ele></trkpt>
      <trkpt lat="50.126165" lon="18.57571"><ele>229.8</ele></trkpt>
      <trkpt lat="50.126175" lon="18.575757"><ele>230.2</ele></trkpt>
      <trkpt lat="50.126182" lon="18.5758"><ele>230.8</ele></trkpt>
      <trkpt lat="50.126175" lon="18.57584"><ele>231.4</ele></trkpt>
      <trkpt lat="50.126165" lon="18.575878"><ele>232.0</ele></trkpt>
      <trkpt lat="50.126162" lon="18.575925"><ele>232.6</ele></trkpt>
      <trkpt lat="50.126157" lon="18.575972"><ele>233.2</ele></trkpt>
      <trkpt lat="50.126143" lon="18.576018"><ele>233.8</ele></trkpt>
      <trkpt lat="50.126137" lon="18.576068"><ele>234.4</ele></trkpt>
      <trkpt lat="50.126147" lon="18.576117"><ele>235.0</ele></trkpt>
      <trkpt lat="50.12614" lon="18.576165"><ele>235.4</ele></trkpt>
      <trkpt lat="50.126127" lon="18.57622"><ele>235.8</ele></trkpt>
      <trkpt lat="50.12612" lon="18.576248"><ele>236.0</ele></trkpt>
      <trkpt lat="50.126118" lon="18.57628"><ele>236.4</ele></trkpt>
      <trkpt lat="50.126108" lon="18.576308"><ele>236.4</ele></trkpt>
      <trkpt lat="50.126105" lon="18.576337"><ele>236.8</ele></trkpt>
      <trkpt lat="50.126102" lon="18.576367"><ele>236.8</ele></trkpt>
      <trkpt lat="50.126098" lon="18.576397"><ele>237.0</ele></trkpt>
      <trkpt lat="50.126088" lon="18.576443"><ele>237.4</ele></trkpt>
      <trkpt lat="50.126082" lon="18.576487"><ele>237.6</ele></trkpt>
      <trkpt lat="50.126077" lon="18.576535"><ele>238.0</ele></trkpt>
      <trkpt lat="50.12607" lon="18.576562"><ele>238.2</ele></trkpt>
      <trkpt lat="50.12607" lon="18.576592"><ele>238.2</ele></trkpt>
      <trkpt lat="50.126067" lon="18.57662"><ele>238.4</ele></trkpt>
      <trkpt lat="50.126057" lon="18.576673"><ele>238.6</ele></trkpt>
      <trkpt lat="50.126047" lon="18.576717"><ele>238.8</ele></trkpt>
      <trkpt lat="50.126043" lon="18.57676"><ele>239.0</ele></trkpt>
      <trkpt lat="50.126028" lon="18.576805"><ele>239.2</ele></trkpt>
      <trkpt lat="50.126025" lon="18.57686"><ele>239.4</ele></trkpt>
      <trkpt lat="50.126022" lon="18.57691"><ele>239.4</ele></trkpt>
      <trkpt lat="50.126018" lon="18.576948"><ele>239.8</ele></trkpt>
      <trkpt lat="50.126002" lon="18.576982"><ele>240.2</ele></trkpt>
      <trkpt lat="50.125997" lon="18.577023"><ele>240.2</ele></trkpt>
      <trkpt lat="50.126" lon="18.577072"><ele>240.4</ele></trkpt>
      <trkpt lat="50.125997" lon="18.577118"><ele>240.6</ele></trkpt>
      <trkpt lat="50.125987" lon="18.577153"><ele>240.6</ele></trkpt>
      <trkpt lat="50.125983" lon="18.577207"><ele>240.8</ele></trkpt>
      <trkpt lat="50.12598" lon="18.577237"><ele>240.8</ele></trkpt>
      <trkpt lat="50.125967" lon="18.577318"><ele>241.0</ele></trkpt>
      <trkpt lat="50.125963" lon="18.577347"><ele>241.2</ele></trkpt>
      <trkpt lat="50.12596" lon="18.577375"><ele>241.2</ele></trkpt>
      <trkpt lat="50.12596" lon="18.577427"><ele>241.4</ele></trkpt>
      <trkpt lat="50.125958" lon="18.577475"><ele>241.4</ele></trkpt>
      <trkpt lat="50.125955" lon="18.577523"><ele>241.6</ele></trkpt>
      <trkpt lat="50.125948" lon="18.577565"><ele>241.8</ele></trkpt>
      <trkpt lat="50.125948" lon="18.577613"><ele>241.8</ele></trkpt>
      <trkpt lat="50.125955" lon="18.577653"><ele>242.2</ele></trkpt>
      <trkpt lat="50.125955" lon="18.577682"><ele>242.4</ele></trkpt>
      <trkpt lat="50.125963" lon="18.577717"><ele>242.6</ele></trkpt>
      <trkpt lat="50.12597" lon="18.577753"><ele>242.6</ele></trkpt>
      <trkpt lat="50.125983" lon="18.577792"><ele>242.6</ele></trkpt>
      <trkpt lat="50.125987" lon="18.577822"><ele>242.6</ele></trkpt>
      <trkpt lat="50.12599" lon="18.577852"><ele>242.4</ele></trkpt>
      <trkpt lat="50.12599" lon="18.577885"><ele>242.0</ele></trkpt>
      <trkpt lat="50.12599" lon="18.577915"><ele>241.8</ele></trkpt>
      <trkpt lat="50.125997" lon="18.577942"><ele>241.4</ele></trkpt>
      <trkpt lat="50.126002" lon="18.577972"><ele>241.2</ele></trkpt>
      <trkpt lat="50.126005" lon="18.578005"><ele>240.8</ele></trkpt>
      <trkpt lat="50.126015" lon="18.578045"><ele>240.4</ele></trkpt>
      <trkpt lat="50.126035" lon="18.57809"><ele>240.2</ele></trkpt>
      <trkpt lat="50.126022" lon="18.57812"><ele>240.0</ele></trkpt>
      <trkpt lat="50.126035" lon="18.578145"><ele>239.8</ele></trkpt>
      <trkpt lat="50.126043" lon="18.578168"><ele>239.6</ele></trkpt>
      <trkpt lat="50.126053" lon="18.578193"><ele>239.4</ele></trkpt>
      <trkpt lat="50.126063" lon="18.57822"><ele>239.0</ele></trkpt>
      <trkpt lat="50.126067" lon="18.578253"><ele>238.2</ele></trkpt>
      <trkpt lat="50.12607" lon="18.578283"><ele>237.8</ele></trkpt>
      <trkpt lat="50.12608" lon="18.57832"><ele>237.2</ele></trkpt>
      <trkpt lat="50.126082" lon="18.578355"><ele>236.6</ele></trkpt>
      <trkpt lat="50.126098" lon="18.578385"><ele>236.2</ele></trkpt>
      <trkpt lat="50.126105" lon="18.578422"><ele>235.8</ele></trkpt>
      <trkpt lat="50.12612" lon="18.578475"><ele>235.6</ele></trkpt>
      <trkpt lat="50.126127" lon="18.578508"><ele>235.2</ele></trkpt>
      <trkpt lat="50.126137" lon="18.578543"><ele>235.0</ele></trkpt>
      <trkpt lat="50.126143" lon="18.57857"><ele>234.8</ele></trkpt>
      <trkpt lat="50.126153" lon="18.57862"><ele>234.6</ele></trkpt>
      <trkpt lat="50.126147" lon="18.578658"><ele>234.2</ele></trkpt>
      <trkpt lat="50.126153" lon="18.578697"><ele>234.0</ele></trkpt>
      <trkpt lat="50.126165" lon="18.578718"><ele>233.6</ele></trkpt>
      <trkpt lat="50.126157" lon="18.57876"><ele>233.0</ele></trkpt>
      <trkpt lat="50.126157" lon="18.57879"><ele>233.0</ele></trkpt>
      <trkpt lat="50.126153" lon="18.57884"><ele>232.8</ele></trkpt>
      <trkpt lat="50.126162" lon="18.57887"><ele>232.8</ele></trkpt>
      <trkpt lat="50.126162" lon="18.578905"><ele>232.6</ele></trkpt>
      <trkpt lat="50.126165" lon="18.578938"><ele>232.4</ele></trkpt>
      <trkpt lat="50.126165" lon="18.578975"><ele>232.4</ele></trkpt>
      <trkpt lat="50.126165" lon="18.579007"><ele>232.4</ele></trkpt>
      <trkpt lat="50.126168" lon="18.579038"><ele>232.2</ele></trkpt>
      <trkpt lat="50.126165" lon="18.579068"><ele>232.2</ele></trkpt>
      <trkpt lat="50.126162" lon="18.5791"><ele>232.2</ele></trkpt>
      <trkpt lat="50.126157" lon="18.579148"><ele>232.0</ele></trkpt>
      <trkpt lat="50.126162" lon="18.579207"><ele>232.0</ele></trkpt>
      <trkpt lat="50.126153" lon="18.579262"><ele>231.8</ele></trkpt>
      <trkpt lat="50.126162" lon="18.579312"><ele>231.6</ele></trkpt>
      <trkpt lat="50.126168" lon="18.579358"><ele>231.4</ele></trkpt>
      <trkpt lat="50.126162" lon="18.5794"><ele>231.4</ele></trkpt>
      <trkpt lat="50.126147" lon="18.579452"><ele>231.2</ele></trkpt>
      <trkpt lat="50.12614" lon="18.579507"><ele>231.2</ele></trkpt>
      <trkpt lat="50.12614" lon="18.579537"><ele>231.0</ele></trkpt>
      <trkpt lat="50.12614" lon="18.579565"><ele>231.0</ele></trkpt>
      <trkpt lat="50.126143" lon="18.579615"><ele>231.0</ele></trkpt>
      <trkpt lat="50.126137" lon="18.579668"><ele>230.8</ele></trkpt>
      <trkpt lat="50.126127" lon="18.579712"><ele>230.8</ele></trkpt>
      <trkpt lat="50.126127" lon="18.57976"><ele>230.6</ele></trkpt>
      <trkpt lat="50.12614" lon="18.579782"><ele>230.6</ele></trkpt>
      <trkpt lat="50.126153" lon="18.579808"><ele>230.4</ele></trkpt>
      <trkpt lat="50.126182" lon="18.579842"><ele>230.4</ele></trkpt>
      <trkpt lat="50.1262" lon="18.579848"><ele>230.2</ele></trkpt>
      <trkpt lat="50.12622" lon="18.57986"><ele>230.2</ele></trkpt>
      <trkpt lat="50.126237" lon="18.579878"><ele>230.0</ele></trkpt>
      <trkpt lat="50.126252" lon="18.5799"><ele>230.0</ele></trkpt>
      <trkpt lat="50.126265" lon="18.57992"><ele>230.0</ele></trkpt>
      <trkpt lat="50.126293" lon="18.579963"><ele>229.8</ele></trkpt>
      <trkpt lat="50.126313" lon="18.580008"><ele>229.6</ele></trkpt>
      <trkpt lat="50.126322" lon="18.580048"><ele>229.6</ele></trkpt>
      <trkpt lat="50.126335" lon="18.580098"><ele>229.6</ele></trkpt>
      <trkpt lat="50.126345" lon="18.580122"><ele>229.4</ele></trkpt>
      <trkpt lat="50.126358" lon="18.580148"><ele>229.4</ele></trkpt>
      <trkpt lat="50.126367" lon="18.580172"><ele>229.4</ele></trkpt>
      <trkpt lat="50.126377" lon="18.580197"><ele>229.4</ele></trkpt>
      <trkpt lat="50.126397" lon="18.58024"><ele>229.4</ele></trkpt>
      <trkpt lat="50.126405" lon="18.580288"><ele>229.4</ele></trkpt>
      <trkpt lat="50.126412" lon="18.580317"><ele>229.4</ele></trkpt>
      <trkpt lat="50.126432" lon="18.58033"><ele>230.0</ele></trkpt>
      <trkpt lat="50.126438" lon="18.580373"><ele>230.0</ele></trkpt>
      <trkpt lat="50.126447" lon="18.58043"><ele>230.2</ele></trkpt>
      <trkpt lat="50.126457" lon="18.580468"><ele>230.2</ele></trkpt>
      <trkpt lat="50.126463" lon="18.580508"><ele>230.2</ele></trkpt>
      <trkpt lat="50.12648" lon="18.58055"><ele>230.2</ele></trkpt>
      <trkpt lat="50.126485" lon="18.580592"><ele>230.2</ele></trkpt>
      <trkpt lat="50.126498" lon="18.580628"><ele>230.4</ele></trkpt>
      <trkpt lat="50.126515" lon="18.580667"><ele>230.4</ele></trkpt>
      <trkpt lat="50.12652" lon="18.580703"><ele>230.4</ele></trkpt>
      <trkpt lat="50.126533" lon="18.580733"><ele>230.4</ele></trkpt>
      <trkpt lat="50.126543" lon="18.580765"><ele>230.4</ele></trkpt>
      <trkpt lat="50.126553" lon="18.580798"><ele>230.4</ele></trkpt>
      <trkpt lat="50.126565" lon="18.58083"><ele>230.4</ele></trkpt>
      <trkpt lat="50.126575" lon="18.580865"><ele>230.4</ele></trkpt>
      <trkpt lat="50.126582" lon="18.580902"><ele>230.4</ele></trkpt>
      <trkpt lat="50.126585" lon="18.580933"><ele>230.4</ele></trkpt>
      <trkpt lat="50.126595" lon="18.580965"><ele>230.6</ele></trkpt>
      <trkpt lat="50.126598" lon="18.581"><ele>230.6</ele></trkpt>
      <trkpt lat="50.126603" lon="18.581032"><ele>230.6</ele></trkpt>
      <trkpt lat="50.126613" lon="18.58106"><ele>230.6</ele></trkpt>
      <trkpt lat="50.126623" lon="18.58109"><ele>230.6</ele></trkpt>
      <trkpt lat="50.126637" lon="18.58112"><ele>230.6</ele></trkpt>
      <trkpt lat="50.126652" lon="18.581153"><ele>230.6</ele></trkpt>
      <trkpt lat="50.126662" lon="18.581182"><ele>230.6</ele></trkpt>
      <trkpt lat="50.126678" lon="18.581213"><ele>230.6</ele></trkpt>
      <trkpt lat="50.126683" lon="18.581247"><ele>230.6</ele></trkpt>
      <trkpt lat="50.126693" lon="18.58128"><ele>230.8</ele></trkpt>
      <trkpt lat="50.12671" lon="18.581315"><ele>230.8</ele></trkpt>
      <trkpt lat="50.12672" lon="18.581347"><ele>230.8</ele></trkpt>
      <trkpt lat="50.126735" lon="18.581377"><ele>231.0</ele></trkpt>
      <trkpt lat="50.126752" lon="18.581407"><ele>231.0</ele></trkpt>
      <trkpt lat="50.12676" lon="18.58144"><ele>231.2</ele></trkpt>
      <trkpt lat="50.126777" lon="18.581473"><ele>231.2</ele></trkpt>
      <trkpt lat="50.12679" lon="18.581512"><ele>231.2</ele></trkpt>
      <trkpt lat="50.1268" lon="18.58155"><ele>231.4</ele></trkpt>
      <trkpt lat="50.126812" lon="18.581587"><ele>231.4</ele></trkpt>
      <trkpt lat="50.126822" lon="18.581625"><ele>231.6</ele></trkpt>
      <trkpt lat="50.126838" lon="18.581665"><ele>231.6</ele></trkpt>
      <trkpt lat="50.126853" lon="18.581708"><ele>231.6</ele></trkpt>
      <trkpt lat="50.126873" lon="18.581748"><ele>231.8</ele></trkpt>
      <trkpt lat="50.126882" lon="18.58179"><ele>231.8</ele></trkpt>
      <trkpt lat="50.126898" lon="18.581833"><ele>231.8</ele></trkpt>
      <trkpt lat="50.126915" lon="18.581875"><ele>232.0</ele></trkpt>
      <trkpt lat="50.12692" lon="18.581908"><ele>232.0</ele></trkpt>
      <trkpt lat="50.126933" lon="18.581942"><ele>232.0</ele></trkpt>
      <trkpt lat="50.126943" lon="18.581973"><ele>232.0</ele></trkpt>
      <trkpt lat="50.12696" lon="18.582013"><ele>232.0</ele></trkpt>
      <trkpt lat="50.126972" lon="18.582052"><ele>232.0</ele></trkpt>
      <trkpt lat="50.126992" lon="18.582097"><ele>232.2</ele></trkpt>
      <trkpt lat="50.127007" lon="18.582147"><ele>232.2</ele></trkpt>
      <trkpt lat="50.12702" lon="18.582192"><ele>232.2</ele></trkpt>
      <trkpt lat="50.127033" lon="18.582232"><ele>232.4</ele></trkpt>
      <trkpt lat="50.127048" lon="18.582272"><ele>232.4</ele></trkpt>
      <trkpt lat="50.127058" lon="18.582317"><ele>232.6</ele></trkpt>
      <trkpt lat="50.127072" lon="18.582357"><ele>232.6</ele></trkpt>
      <trkpt lat="50.127087" lon="18.5824"><ele>232.8</ele></trkpt>
      <trkpt lat="50.127097" lon="18.582445"><ele>232.8</ele></trkpt>
      <trkpt lat="50.127113" lon="18.582493"><ele>232.8</ele></trkpt>
      <trkpt lat="50.127128" lon="18.58254"><ele>233.0</ele></trkpt>
      <trkpt lat="50.127142" lon="18.582582"><ele>233.0</ele></trkpt>
      <trkpt lat="50.12716" lon="18.582622"><ele>233.2</ele></trkpt>
      <trkpt lat="50.127177" lon="18.58266"><ele>233.2</ele></trkpt>
      <trkpt lat="50.127193" lon="18.58269"><ele>233.4</ele></trkpt>
      <trkpt lat="50.127208" lon="18.582727"><ele>233.4</ele></trkpt>
      <trkpt lat="50.127222" lon="18.582762"><ele>233.4</ele></trkpt>
      <trkpt lat="50.127235" lon="18.582798"><ele>233.6</ele></trkpt>
      <trkpt lat="50.127247" lon="18.582832"><ele>233.6</ele></trkpt>
      <trkpt lat="50.127257" lon="18.582862"><ele>233.8</ele></trkpt>
      <trkpt lat="50.12727" lon="18.582887"><ele>234.0</ele></trkpt>
      <trkpt lat="50.127285" lon="18.58294"><ele>234.4</ele></trkpt>
      <trkpt lat="50.127285" lon="18.582968"><ele>234.4</ele></trkpt>
      <trkpt lat="50.127267" lon="18.582998"><ele>235.0</ele></trkpt>
      <trkpt lat="50.127232" lon="18.583005"><ele>235.4</ele></trkpt>
      <trkpt lat="50.127208" lon="18.583017"><ele>235.6</ele></trkpt>
      <trkpt lat="50.127187" lon="18.58302"><ele>235.8</ele></trkpt>
      <trkpt lat="50.12716" lon="18.583022"><ele>236.0</ele></trkpt>
      <trkpt lat="50.127138" lon="18.583027"><ele>236.0</ele></trkpt>
      <trkpt lat="50.127117" lon="18.58303"><ele>236.2</ele></trkpt>
      <trkpt lat="50.127093" lon="18.583035"><ele>236.4</ele></trkpt>
      <trkpt lat="50.127068" lon="18.583043"><ele>236.6</ele></trkpt>
      <trkpt lat="50.127048" lon="18.583057"><ele>236.6</ele></trkpt>
      <trkpt lat="50.12702" lon="18.58307"><ele>236.6</ele></trkpt>
      <trkpt lat="50.127" lon="18.583078"><ele>236.8</ele></trkpt>
      <trkpt lat="50.126978" lon="18.583095"><ele>236.8</ele></trkpt>
      <trkpt lat="50.126953" lon="18.583117"><ele>236.8</ele></trkpt>
      <trkpt lat="50.126933" lon="18.583135"><ele>237.0</ele></trkpt>
      <trkpt lat="50.126915" lon="18.58315"><ele>237.0</ele></trkpt>
      <trkpt lat="50.126888" lon="18.583163"><ele>237.0</ele></trkpt>
      <trkpt lat="50.12687" lon="18.583173"><ele>237.0</ele></trkpt>
      <trkpt lat="50.12685" lon="18.583183"><ele>237.2</ele></trkpt>
      <trkpt lat="50.126828" lon="18.58319"><ele>237.2</ele></trkpt>
      <trkpt lat="50.126808" lon="18.583198"><ele>237.2</ele></trkpt>
      <trkpt lat="50.126783" lon="18.583207"><ele>237.2</ele></trkpt>
      <trkpt lat="50.126755" lon="18.583223"><ele>237.2</ele></trkpt>
      <trkpt lat="50.126735" lon="18.583237"><ele>237.2</ele></trkpt>
      <trkpt lat="50.126717" lon="18.58325"><ele>237.2</ele></trkpt>
      <trkpt lat="50.1267" lon="18.583267"><ele>237.2</ele></trkpt>
      <trkpt lat="50.126672" lon="18.583273"><ele>237.0</ele></trkpt>
      <trkpt lat="50.126652" lon="18.583267"><ele>236.8</ele></trkpt>
      <trkpt lat="50.12663" lon="18.583268"><ele>236.6</ele></trkpt>
      <trkpt lat="50.12661" lon="18.583277"><ele>236.6</ele></trkpt>
      <trkpt lat="50.126592" lon="18.583275"><ele>236.6</ele></trkpt>
      <trkpt lat="50.126572" lon="18.583278"><ele>236.6</ele></trkpt>
      <trkpt lat="50.126553" lon="18.583283"><ele>236.6</ele></trkpt>
      <trkpt lat="50.126518" lon="18.5833"><ele>236.8</ele></trkpt>
      <trkpt lat="50.126495" lon="18.583308"><ele>236.8</ele></trkpt>
      <trkpt lat="50.126477" lon="18.58332"><ele>236.8</ele></trkpt>
      <trkpt lat="50.126447" lon="18.583333"><ele>236.8</ele></trkpt>
      <trkpt lat="50.126418" lon="18.583348"><ele>236.8</ele></trkpt>
      <trkpt lat="50.126383" lon="18.583367"><ele>236.8</ele></trkpt>
      <trkpt lat="50.126352" lon="18.583388"><ele>236.8</ele></trkpt>
      <trkpt lat="50.126332" lon="18.583418"><ele>236.8</ele></trkpt>
      <trkpt lat="50.12632" lon="18.583452"><ele>237.0</ele></trkpt>
      <trkpt lat="50.126317" lon="18.583482"><ele>237.0</ele></trkpt>
      <trkpt lat="50.126317" lon="18.583542"><ele>237.0</ele></trkpt>
      <trkpt lat="50.12632" lon="18.58357"><ele>237.0</ele></trkpt>
      <trkpt lat="50.12632" lon="18.583602"><ele>237.0</ele></trkpt>
      <trkpt lat="50.12632" lon="18.583635"><ele>237.0</ele></trkpt>
      <trkpt lat="50.126325" lon="18.583665"><ele>237.0</ele></trkpt>
      <trkpt lat="50.126335" lon="18.583695"><ele>237.0</ele></trkpt>
      <trkpt lat="50.126335" lon="18.583753"><ele>237.0</ele></trkpt>
      <trkpt lat="50.126335" lon="18.583783"><ele>237.0</ele></trkpt>
      <trkpt lat="50.126335" lon="18.583815"><ele>237.0</ele></trkpt>
      <trkpt lat="50.126335" lon="18.58385"><ele>237.0</ele></trkpt>
      <trkpt lat="50.126325" lon="18.583877"><ele>237.0</ele></trkpt>
      <trkpt lat="50.126325" lon="18.583923"><ele>236.8</ele></trkpt>
      <trkpt lat="50.126332" lon="18.583955"><ele>236.6</ele></trkpt>
      <trkpt lat="50.126338" lon="18.583982"><ele>235.4</ele></trkpt>
      <trkpt lat="50.126342" lon="18.584023"><ele>235.4</ele></trkpt>
      <trkpt lat="50.126335" lon="18.58408"><ele>235.4</ele></trkpt>
      <trkpt lat="50.126335" lon="18.584118"><ele>235.4</ele></trkpt>
      <trkpt lat="50.126335" lon="18.58416"><ele>235.6</ele></trkpt>
      <trkpt lat="50.126338" lon="18.5842"><ele>235.6</ele></trkpt>
      <trkpt lat="50.126338" lon="18.584242"><ele>235.6</ele></trkpt>
      <trkpt lat="50.126342" lon="18.58428"><ele>235.6</ele></trkpt>
      <trkpt lat="50.126352" lon="18.584317"><ele>235.6</ele></trkpt>
      <trkpt lat="50.126358" lon="18.584348"><ele>235.6</ele></trkpt>
      <trkpt lat="50.126363" lon="18.58438"><ele>235.6</ele></trkpt>
      <trkpt lat="50.126373" lon="18.584417"><ele>235.6</ele></trkpt>
      <trkpt lat="50.12638" lon="18.584457"><ele>235.6</ele></trkpt>
      <trkpt lat="50.126383" lon="18.584497"><ele>235.6</ele></trkpt>
      <trkpt lat="50.126387" lon="18.584535"><ele>235.6</ele></trkpt>
      <trkpt lat="50.126393" lon="18.584573"><ele>235.4</ele></trkpt>
      <trkpt lat="50.126397" lon="18.584605"><ele>235.4</ele></trkpt>
      <trkpt lat="50.1264" lon="18.584642"><ele>235.4</ele></trkpt>
      <trkpt lat="50.126405" lon="18.584678"><ele>235.2</ele></trkpt>
      <trkpt lat="50.126412" lon="18.584713"><ele>235.2</ele></trkpt>
      <trkpt lat="50.126412" lon="18.584753"><ele>235.0</ele></trkpt>
      <trkpt lat="50.126405" lon="18.584798"><ele>235.0</ele></trkpt>
      <trkpt lat="50.126405" lon="18.58484"><ele>234.8</ele></trkpt>
      <trkpt lat="50.126405" lon="18.584875"><ele>234.8</ele></trkpt>
      <trkpt lat="50.126405" lon="18.584908"><ele>234.6</ele></trkpt>
      <trkpt lat="50.126412" lon="18.584952"><ele>234.6</ele></trkpt>
      <trkpt lat="50.126412" lon="18.584997"><ele>234.6</ele></trkpt>
      <trkpt lat="50.126405" lon="18.58504"><ele>234.4</ele></trkpt>
      <trkpt lat="50.1264" lon="18.585092"><ele>234.4</ele></trkpt>
      <trkpt lat="50.126393" lon="18.585142"><ele>234.2</ele></trkpt>
      <trkpt lat="50.126387" lon="18.585187"><ele>234.2</ele></trkpt>
      <trkpt lat="50.126377" lon="18.585237"><ele>234.0</ele></trkpt>
      <trkpt lat="50.126367" lon="18.58529"><ele>234.0</ele></trkpt>
      <trkpt lat="50.126358" lon="18.585343"><ele>233.8</ele></trkpt>
      <trkpt lat="50.126345" lon="18.5854"><ele>233.8</ele></trkpt>
      <trkpt lat="50.126335" lon="18.58546"><ele>233.6</ele></trkpt>
      <trkpt lat="50.126322" lon="18.585518"><ele>233.6</ele></trkpt>
      <trkpt lat="50.126317" lon="18.585573"><ele>233.6</ele></trkpt>
      <trkpt lat="50.126303" lon="18.58563"><ele>233.6</ele></trkpt>
      <trkpt lat="50.126293" lon="18.585685"><ele>233.4</ele></trkpt>
      <trkpt lat="50.12628" lon="18.585738"><ele>233.4</ele></trkpt>
      <trkpt lat="50.126275" lon="18.585792"><ele>233.4</ele></trkpt>
      <trkpt lat="50.126245" lon="18.585897"><ele>233.4</ele></trkpt>
      <trkpt lat="50.126237" lon="18.58595"><ele>233.4</ele></trkpt>
      <trkpt lat="50.126223" lon="18.586003"><ele>233.4</ele></trkpt>
      <trkpt lat="50.126217" lon="18.586055"><ele>233.6</ele></trkpt>
      <trkpt lat="50.126203" lon="18.586108"><ele>233.6</ele></trkpt>
      <trkpt lat="50.126198" lon="18.586167"><ele>233.8</ele></trkpt>
      <trkpt lat="50.126185" lon="18.586233"><ele>233.8</ele></trkpt>
      <trkpt lat="50.126168" lon="18.586293"><ele>234.0</ele></trkpt>
      <trkpt lat="50.126162" lon="18.586352"><ele>234.0</ele></trkpt>
      <trkpt lat="50.126147" lon="18.586402"><ele>234.2</ele></trkpt>
      <trkpt lat="50.126137" lon="18.58645"><ele>234.2</ele></trkpt>
      <trkpt lat="50.126123" lon="18.586503"><ele>234.4</ele></trkpt>
      <trkpt lat="50.126118" lon="18.586555"><ele>234.6</ele></trkpt>
      <trkpt lat="50.126105" lon="18.586608"><ele>234.6</ele></trkpt>
      <trkpt lat="50.126095" lon="18.586662"><ele>234.8</ele></trkpt>
      <trkpt lat="50.126085" lon="18.586715"><ele>234.8</ele></trkpt>
      <trkpt lat="50.12607" lon="18.586768"><ele>235.0</ele></trkpt>
      <trkpt lat="50.12606" lon="18.586822"><ele>235.0</ele></trkpt>
      <trkpt lat="50.126057" lon="18.586872"><ele>235.2</ele></trkpt>
      <trkpt lat="50.126047" lon="18.586928"><ele>235.2</ele></trkpt>
      <trkpt lat="50.12604" lon="18.586988"><ele>235.4</ele></trkpt>
      <trkpt lat="50.126028" lon="18.587047"><ele>235.4</ele></trkpt>
      <trkpt lat="50.126022" lon="18.587108"><ele>235.4</ele></trkpt>
      <trkpt lat="50.126008" lon="18.587165"><ele>235.6</ele></trkpt>
      <trkpt lat="50.125997" lon="18.587217"><ele>235.6</ele></trkpt>
      <trkpt lat="50.12598" lon="18.587267"><ele>235.6</ele></trkpt>
      <trkpt lat="50.125967" lon="18.58732"><ele>235.8</ele></trkpt>
      <trkpt lat="50.125958" lon="18.587368"><ele>235.8</ele></trkpt>
      <trkpt lat="50.125945" lon="18.58742"><ele>235.8</ele></trkpt>
      <trkpt lat="50.125938" lon="18.58747"><ele>236.0</ele></trkpt>
      <trkpt lat="50.125942" lon="18.587517"><ele>236.0</ele></trkpt>
      <trkpt lat="50.125948" lon="18.58756"><ele>236.2</ele></trkpt>
      <trkpt lat="50.125963" lon="18.5876"><ele>236.2</ele></trkpt>
      <trkpt lat="50.125977" lon="18.587638"><ele>236.4</ele></trkpt>
      <trkpt lat="50.12599" lon="18.587665"><ele>236.4</ele></trkpt>
      <trkpt lat="50.126008" lon="18.587685"><ele>236.6</ele></trkpt>
      <trkpt lat="50.126028" lon="18.587705"><ele>236.6</ele></trkpt>
      <trkpt lat="50.126053" lon="18.58772"><ele>236.8</ele></trkpt>
      <trkpt lat="50.126088" lon="18.587753"><ele>236.8</ele></trkpt>
      <trkpt lat="50.126108" lon="18.587772"><ele>237.0</ele></trkpt>
      <trkpt lat="50.126133" lon="18.587792"><ele>237.0</ele></trkpt>
      <trkpt lat="50.126153" lon="18.587807"><ele>237.2</ele></trkpt>
      <trkpt lat="50.126175" lon="18.587822"><ele>237.2</ele></trkpt>
      <trkpt lat="50.126195" lon="18.587835"><ele>237.4</ele></trkpt>
      <trkpt lat="50.126213" lon="18.587842"><ele>237.4</ele></trkpt>
      <trkpt lat="50.126237" lon="18.587843"><ele>237.6</ele></trkpt>
      <trkpt lat="50.126255" lon="18.587852"><ele>237.8</ele></trkpt>
      <trkpt lat="50.126278" lon="18.587865"><ele>238.0</ele></trkpt>
      <trkpt lat="50.126293" lon="18.587882"><ele>238.2</ele></trkpt>
      <trkpt lat="50.126322" lon="18.587912"><ele>238.6</ele></trkpt>
      <trkpt lat="50.126342" lon="18.587925"><ele>238.8</ele></trkpt>
      <trkpt lat="50.12636" lon="18.587943"><ele>239.0</ele></trkpt>
      <trkpt lat="50.126383" lon="18.587982"><ele>239.6</ele></trkpt>
      <trkpt lat="50.1264" lon="18.588"><ele>239.6</ele></trkpt>
      <trkpt lat="50.126415" lon="18.58803"><ele>239.8</ele></trkpt>
      <trkpt lat="50.126435" lon="18.588053"><ele>240.0</ele></trkpt>
      <trkpt lat="50.126443" lon="18.58808"><ele>240.2</ele></trkpt>
      <trkpt lat="50.12646" lon="18.588102"><ele>240.4</ele></trkpt>
      <trkpt lat="50.126477" lon="18.588117"><ele>240.6</ele></trkpt>
      <trkpt lat="50.126495" lon="18.588135"><ele>240.6</ele></trkpt>
      <trkpt lat="50.126518" lon="18.588158"><ele>240.8</ele></trkpt>
      <trkpt lat="50.12654" lon="18.588182"><ele>240.8</ele></trkpt>
      <trkpt lat="50.12656" lon="18.588203"><ele>241.0</ele></trkpt>
      <trkpt lat="50.126575" lon="18.588223"><ele>241.0</ele></trkpt>
      <trkpt lat="50.126595" lon="18.588242"><ele>241.2</ele></trkpt>
      <trkpt lat="50.126613" lon="18.588262"><ele>241.2</ele></trkpt>
      <trkpt lat="50.126633" lon="18.588275"><ele>241.4</ele></trkpt>
      <trkpt lat="50.126652" lon="18.588292"><ele>241.4</ele></trkpt>
      <trkpt lat="50.126665" lon="18.588313"><ele>241.4</ele></trkpt>
      <trkpt lat="50.12668" lon="18.588328"><ele>241.6</ele></trkpt>
      <trkpt lat="50.1267" lon="18.588347"><ele>241.6</ele></trkpt>
      <trkpt lat="50.126722" lon="18.588367"><ele>241.6</ele></trkpt>
      <trkpt lat="50.126745" lon="18.588387"><ele>241.8</ele></trkpt>
      <trkpt lat="50.12677" lon="18.588405"><ele>241.8</ele></trkpt>
      <trkpt lat="50.126797" lon="18.588422"><ele>241.8</ele></trkpt>
      <trkpt lat="50.126815" lon="18.588438"><ele>242.0</ele></trkpt>
      <trkpt lat="50.126832" lon="18.588452"><ele>242.0</ele></trkpt>
      <trkpt lat="50.12686" lon="18.588478"><ele>242.2</ele></trkpt>
      <trkpt lat="50.126877" lon="18.588492"><ele>242.2</ele></trkpt>
      <trkpt lat="50.126912" lon="18.5885"><ele>242.4</ele></trkpt>
      <trkpt lat="50.126937" lon="18.588497"><ele>242.6</ele></trkpt>
      <trkpt lat="50.12696" lon="18.588487"><ele>242.6</ele></trkpt>
      <trkpt lat="50.126978" lon="18.588473"><ele>242.8</ele></trkpt>
      <trkpt lat="50.126998" lon="18.588457"><ele>243.0</ele></trkpt>
      <trkpt lat="50.127017" lon="18.588437"><ele>243.2</ele></trkpt>
      <trkpt lat="50.127033" lon="18.588417"><ele>243.4</ele></trkpt>
      <trkpt lat="50.127052" lon="18.5884"><ele>243.6</ele></trkpt>
      <trkpt lat="50.127075" lon="18.588388"><ele>243.8</ele></trkpt>
      <trkpt lat="50.127097" lon="18.588378"><ele>244.0</ele></trkpt>
      <trkpt lat="50.127118" lon="18.588363"><ele>244.2</ele></trkpt>
      <trkpt lat="50.127138" lon="18.588343"><ele>244.4</ele></trkpt>
      <trkpt lat="50.127155" lon="18.588322"><ele>244.6</ele></trkpt>
      <trkpt lat="50.127173" lon="18.588303"><ele>244.8</ele></trkpt>
      <trkpt lat="50.127193" lon="18.588282"><ele>245.0</ele></trkpt>
      <trkpt lat="50.127212" lon="18.588262"><ele>245.2</ele></trkpt>
      <trkpt lat="50.127232" lon="18.588242"><ele>245.4</ele></trkpt>
      <trkpt lat="50.12725" lon="18.588222"><ele>245.6</ele></trkpt>
      <trkpt lat="50.12727" lon="18.5882"><ele>245.8</ele></trkpt>
      <trkpt lat="50.127285" lon="18.588183"><ele>245.8</ele></trkpt>
      <trkpt lat="50.127305" lon="18.588168"><ele>246.0</ele></trkpt>
      <trkpt lat="50.12733" lon="18.58814"><ele>246.4</ele></trkpt>
      <trkpt lat="50.12735" lon="18.58813"><ele>246.4</ele></trkpt>
      <trkpt lat="50.127375" lon="18.588102"><ele>246.8</ele></trkpt>
      <trkpt lat="50.127403" lon="18.588072"><ele>247.0</ele></trkpt>
      <trkpt lat="50.127433" lon="18.588043"><ele>247.4</ele></trkpt>
      <trkpt lat="50.127448" lon="18.588032"><ele>247.6</ele></trkpt>
      <trkpt lat="50.127472" lon="18.588018"><ele>247.6</ele></trkpt>
      <trkpt lat="50.12749" lon="18.588003"><ele>247.8</ele></trkpt>
      <trkpt lat="50.12751" lon="18.58799"><ele>247.8</ele></trkpt>
      <trkpt lat="50.127528" lon="18.587973"><ele>248.0</ele></trkpt>
      <trkpt lat="50.127548" lon="18.58796"><ele>248.0</ele></trkpt>
      <trkpt lat="50.127567" lon="18.587937"><ele>248.0</ele></trkpt>
      <trkpt lat="50.127587" lon="18.587917"><ele>248.2</ele></trkpt>
      <trkpt lat="50.127602" lon="18.587897"><ele>248.2</ele></trkpt>
      <trkpt lat="50.127635" lon="18.587872"><ele>248.4</ele></trkpt>
      <trkpt lat="50.127653" lon="18.587852"><ele>248.4</ele></trkpt>
      <trkpt lat="50.127673" lon="18.587828"><ele>248.6</ele></trkpt>
      <trkpt lat="50.127685" lon="18.587805"><ele>248.6</ele></trkpt>
      <trkpt lat="50.127702" lon="18.587787"><ele>248.6</ele></trkpt>
      <trkpt lat="50.127718" lon="18.587772"><ele>248.6</ele></trkpt>
      <trkpt lat="50.127733" lon="18.587753"><ele>248.8</ele></trkpt>
      <trkpt lat="50.127757" lon="18.587732"><ele>248.8</ele></trkpt>
      <trkpt lat="50.127772" lon="18.587717"><ele>248.8</ele></trkpt>
      <trkpt lat="50.127795" lon="18.587695"><ele>248.8</ele></trkpt>
      <trkpt lat="50.127813" lon="18.587678"><ele>249.0</ele></trkpt>
      <trkpt lat="50.127837" lon="18.587652"><ele>249.0</ele></trkpt>
      <trkpt lat="50.127862" lon="18.587627"><ele>249.0</ele></trkpt>
      <trkpt lat="50.127883" lon="18.587605"><ele>249.0</ele></trkpt>
      <trkpt lat="50.12791" lon="18.587582"><ele>249.0</ele></trkpt>
      <trkpt lat="50.127932" lon="18.587558"><ele>249.0</ele></trkpt>
      <trkpt lat="50.12796" lon="18.587533"><ele>249.0</ele></trkpt>
      <trkpt lat="50.12798" lon="18.587505"><ele>249.0</ele></trkpt>
      <trkpt lat="50.128002" lon="18.587482"><ele>249.0</ele></trkpt>
      <trkpt lat="50.128025" lon="18.587455"><ele>249.0</ele></trkpt>
      <trkpt lat="50.12804" lon="18.587428"><ele>249.0</ele></trkpt>
      <trkpt lat="50.12806" lon="18.587398"><ele>249.0</ele></trkpt>
      <trkpt lat="50.128073" lon="18.587377"><ele>248.8</ele></trkpt>
      <trkpt lat="50.128088" lon="18.58735"><ele>248.8</ele></trkpt>
      <trkpt lat="50.128112" lon="18.587325"><ele>248.8</ele></trkpt>
      <trkpt lat="50.12813" lon="18.587302"><ele>248.8</ele></trkpt>
      <trkpt lat="50.12815" lon="18.587283"><ele>248.8</ele></trkpt>
      <trkpt lat="50.128178" lon="18.58726"><ele>248.8</ele></trkpt>
      <trkpt lat="50.128203" lon="18.587238"><ele>248.6</ele></trkpt>
      <trkpt lat="50.12823" lon="18.587217"><ele>248.6</ele></trkpt>
      <trkpt lat="50.128262" lon="18.587192"><ele>248.6</ele></trkpt>
      <trkpt lat="50.128283" lon="18.587165"><ele>248.6</ele></trkpt>
      <trkpt lat="50.128307" lon="18.587132"><ele>248.6</ele></trkpt>
      <trkpt lat="50.128328" lon="18.587103"><ele>248.6</ele></trkpt>
      <trkpt lat="50.128352" lon="18.587077"><ele>248.4</ele></trkpt>
      <trkpt lat="50.128377" lon="18.587052"><ele>248.4</ele></trkpt>
      <trkpt lat="50.128393" lon="18.587027"><ele>248.4</ele></trkpt>
      <trkpt lat="50.128418" lon="18.587"><ele>248.4</ele></trkpt>
      <trkpt lat="50.128438" lon="18.586972"><ele>248.2</ele></trkpt>
      <trkpt lat="50.12846" lon="18.586947"><ele>248.2</ele></trkpt>
      <trkpt lat="50.128482" lon="18.586913"><ele>248.2</ele></trkpt>
      <trkpt lat="50.128512" lon="18.58688"><ele>248.0</ele></trkpt>
      <trkpt lat="50.12854" lon="18.586853"><ele>248.0</ele></trkpt>
      <trkpt lat="50.128565" lon="18.58683"><ele>248.0</ele></trkpt>
      <trkpt lat="50.128592" lon="18.586802"><ele>248.0</ele></trkpt>
      <trkpt lat="50.12862" lon="18.586772"><ele>248.0</ele></trkpt>
      <trkpt lat="50.128645" lon="18.586743"><ele>248.0</ele></trkpt>
      <trkpt lat="50.128672" lon="18.586718"><ele>248.0</ele></trkpt>
      <trkpt lat="50.1287" lon="18.586692"><ele>248.0</ele></trkpt>
      <trkpt lat="50.128725" lon="18.586668"><ele>248.0</ele></trkpt>
      <trkpt lat="50.128755" lon="18.586643"><ele>248.0</ele></trkpt>
      <trkpt lat="50.128777" lon="18.586615"><ele>248.0</ele></trkpt>
      <trkpt lat="50.1288" lon="18.586587"><ele>248.0</ele></trkpt>
      <trkpt lat="50.128825" lon="18.58656"><ele>248.0</ele></trkpt>
      <trkpt lat="50.128853" lon="18.586532"><ele>248.0</ele></trkpt>
      <trkpt lat="50.128877" lon="18.586505"><ele>248.0</ele></trkpt>
      <trkpt lat="50.128898" lon="18.58648"><ele>248.0</ele></trkpt>
      <trkpt lat="50.12892" lon="18.58646"><ele>248.0</ele></trkpt>
      <trkpt lat="50.128943" lon="18.586438"><ele>248.0</ele></trkpt>
      <trkpt lat="50.128965" lon="18.586412"><ele>248.2</ele></trkpt>
      <trkpt lat="50.128985" lon="18.586383"><ele>248.2</ele></trkpt>
      <trkpt lat="50.129007" lon="18.586348"><ele>248.2</ele></trkpt>
      <trkpt lat="50.129027" lon="18.586318"><ele>248.4</ele></trkpt>
      <trkpt lat="50.129055" lon="18.586285"><ele>248.4</ele></trkpt>
      <trkpt lat="50.129078" lon="18.586257"><ele>248.4</ele></trkpt>
      <trkpt lat="50.1291" lon="18.586233"><ele>248.4</ele></trkpt>
      <trkpt lat="50.129122" lon="18.5862"><ele>248.4</ele></trkpt>
      <trkpt lat="50.129148" lon="18.586172"><ele>248.6</ele></trkpt>
      <trkpt lat="50.129177" lon="18.58614"><ele>248.6</ele></trkpt>
      <trkpt lat="50.129205" lon="18.586113"><ele>248.6</ele></trkpt>
      <trkpt lat="50.129232" lon="18.586085"><ele>248.6</ele></trkpt>
      <trkpt lat="50.129257" lon="18.586058"><ele>248.8</ele></trkpt>
      <trkpt lat="50.12928" lon="18.586028"><ele>248.8</ele></trkpt>
      <trkpt lat="50.129305" lon="18.586"><ele>248.8</ele></trkpt>
      <trkpt lat="50.12933" lon="18.585977"><ele>248.8</ele></trkpt>
      <trkpt lat="50.129347" lon="18.585955"><ele>248.8</ele></trkpt>
      <trkpt lat="50.129375" lon="18.585927"><ele>248.8</ele></trkpt>
      <trkpt lat="50.1294" lon="18.585897"><ele>248.8</ele></trkpt>
      <trkpt lat="50.129423" lon="18.585865"><ele>248.8</ele></trkpt>
      <trkpt lat="50.129452" lon="18.58583"><ele>248.6</ele></trkpt>
      <trkpt lat="50.129478" lon="18.585805"><ele>248.6</ele></trkpt>
      <trkpt lat="50.129503" lon="18.585778"><ele>248.6</ele></trkpt>
      <trkpt lat="50.129532" lon="18.585747"><ele>248.6</ele></trkpt>
      <trkpt lat="50.129558" lon="18.58572"><ele>248.6</ele></trkpt>
      <trkpt lat="50.129583" lon="18.585697"><ele>248.6</ele></trkpt>
      <trkpt lat="50.129612" lon="18.585672"><ele>248.8</ele></trkpt>
      <trkpt lat="50.129635" lon="18.585647"><ele>248.8</ele></trkpt>
      <trkpt lat="50.12966" lon="18.585622"><ele>248.8</ele></trkpt>
      <trkpt lat="50.12968" lon="18.5856"><ele>248.8</ele></trkpt>
      <trkpt lat="50.129702" lon="18.585577"><ele>248.8</ele></trkpt>
      <trkpt lat="50.129727" lon="18.585552"><ele>248.8</ele></trkpt>
      <trkpt lat="50.129743" lon="18.585523"><ele>248.8</ele></trkpt>
      <trkpt lat="50.129768" lon="18.585503"><ele>249.0</ele></trkpt>
      <trkpt lat="50.129795" lon="18.585483"><ele>249.0</ele></trkpt>
      <trkpt lat="50.12982" lon="18.585463"><ele>249.2</ele></trkpt>
      <trkpt lat="50.129848" lon="18.585442"><ele>249.2</ele></trkpt>
      <trkpt lat="50.129872" lon="18.585423"><ele>249.4</ele></trkpt>
      <trkpt lat="50.12989" lon="18.5854"><ele>249.6</ele></trkpt>
      <trkpt lat="50.129913" lon="18.585368"><ele>249.6</ele></trkpt>
      <trkpt lat="50.129938" lon="18.585342"><ele>249.8</ele></trkpt>
      <trkpt lat="50.129967" lon="18.585315"><ele>250.0</ele></trkpt>
      <trkpt lat="50.129993" lon="18.585285"><ele>250.0</ele></trkpt>
      <trkpt lat="50.130018" lon="18.585258"><ele>250.2</ele></trkpt>
      <trkpt lat="50.130047" lon="18.585233"><ele>250.4</ele></trkpt>
      <trkpt lat="50.13007" lon="18.58521"><ele>250.6</ele></trkpt>
      <trkpt lat="50.130088" lon="18.585183"><ele>250.8</ele></trkpt>
      <trkpt lat="50.130108" lon="18.585157"><ele>250.8</ele></trkpt>
      <trkpt lat="50.13012" lon="18.585123"><ele>251.2</ele></trkpt>
      <trkpt lat="50.130147" lon="18.585095"><ele>251.2</ele></trkpt>
      <trkpt lat="50.130165" lon="18.585067"><ele>251.4</ele></trkpt>
      <trkpt lat="50.130185" lon="18.585033"><ele>251.6</ele></trkpt>
      <trkpt lat="50.130203" lon="18.585002"><ele>251.8</ele></trkpt>
      <trkpt lat="50.130227" lon="18.584977"><ele>252.0</ele></trkpt>
      <trkpt lat="50.130252" lon="18.58496"><ele>252.2</ele></trkpt>
      <trkpt lat="50.130275" lon="18.584943"><ele>252.2</ele></trkpt>
      <trkpt lat="50.130297" lon="18.58492"><ele>252.4</ele></trkpt>
      <trkpt lat="50.130325" lon="18.584893"><ele>252.4</ele></trkpt>
      <trkpt lat="50.130363" lon="18.584865"><ele>252.6</ele></trkpt>
      <trkpt lat="50.130393" lon="18.584833"><ele>252.6</ele></trkpt>
      <trkpt lat="50.130425" lon="18.5848"><ele>252.8</ele></trkpt>
      <trkpt lat="50.130453" lon="18.584767"><ele>252.8</ele></trkpt>
      <trkpt lat="50.130485" lon="18.584725"><ele>253.0</ele></trkpt>
      <trkpt lat="50.130515" lon="18.584688"><ele>253.0</ele></trkpt>
      <trkpt lat="50.130547" lon="18.584655"><ele>253.0</ele></trkpt>
      <trkpt lat="50.130582" lon="18.584618"><ele>253.2</ele></trkpt>
      <trkpt lat="50.130617" lon="18.584583"><ele>253.2</ele></trkpt>
      <trkpt lat="50.130652" lon="18.584545"><ele>253.2</ele></trkpt>
      <trkpt lat="50.130687" lon="18.584507"><ele>253.0</ele></trkpt>
      <trkpt lat="50.130722" lon="18.584467"><ele>253.0</ele></trkpt>
      <trkpt lat="50.13076" lon="18.584425"><ele>253.0</ele></trkpt>
      <trkpt lat="50.130793" lon="18.584387"><ele>253.0</ele></trkpt>
      <trkpt lat="50.130825" lon="18.584347"><ele>253.0</ele></trkpt>
      <trkpt lat="50.13085" lon="18.584302"><ele>252.8</ele></trkpt>
      <trkpt lat="50.130882" lon="18.584267"><ele>252.8</ele></trkpt>
      <trkpt lat="50.130908" lon="18.584228"><ele>252.6</ele></trkpt>
      <trkpt lat="50.13093" lon="18.58419"><ele>252.6</ele></trkpt>
      <trkpt lat="50.130965" lon="18.584157"><ele>252.4</ele></trkpt>
      <trkpt lat="50.130995" lon="18.584115"><ele>252.4</ele></trkpt>
      <trkpt lat="50.13103" lon="18.58408"><ele>252.2</ele></trkpt>
      <trkpt lat="50.131062" lon="18.58404"><ele>252.2</ele></trkpt>
      <trkpt lat="50.131087" lon="18.584"><ele>252.0</ele></trkpt>
      <trkpt lat="50.13112" lon="18.58396"><ele>251.8</ele></trkpt>
      <trkpt lat="50.131148" lon="18.58392"><ele>251.8</ele></trkpt>
      <trkpt lat="50.131173" lon="18.583875"><ele>251.6</ele></trkpt>
      <trkpt lat="50.131202" lon="18.583827"><ele>251.4</ele></trkpt>
      <trkpt lat="50.131228" lon="18.583783"><ele>251.2</ele></trkpt>
      <trkpt lat="50.131257" lon="18.583743"><ele>251.2</ele></trkpt>
      <trkpt lat="50.131282" lon="18.583707"><ele>251.0</ele></trkpt>
      <trkpt lat="50.131305" lon="18.58367"><ele>250.8</ele></trkpt>
      <trkpt lat="50.131327" lon="18.58363"><ele>250.8</ele></trkpt>
      <trkpt lat="50.131357" lon="18.583593"><ele>250.6</ele></trkpt>
      <trkpt lat="50.131382" lon="18.583555"><ele>250.4</ele></trkpt>
      <trkpt lat="50.131407" lon="18.583515"><ele>250.2</ele></trkpt>
      <trkpt lat="50.13143" lon="18.583477"><ele>250.0</ele></trkpt>
      <trkpt lat="50.131458" lon="18.583443"><ele>249.8</ele></trkpt>
      <trkpt lat="50.131483" lon="18.583413"><ele>249.8</ele></trkpt>
      <trkpt lat="50.13151" lon="18.583373"><ele>249.6</ele></trkpt>
      <trkpt lat="50.131535" lon="18.583335"><ele>249.4</ele></trkpt>
      <trkpt lat="50.13156" lon="18.583295"><ele>249.4</ele></trkpt>
      <trkpt lat="50.13159" lon="18.583253"><ele>249.4</ele></trkpt>
      <trkpt lat="50.131622" lon="18.583215"><ele>249.2</ele></trkpt>
      <trkpt lat="50.131647" lon="18.583177"><ele>249.2</ele></trkpt>
      <trkpt lat="50.131677" lon="18.583137"><ele>249.0</ele></trkpt>
      <trkpt lat="50.131702" lon="18.583093"><ele>248.8</ele></trkpt>
      <trkpt lat="50.131733" lon="18.58305"><ele>248.8</ele></trkpt>
      <trkpt lat="50.131762" lon="18.583007"><ele>248.6</ele></trkpt>
      <trkpt lat="50.131795" lon="18.582965"><ele>248.6</ele></trkpt>
      <trkpt lat="50.131827" lon="18.582927"><ele>248.4</ele></trkpt>
      <trkpt lat="50.131855" lon="18.582888"><ele>248.4</ele></trkpt>
      <trkpt lat="50.13188" lon="18.582848"><ele>248.4</ele></trkpt>
      <trkpt lat="50.131913" lon="18.582813"><ele>248.2</ele></trkpt>
      <trkpt lat="50.131935" lon="18.58277"><ele>248.2</ele></trkpt>
      <trkpt lat="50.131967" lon="18.582738"><ele>248.0</ele></trkpt>
      <trkpt lat="50.131997" lon="18.582702"><ele>248.0</ele></trkpt>
      <trkpt lat="50.132022" lon="18.582665"><ele>248.0</ele></trkpt>
      <trkpt lat="50.132043" lon="18.582622"><ele>248.0</ele></trkpt>
      <trkpt lat="50.132077" lon="18.582578"><ele>248.0</ele></trkpt>
      <trkpt lat="50.132105" lon="18.582538"><ele>248.0</ele></trkpt>
      <trkpt lat="50.132133" lon="18.582493"><ele>248.0</ele></trkpt>
      <trkpt lat="50.132165" lon="18.582458"><ele>248.0</ele></trkpt>
      <trkpt lat="50.1322" lon="18.582427"><ele>248.0</ele></trkpt>
      <trkpt lat="50.132233" lon="18.5824"><ele>248.0</ele></trkpt>
      <trkpt lat="50.132258" lon="18.58237"><ele>248.0</ele></trkpt>
      <trkpt lat="50.132283" lon="18.582332"><ele>248.0</ele></trkpt>
      <trkpt lat="50.132313" lon="18.582293"><ele>248.0</ele></trkpt>
      <trkpt lat="50.132338" lon="18.582255"><ele>247.8</ele></trkpt>
      <trkpt lat="50.13237" lon="18.582222"><ele>247.8</ele></trkpt>
      <trkpt lat="50.132397" lon="18.582173"><ele>247.8</ele></trkpt>
      <trkpt lat="50.132422" lon="18.58213"><ele>247.8</ele></trkpt>
      <trkpt lat="50.132443" lon="18.582083"><ele>247.6</ele></trkpt>
      <trkpt lat="50.132463" lon="18.582025"><ele>247.6</ele></trkpt>
      <trkpt lat="50.132488" lon="18.581983"><ele>247.6</ele></trkpt>
      <trkpt lat="50.132512" lon="18.581935"><ele>247.4</ele></trkpt>
      <trkpt lat="50.13253" lon="18.581887"><ele>247.4</ele></trkpt>
      <trkpt lat="50.132553" lon="18.58184"><ele>247.2</ele></trkpt>
      <trkpt lat="50.132578" lon="18.581785"><ele>247.2</ele></trkpt>
      <trkpt lat="50.132607" lon="18.581733"><ele>247.0</ele></trkpt>
      <trkpt lat="50.132623" lon="18.581678"><ele>247.0</ele></trkpt>
      <trkpt lat="50.132652" lon="18.581632"><ele>247.0</ele></trkpt>
      <trkpt lat="50.132678" lon="18.581588"><ele>247.0</ele></trkpt>
      <trkpt lat="50.132707" lon="18.581538"><ele>247.0</ele></trkpt>
      <trkpt lat="50.132735" lon="18.581488"><ele>247.0</ele></trkpt>
      <trkpt lat="50.13276" lon="18.58144"><ele>247.2</ele></trkpt>
      <trkpt lat="50.132793" lon="18.581392"><ele>247.2</ele></trkpt>
      <trkpt lat="50.132818" lon="18.581342"><ele>247.2</ele></trkpt>
      <trkpt lat="50.132847" lon="18.58129"><ele>247.4</ele></trkpt>
      <trkpt lat="50.132873" lon="18.581242"><ele>247.4</ele></trkpt>
      <trkpt lat="50.132898" lon="18.581198"><ele>247.6</ele></trkpt>
      <trkpt lat="50.13293" lon="18.581155"><ele>247.6</ele></trkpt>
      <trkpt lat="50.132958" lon="18.581115"><ele>247.8</ele></trkpt>
      <trkpt lat="50.132992" lon="18.581077"><ele>247.8</ele></trkpt>
      <trkpt lat="50.133017" lon="18.581037"><ele>248.0</ele></trkpt>
      <trkpt lat="50.133045" lon="18.580997"><ele>248.0</ele></trkpt>
      <trkpt lat="50.133075" lon="18.580955"><ele>248.2</ele></trkpt>
      <trkpt lat="50.133107" lon="18.580918"><ele>248.4</ele></trkpt>
      <trkpt lat="50.133135" lon="18.580883"><ele>248.4</ele></trkpt>
      <trkpt lat="50.133167" lon="18.580845"><ele>248.6</ele></trkpt>
      <trkpt lat="50.133197" lon="18.580803"><ele>248.6</ele></trkpt>
      <trkpt lat="50.133232" lon="18.580762"><ele>248.8</ele></trkpt>
      <trkpt lat="50.133263" lon="18.580715"><ele>248.8</ele></trkpt>
      <trkpt lat="50.133292" lon="18.580667"><ele>248.8</ele></trkpt>
      <trkpt lat="50.133323" lon="18.580627"><ele>248.8</ele></trkpt>
      <trkpt lat="50.13335" lon="18.580573"><ele>248.8</ele></trkpt>
      <trkpt lat="50.133375" lon="18.580525"><ele>248.8</ele></trkpt>
      <trkpt lat="50.133403" lon="18.58048"><ele>248.8</ele></trkpt>
      <trkpt lat="50.133433" lon="18.580437"><ele>248.8</ele></trkpt>
      <trkpt lat="50.133462" lon="18.58039"><ele>248.8</ele></trkpt>
      <trkpt lat="50.13349" lon="18.580343"><ele>249.0</ele></trkpt>
      <trkpt lat="50.133517" lon="18.580297"><ele>249.0</ele></trkpt>
      <trkpt lat="50.133545" lon="18.58025"><ele>249.0</ele></trkpt>
      <trkpt lat="50.13357" lon="18.580207"><ele>249.0</ele></trkpt>
      <trkpt lat="50.133597" lon="18.580162"><ele>249.0</ele></trkpt>
      <trkpt lat="50.133625" lon="18.580118"><ele>249.0</ele></trkpt>
      <trkpt lat="50.13365" lon="18.580077"><ele>249.0</ele></trkpt>
      <trkpt lat="50.13368" lon="18.580033"><ele>248.8</ele></trkpt>
      <trkpt lat="50.133705" lon="18.579993"><ele>248.8</ele></trkpt>
      <trkpt lat="50.133727" lon="18.579948"><ele>248.8</ele></trkpt>
      <trkpt lat="50.133747" lon="18.5799"><ele>248.8</ele></trkpt>
      <trkpt lat="50.133765" lon="18.579858"><ele>248.8</ele></trkpt>
      <trkpt lat="50.133785" lon="18.579822"><ele>248.8</ele></trkpt>
      <trkpt lat="50.1338" lon="18.579782"><ele>249.0</ele></trkpt>
      <trkpt lat="50.133823" lon="18.579743"><ele>249.0</ele></trkpt>
      <trkpt lat="50.133845" lon="18.579708"><ele>249.0</ele></trkpt>
      <trkpt lat="50.133868" lon="18.579675"><ele>249.0</ele></trkpt>
      <trkpt lat="50.133887" lon="18.57964"><ele>249.0</ele></trkpt>
      <trkpt lat="50.13391" lon="18.5796"><ele>249.0</ele></trkpt>
      <trkpt lat="50.133932" lon="18.57956"><ele>249.2</ele></trkpt>
      <trkpt lat="50.13396" lon="18.57952"><ele>249.2</ele></trkpt>
      <trkpt lat="50.133987" lon="18.579483"><ele>249.4</ele></trkpt>
      <trkpt lat="50.134012" lon="18.579447"><ele>249.4</ele></trkpt>
      <trkpt lat="50.134038" lon="18.579413"><ele>249.6</ele></trkpt>
      <trkpt lat="50.134067" lon="18.579383"><ele>249.6</ele></trkpt>
      <trkpt lat="50.134092" lon="18.579345"><ele>249.8</ele></trkpt>
      <trkpt lat="50.134118" lon="18.579312"><ele>249.8</ele></trkpt>
      <trkpt lat="50.134143" lon="18.579278"><ele>250.0</ele></trkpt>
      <trkpt lat="50.134165" lon="18.579242"><ele>250.2</ele></trkpt>
      <trkpt lat="50.134192" lon="18.579212"><ele>250.4</ele></trkpt>
      <trkpt lat="50.13422" lon="18.579173"><ele>250.4</ele></trkpt>
      <trkpt lat="50.134245" lon="18.579135"><ele>250.6</ele></trkpt>
      <trkpt lat="50.134265" lon="18.579088"><ele>250.8</ele></trkpt>
      <trkpt lat="50.134283" lon="18.579045"><ele>251.0</ele></trkpt>
      <trkpt lat="50.134307" lon="18.579"><ele>251.2</ele></trkpt>
      <trkpt lat="50.134328" lon="18.57896"><ele>251.6</ele></trkpt>
      <trkpt lat="50.134358" lon="18.578923"><ele>251.6</ele></trkpt>
      <trkpt lat="50.134387" lon="18.578893"><ele>251.8</ele></trkpt>
      <trkpt lat="50.134422" lon="18.57886"><ele>252.0</ele></trkpt>
      <trkpt lat="50.134457" lon="18.57883"><ele>252.2</ele></trkpt>
      <trkpt lat="50.134488" lon="18.578797"><ele>252.4</ele></trkpt>
      <trkpt lat="50.13452" lon="18.578758"><ele>252.6</ele></trkpt>
      <trkpt lat="50.134547" lon="18.578718"><ele>252.8</ele></trkpt>
      <trkpt lat="50.134575" lon="18.578677"><ele>253.0</ele></trkpt>
      <trkpt lat="50.1346" lon="18.578632"><ele>253.2</ele></trkpt>
      <trkpt lat="50.134623" lon="18.578593"><ele>253.4</ele></trkpt>
      <trkpt lat="50.134648" lon="18.578558"><ele>253.6</ele></trkpt>
      <trkpt lat="50.134675" lon="18.57852"><ele>253.6</ele></trkpt>
      <trkpt lat="50.134697" lon="18.578487"><ele>253.8</ele></trkpt>
      <trkpt lat="50.13472" lon="18.57845"><ele>253.8</ele></trkpt>
      <trkpt lat="50.134738" lon="18.578412"><ele>254.0</ele></trkpt>
      <trkpt lat="50.13476" lon="18.57837"><ele>254.0</ele></trkpt>
      <trkpt lat="50.13478" lon="18.578335"><ele>254.0</ele></trkpt>
      <trkpt lat="50.134802" lon="18.578298"><ele>254.2</ele></trkpt>
      <trkpt lat="50.134825" lon="18.578262"><ele>254.2</ele></trkpt>
      <trkpt lat="50.134847" lon="18.578223"><ele>254.4</ele></trkpt>
      <trkpt lat="50.134867" lon="18.578183"><ele>254.4</ele></trkpt>
      <trkpt lat="50.134895" lon="18.578143"><ele>254.4</ele></trkpt>
      <trkpt lat="50.134912" lon="18.578092"><ele>254.4</ele></trkpt>
      <trkpt lat="50.134933" lon="18.578042"><ele>254.2</ele></trkpt>
      <trkpt lat="50.134947" lon="18.577997"><ele>254.2</ele></trkpt>
      <trkpt lat="50.134975" lon="18.577955"><ele>254.2</ele></trkpt>
      <trkpt lat="50.134998" lon="18.577913"><ele>254.0</ele></trkpt>
      <trkpt lat="50.135017" lon="18.577872"><ele>254.0</ele></trkpt>
      <trkpt lat="50.135037" lon="18.577827"><ele>253.8</ele></trkpt>
      <trkpt lat="50.135055" lon="18.577782"><ele>253.8</ele></trkpt>
      <trkpt lat="50.135078" lon="18.577743"><ele>253.6</ele></trkpt>
      <trkpt lat="50.135103" lon="18.57771"><ele>253.6</ele></trkpt>
      <trkpt lat="50.135132" lon="18.577682"><ele>253.4</ele></trkpt>
      <trkpt lat="50.13516" lon="18.577643"><ele>253.4</ele></trkpt>
      <trkpt lat="50.135193" lon="18.57761"><ele>253.2</ele></trkpt>
      <trkpt lat="50.135215" lon="18.57757"><ele>253.2</ele></trkpt>
      <trkpt lat="50.135238" lon="18.577525"><ele>253.2</ele></trkpt>
      <trkpt lat="50.135263" lon="18.577483"><ele>253.0</ele></trkpt>
      <trkpt lat="50.135295" lon="18.57744"><ele>253.0</ele></trkpt>
      <trkpt lat="50.13532" lon="18.577392"><ele>252.8</ele></trkpt>
      <trkpt lat="50.13535" lon="18.577347"><ele>252.8</ele></trkpt>
      <trkpt lat="50.135375" lon="18.577308"><ele>252.8</ele></trkpt>
      <trkpt lat="50.135398" lon="18.577268"><ele>252.8</ele></trkpt>
      <trkpt lat="50.13542" lon="18.57722"><ele>252.8</ele></trkpt>
      <trkpt lat="50.135442" lon="18.577173"><ele>252.8</ele></trkpt>
      <trkpt lat="50.135468" lon="18.57713"><ele>252.8</ele></trkpt>
      <trkpt lat="50.135493" lon="18.577087"><ele>252.8</ele></trkpt>
      <trkpt lat="50.13552" lon="18.57704"><ele>252.8</ele></trkpt>
      <trkpt lat="50.135552" lon="18.577"><ele>252.8</ele></trkpt>
      <trkpt lat="50.13558" lon="18.576958"><ele>253.0</ele></trkpt>
      <trkpt lat="50.135612" lon="18.576915"><ele>253.0</ele></trkpt>
      <trkpt lat="50.13564" lon="18.576872"><ele>253.0</ele></trkpt>
      <trkpt lat="50.13567" lon="18.576825"><ele>253.0</ele></trkpt>
      <trkpt lat="50.135692" lon="18.576778"><ele>253.0</ele></trkpt>
      <trkpt lat="50.135718" lon="18.576728"><ele>253.2</ele></trkpt>
      <trkpt lat="50.13575" lon="18.576682"><ele>253.2</ele></trkpt>
      <trkpt lat="50.135778" lon="18.576638"><ele>253.4</ele></trkpt>
      <trkpt lat="50.135807" lon="18.576598"><ele>253.4</ele></trkpt>
      <trkpt lat="50.135833" lon="18.57656"><ele>253.6</ele></trkpt>
      <trkpt lat="50.135855" lon="18.57652"><ele>253.6</ele></trkpt>
      <trkpt lat="50.135878" lon="18.576482"><ele>253.8</ele></trkpt>
      <trkpt lat="50.135907" lon="18.576445"><ele>253.8</ele></trkpt>
      <trkpt lat="50.135932" lon="18.576412"><ele>254.0</ele></trkpt>
      <trkpt lat="50.135955" lon="18.576373"><ele>254.0</ele></trkpt>
      <trkpt lat="50.135973" lon="18.576337"><ele>254.0</ele></trkpt>
      <trkpt lat="50.136" lon="18.5763"><ele>254.0</ele></trkpt>
      <trkpt lat="50.136028" lon="18.576267"><ele>254.0</ele></trkpt>
      <trkpt lat="50.136047" lon="18.57623"><ele>254.0</ele></trkpt>
      <trkpt lat="50.136067" lon="18.5762"><ele>254.0</ele></trkpt>
      <trkpt lat="50.136088" lon="18.576167"><ele>254.0</ele></trkpt>
      <trkpt lat="50.136112" lon="18.576133"><ele>254.0</ele></trkpt>
      <trkpt lat="50.136137" lon="18.576097"><ele>254.2</ele></trkpt>
      <trkpt lat="50.136165" lon="18.576053"><ele>254.2</ele></trkpt>
      <trkpt lat="50.136195" lon="18.576015"><ele>254.2</ele></trkpt>
      <trkpt lat="50.136227" lon="18.57597"><ele>254.2</ele></trkpt>
      <trkpt lat="50.136248" lon="18.575922"><ele>254.2</ele></trkpt>
      <trkpt lat="50.136268" lon="18.575877"><ele>254.2</ele></trkpt>
      <trkpt lat="50.13629" lon="18.575827"><ele>254.2</ele></trkpt>
      <trkpt lat="50.136317" lon="18.57578"><ele>254.2</ele></trkpt>
      <trkpt lat="50.136345" lon="18.575742"><ele>254.2</ele></trkpt>
      <trkpt lat="50.13637" lon="18.5757"><ele>254.2</ele></trkpt>
      <trkpt lat="50.136397" lon="18.575653"><ele>254.2</ele></trkpt>
      <trkpt lat="50.136425" lon="18.575613"><ele>254.2</ele></trkpt>
      <trkpt lat="50.13645" lon="18.575578"><ele>254.2</ele></trkpt>
      <trkpt lat="50.13648" lon="18.575542"><ele>254.2</ele></trkpt>
      <trkpt lat="50.136505" lon="18.575495"><ele>254.2</ele></trkpt>
      <trkpt lat="50.13653" lon="18.575453"><ele>254.4</ele></trkpt>
      <trkpt lat="50.136565" lon="18.575412"><ele>254.2</ele></trkpt>
      <trkpt lat="50.136595" lon="18.57537"><ele>254.4</ele></trkpt>
      <trkpt lat="50.136623" lon="18.575325"><ele>254.4</ele></trkpt>
      <trkpt lat="50.136658" lon="18.575285"><ele>254.4</ele></trkpt>
      <trkpt lat="50.13669" lon="18.575243"><ele>254.4</ele></trkpt>
      <trkpt lat="50.136722" lon="18.575197"><ele>254.4</ele></trkpt>
      <trkpt lat="50.136748" lon="18.575155"><ele>254.6</ele></trkpt>
      <trkpt lat="50.136767" lon="18.575107"><ele>254.6</ele></trkpt>
      <trkpt lat="50.136793" lon="18.575067"><ele>254.6</ele></trkpt>
      <trkpt lat="50.136818" lon="18.575033"><ele>254.8</ele></trkpt>
      <trkpt lat="50.136847" lon="18.575002"><ele>254.8</ele></trkpt>
      <trkpt lat="50.13687" lon="18.574985"><ele>254.8</ele></trkpt>
      <trkpt lat="50.136898" lon="18.574983"><ele>255.0</ele></trkpt>
      <trkpt lat="50.136923" lon="18.574995"><ele>255.0</ele></trkpt>
      <trkpt lat="50.136957" lon="18.575012"><ele>255.2</ele></trkpt>
      <trkpt lat="50.136988" lon="18.575028"><ele>255.4</ele></trkpt>
      <trkpt lat="50.13702" lon="18.575048"><ele>255.6</ele></trkpt>
      <trkpt lat="50.137048" lon="18.575067"><ele>255.8</ele></trkpt>
      <trkpt lat="50.137083" lon="18.57508"><ele>256.0</ele></trkpt>
      <trkpt lat="50.137117" lon="18.575093"><ele>256.2</ele></trkpt>
      <trkpt lat="50.137148" lon="18.575108"><ele>256.4</ele></trkpt>
      <trkpt lat="50.137183" lon="18.575127"><ele>256.8</ele></trkpt>
      <trkpt lat="50.137218" lon="18.575147"><ele>257.0</ele></trkpt>
      <trkpt lat="50.137247" lon="18.575165"><ele>257.0</ele></trkpt>
      <trkpt lat="50.137278" lon="18.575187"><ele>257.4</ele></trkpt>
      <trkpt lat="50.137308" lon="18.57521"><ele>257.4</ele></trkpt>
      <trkpt lat="50.13734" lon="18.575233"><ele>257.8</ele></trkpt>
      <trkpt lat="50.137375" lon="18.575262"><ele>258.0</ele></trkpt>
      <trkpt lat="50.137403" lon="18.575283"><ele>258.2</ele></trkpt>
      <trkpt lat="50.137433" lon="18.57531"><ele>258.4</ele></trkpt>
      <trkpt lat="50.137465" lon="18.575335"><ele>258.6</ele></trkpt>
      <trkpt lat="50.137497" lon="18.57536"><ele>259.0</ele></trkpt>
      <trkpt lat="50.137532" lon="18.575383"><ele>259.2</ele></trkpt>
      <trkpt lat="50.13756" lon="18.57541"><ele>259.6</ele></trkpt>
      <trkpt lat="50.137593" lon="18.575433"><ele>260.0</ele></trkpt>
      <trkpt lat="50.137618" lon="18.57545"><ele>260.2</ele></trkpt>
      <trkpt lat="50.137647" lon="18.575463"><ele>260.6</ele></trkpt>
      <trkpt lat="50.13768" lon="18.57548"><ele>261.4</ele></trkpt>
      <trkpt lat="50.137705" lon="18.5755"><ele>261.4</ele></trkpt>
      <trkpt lat="50.137737" lon="18.57552"><ele>261.8</ele></trkpt>
      <trkpt lat="50.137765" lon="18.575542"><ele>262.2</ele></trkpt>
      <trkpt lat="50.1378" lon="18.575558"><ele>262.4</ele></trkpt>
      <trkpt lat="50.137837" lon="18.575573"><ele>263.0</ele></trkpt>
      <trkpt lat="50.137865" lon="18.575593"><ele>263.2</ele></trkpt>
      <trkpt lat="50.1379" lon="18.575608"><ele>263.6</ele></trkpt>
      <trkpt lat="50.137928" lon="18.575628"><ele>263.8</ele></trkpt>
      <trkpt lat="50.137955" lon="18.575648"><ele>264.2</ele></trkpt>
      <trkpt lat="50.13798" lon="18.575673"><ele>264.6</ele></trkpt>
      <trkpt lat="50.138008" lon="18.5757"><ele>264.8</ele></trkpt>
      <trkpt lat="50.138035" lon="18.57572"><ele>265.2</ele></trkpt>
      <trkpt lat="50.13806" lon="18.57574"><ele>265.6</ele></trkpt>
      <trkpt lat="50.138092" lon="18.57576"><ele>266.0</ele></trkpt>
      <trkpt lat="50.13812" lon="18.57578"><ele>266.4</ele></trkpt>
      <trkpt lat="50.13815" lon="18.575802"><ele>266.8</ele></trkpt>
      <trkpt lat="50.138178" lon="18.575823"><ele>267.2</ele></trkpt>
      <trkpt lat="50.138207" lon="18.575847"><ele>267.4</ele></trkpt>
      <trkpt lat="50.138233" lon="18.575868"><ele>267.8</ele></trkpt>
      <trkpt lat="50.138258" lon="18.575892"><ele>268.2</ele></trkpt>
      <trkpt lat="50.13829" lon="18.575918"><ele>268.8</ele></trkpt>
      <trkpt lat="50.138317" lon="18.57594"><ele>269.0</ele></trkpt>
      <trkpt lat="50.138348" lon="18.575962"><ele>269.4</ele></trkpt>
      <trkpt lat="50.138377" lon="18.575985"><ele>269.8</ele></trkpt>
      <trkpt lat="50.138405" lon="18.576007"><ele>270.2</ele></trkpt>
      <trkpt lat="50.138435" lon="18.57603"><ele>270.6</ele></trkpt>
      <trkpt lat="50.138467" lon="18.576053"><ele>271.0</ele></trkpt>
      <trkpt lat="50.138495" lon="18.576077"><ele>271.4</ele></trkpt>
      <trkpt lat="50.13852" lon="18.576098"><ele>271.8</ele></trkpt>
      <trkpt lat="50.138553" lon="18.576118"><ele>272.0</ele></trkpt>
      <trkpt lat="50.138578" lon="18.576138"><ele>272.4</ele></trkpt>
      <trkpt lat="50.138607" lon="18.576163"><ele>272.8</ele></trkpt>
      <trkpt lat="50.13863" lon="18.57618"><ele>273.2</ele></trkpt>
      <trkpt lat="50.138652" lon="18.576195"><ele>273.6</ele></trkpt>
      <trkpt lat="50.138678" lon="18.576203"><ele>273.8</ele></trkpt>
      <trkpt lat="50.13871" lon="18.576217"><ele>274.4</ele></trkpt>
      <trkpt lat="50.138735" lon="18.576238"><ele>274.6</ele></trkpt>
      <trkpt lat="50.138763" lon="18.57626"><ele>275.0</ele></trkpt>
      <trkpt lat="50.13879" lon="18.576282"><ele>275.4</ele></trkpt>
      <trkpt lat="50.138818" lon="18.576305"><ele>275.6</ele></trkpt>
      <trkpt lat="50.138847" lon="18.576325"><ele>275.8</ele></trkpt>
      <trkpt lat="50.138877" lon="18.576348"><ele>276.2</ele></trkpt>
      <trkpt lat="50.138905" lon="18.576362"><ele>276.4</ele></trkpt>
      <trkpt lat="50.13893" lon="18.576375"><ele>276.6</ele></trkpt>
      <trkpt lat="50.138962" lon="18.576385"><ele>276.8</ele></trkpt>
      <trkpt lat="50.138995" lon="18.576387"><ele>276.8</ele></trkpt>
      <trkpt lat="50.139027" lon="18.576385"><ele>277.0</ele></trkpt>
      <trkpt lat="50.139052" lon="18.576385"><ele>277.2</ele></trkpt>
      <trkpt lat="50.13908" lon="18.576382"><ele>277.4</ele></trkpt>
      <trkpt lat="50.13911" lon="18.576375"><ele>277.4</ele></trkpt>
      <trkpt lat="50.139135" lon="18.576368"><ele>277.6</ele></trkpt>
      <trkpt lat="50.13917" lon="18.576362"><ele>277.8</ele></trkpt>
      <trkpt lat="50.139202" lon="18.57635"><ele>277.8</ele></trkpt>
      <trkpt lat="50.139232" lon="18.576347"><ele>278.0</ele></trkpt>
      <trkpt lat="50.139263" lon="18.576327"><ele>278.0</ele></trkpt>
      <trkpt lat="50.139288" lon="18.57631"><ele>278.0</ele></trkpt>
      <trkpt lat="50.13932" lon="18.576295"><ele>278.0</ele></trkpt>
      <trkpt lat="50.139347" lon="18.576282"><ele>278.0</ele></trkpt>
      <trkpt lat="50.139368" lon="18.576273"><ele>278.0</ele></trkpt>
      <trkpt lat="50.139395" lon="18.576265"><ele>277.8</ele></trkpt>
      <trkpt lat="50.139427" lon="18.576257"><ele>277.6</ele></trkpt>
      <trkpt lat="50.139452" lon="18.57625"><ele>277.6</ele></trkpt>
      <trkpt lat="50.139483" lon="18.576243"><ele>277.4</ele></trkpt>
      <trkpt lat="50.139513" lon="18.576233"><ele>277.2</ele></trkpt>
      <trkpt lat="50.139552" lon="18.576218"><ele>277.0</ele></trkpt>
      <trkpt lat="50.139587" lon="18.576205"><ele>276.8</ele></trkpt>
      <trkpt lat="50.139622" lon="18.57619"><ele>276.6</ele></trkpt>
      <trkpt lat="50.139647" lon="18.576175"><ele>276.4</ele></trkpt>
      <trkpt lat="50.13968" lon="18.576163"><ele>276.2</ele></trkpt>
      <trkpt lat="50.139712" lon="18.576148"><ele>276.0</ele></trkpt>
      <trkpt lat="50.13975" lon="18.576135"><ele>275.8</ele></trkpt>
      <trkpt lat="50.139785" lon="18.576118"><ele>275.6</ele></trkpt>
      <trkpt lat="50.13982" lon="18.576105"><ele>275.4</ele></trkpt>
      <trkpt lat="50.139855" lon="18.57609"><ele>275.2</ele></trkpt>
      <trkpt lat="50.139883" lon="18.576083"><ele>275.0</ele></trkpt>
      <trkpt lat="50.13991" lon="18.576072"><ele>274.8</ele></trkpt>
      <trkpt lat="50.139942" lon="18.576065"><ele>274.6</ele></trkpt>
      <trkpt lat="50.139977" lon="18.576055"><ele>274.4</ele></trkpt>
      <trkpt lat="50.140005" lon="18.576045"><ele>274.2</ele></trkpt>
      <trkpt lat="50.140038" lon="18.576038"><ele>274.0</ele></trkpt>
      <trkpt lat="50.140067" lon="18.57603"><ele>273.8</ele></trkpt>
      <trkpt lat="50.140098" lon="18.576015"><ele>273.6</ele></trkpt>
      <trkpt lat="50.140123" lon="18.576005"><ele>273.2</ele></trkpt>
      <trkpt lat="50.14015" lon="18.575992"><ele>273.2</ele></trkpt>
      <trkpt lat="50.140175" lon="18.575972"><ele>273.0</ele></trkpt>
      <trkpt lat="50.1402" lon="18.575955"><ele>272.6</ele></trkpt>
      <trkpt lat="50.140223" lon="18.575938"><ele>272.4</ele></trkpt>
      <trkpt lat="50.140245" lon="18.575925"><ele>272.0</ele></trkpt>
      <trkpt lat="50.140278" lon="18.575912"><ele>271.8</ele></trkpt>
      <trkpt lat="50.140307" lon="18.575898"><ele>271.6</ele></trkpt>
      <trkpt lat="50.140338" lon="18.575885"><ele>271.6</ele></trkpt>
      <trkpt lat="50.140373" lon="18.575863"><ele>271.4</ele></trkpt>
      <trkpt lat="50.140412" lon="18.575842"><ele>271.2</ele></trkpt>
      <trkpt lat="50.140453" lon="18.57582"><ele>270.8</ele></trkpt>
      <trkpt lat="50.140495" lon="18.575802"><ele>270.6</ele></trkpt>
      <trkpt lat="50.14054" lon="18.575788"><ele>270.4</ele></trkpt>
      <trkpt lat="50.140585" lon="18.575777"><ele>270.2</ele></trkpt>
      <trkpt lat="50.14063" lon="18.57576"><ele>269.8</ele></trkpt>
      <trkpt lat="50.140665" lon="18.575748"><ele>269.6</ele></trkpt>
      <trkpt lat="50.1407" lon="18.575737"><ele>269.4</ele></trkpt>
      <trkpt lat="50.140735" lon="18.575717"><ele>269.2</ele></trkpt>
      <trkpt lat="50.14077" lon="18.575693"><ele>269.0</ele></trkpt>
      <trkpt lat="50.140802" lon="18.575675"><ele>268.6</ele></trkpt>
      <trkpt lat="50.14084" lon="18.57566"><ele>268.2</ele></trkpt>
      <trkpt lat="50.140877" lon="18.57564"><ele>268.0</ele></trkpt>
      <trkpt lat="50.140912" lon="18.575623"><ele>267.6</ele></trkpt>
      <trkpt lat="50.140943" lon="18.575608"><ele>267.4</ele></trkpt>
      <trkpt lat="50.140978" lon="18.57559"><ele>267.0</ele></trkpt>
      <trkpt lat="50.141013" lon="18.575573"><ele>266.8</ele></trkpt>
      <trkpt lat="50.141048" lon="18.575563"><ele>266.4</ele></trkpt>
      <trkpt lat="50.141078" lon="18.575552"><ele>266.2</ele></trkpt>
      <trkpt lat="50.141113" lon="18.575538"><ele>266.0</ele></trkpt>
      <trkpt lat="50.141148" lon="18.57552"><ele>265.6</ele></trkpt>
      <trkpt lat="50.14117" lon="18.575503"><ele>265.4</ele></trkpt>
      <trkpt lat="50.141193" lon="18.575495"><ele>265.2</ele></trkpt>
      <trkpt lat="50.141218" lon="18.575488"><ele>265.0</ele></trkpt>
      <trkpt lat="50.14124" lon="18.57548"><ele>264.6</ele></trkpt>
      <trkpt lat="50.141267" lon="18.575475"><ele>264.4</ele></trkpt>
      <trkpt lat="50.141292" lon="18.575463"><ele>264.2</ele></trkpt>
      <trkpt lat="50.141318" lon="18.57545"><ele>264.0</ele></trkpt>
      <trkpt lat="50.141347" lon="18.575433"><ele>263.8</ele></trkpt>
      <trkpt lat="50.141375" lon="18.575418"><ele>263.6</ele></trkpt>
      <trkpt lat="50.14141" lon="18.575402"><ele>263.4</ele></trkpt>
      <trkpt lat="50.14144" lon="18.575385"><ele>263.2</ele></trkpt>
      <trkpt lat="50.141472" lon="18.57537"><ele>263.0</ele></trkpt>
      <trkpt lat="50.141507" lon="18.575357"><ele>262.8</ele></trkpt>
      <trkpt lat="50.141535" lon="18.575337"><ele>262.6</ele></trkpt>
      <trkpt lat="50.141573" lon="18.57532"><ele>262.6</ele></trkpt>
      <trkpt lat="50.141608" lon="18.575297"><ele>262.2</ele></trkpt>
      <trkpt lat="50.141643" lon="18.575277"><ele>262.2</ele></trkpt>
      <trkpt lat="50.14167" lon="18.57526"><ele>262.2</ele></trkpt>
      <trkpt lat="50.141695" lon="18.575245"><ele>262.2</ele></trkpt>
      <trkpt lat="50.141727" lon="18.575233"><ele>262.2</ele></trkpt>
      <trkpt lat="50.141757" lon="18.575225"><ele>262.2</ele></trkpt>
      <trkpt lat="50.141785" lon="18.57522"><ele>262.2</ele></trkpt>
      <trkpt lat="50.14181" lon="18.575217"><ele>262.2</ele></trkpt>
      <trkpt lat="50.141842" lon="18.575203"><ele>262.4</ele></trkpt>
      <trkpt lat="50.141872" lon="18.575192"><ele>262.4</ele></trkpt>
      <trkpt lat="50.141907" lon="18.575185"><ele>262.6</ele></trkpt>
      <trkpt lat="50.141932" lon="18.575185"><ele>262.8</ele></trkpt>
      <trkpt lat="50.14196" lon="18.575177"><ele>263.0</ele></trkpt>
      <trkpt lat="50.14199" lon="18.575167"><ele>263.2</ele></trkpt>
      <trkpt lat="50.142012" lon="18.575158"><ele>263.4</ele></trkpt>
      <trkpt lat="50.14204" lon="18.575143"><ele>263.6</ele></trkpt>
      <trkpt lat="50.142067" lon="18.57513"><ele>263.8</ele></trkpt>
      <trkpt lat="50.142092" lon="18.575113"><ele>264.0</ele></trkpt>
      <trkpt lat="50.142127" lon="18.575095"><ele>264.2</ele></trkpt>
      <trkpt lat="50.142162" lon="18.575077"><ele>264.4</ele></trkpt>
      <trkpt lat="50.142195" lon="18.575057"><ele>264.4</ele></trkpt>
      <trkpt lat="50.142223" lon="18.575038"><ele>264.4</ele></trkpt>
      <trkpt lat="50.142248" lon="18.575018"><ele>264.4</ele></trkpt>
      <trkpt lat="50.142287" lon="18.575007"><ele>264.6</ele></trkpt>
      <trkpt lat="50.142322" lon="18.574993"><ele>264.6</ele></trkpt>
      <trkpt lat="50.14236" lon="18.574978"><ele>264.8</ele></trkpt>
      <trkpt lat="50.14239" lon="18.574963"><ele>265.0</ele></trkpt>
      <trkpt lat="50.142418" lon="18.574948"><ele>265.2</ele></trkpt>
      <trkpt lat="50.14245" lon="18.574942"><ele>265.4</ele></trkpt>
      <trkpt lat="50.142482" lon="18.574932"><ele>265.6</ele></trkpt>
      <trkpt lat="50.142508" lon="18.574922"><ele>265.6</ele></trkpt>
      <trkpt lat="50.14254" lon="18.574917"><ele>266.0</ele></trkpt>
      <trkpt lat="50.142565" lon="18.574908"><ele>266.2</ele></trkpt>
      <trkpt lat="50.142588" lon="18.574897"><ele>266.2</ele></trkpt>
      <trkpt lat="50.14261" lon="18.574885"><ele>266.6</ele></trkpt>
      <trkpt lat="50.14263" lon="18.57488"><ele>266.8</ele></trkpt>
      <trkpt lat="50.142662" lon="18.574868"><ele>266.8</ele></trkpt>
      <trkpt lat="50.14269" lon="18.574857"><ele>267.0</ele></trkpt>
      <trkpt lat="50.142722" lon="18.574847"><ele>267.2</ele></trkpt>
      <trkpt lat="50.142755" lon="18.574838"><ele>267.2</ele></trkpt>
      <trkpt lat="50.142787" lon="18.574825"><ele>267.4</ele></trkpt>
      <trkpt lat="50.142818" lon="18.57481"><ele>267.6</ele></trkpt>
      <trkpt lat="50.142843" lon="18.574795"><ele>267.8</ele></trkpt>
      <trkpt lat="50.14287" lon="18.574783"><ele>268.0</ele></trkpt>
      <trkpt lat="50.142898" lon="18.574773"><ele>268.2</ele></trkpt>
      <trkpt lat="50.142923" lon="18.574758"><ele>268.4</ele></trkpt>
      <trkpt lat="50.14295" lon="18.574747"><ele>268.6</ele></trkpt>
      <trkpt lat="50.142985" lon="18.57474"><ele>268.8</ele></trkpt>
      <trkpt lat="50.14302" lon="18.574738"><ele>269.0</ele></trkpt>
      <trkpt lat="50.143048" lon="18.574727"><ele>269.2</ele></trkpt>
      <trkpt lat="50.143078" lon="18.5747"><ele>269.6</ele></trkpt>
      <trkpt lat="50.1431" lon="18.574668"><ele>269.6</ele></trkpt>
      <trkpt lat="50.143132" lon="18.57464"><ele>270.0</ele></trkpt>
      <trkpt lat="50.14316" lon="18.574618"><ele>270.2</ele></trkpt>
      <trkpt lat="50.143197" lon="18.574598"><ele>270.4</ele></trkpt>
      <trkpt lat="50.143222" lon="18.574587"><ele>270.6</ele></trkpt>
      <trkpt lat="50.143253" lon="18.574572"><ele>270.8</ele></trkpt>
      <trkpt lat="50.143282" lon="18.57456"><ele>271.0</ele></trkpt>
      <trkpt lat="50.143312" lon="18.574545"><ele>271.2</ele></trkpt>
      <trkpt lat="50.14334" lon="18.57453"><ele>271.4</ele></trkpt>
      <trkpt lat="50.143372" lon="18.574517"><ele>271.4</ele></trkpt>
      <trkpt lat="50.143395" lon="18.5745"><ele>271.6</ele></trkpt>
      <trkpt lat="50.143417" lon="18.57449"><ele>271.6</ele></trkpt>
      <trkpt lat="50.14344" lon="18.574485"><ele>272.0</ele></trkpt>
      <trkpt lat="50.143465" lon="18.574477"><ele>272.0</ele></trkpt>
      <trkpt lat="50.143497" lon="18.574463"><ele>272.2</ele></trkpt>
      <trkpt lat="50.143525" lon="18.57445"><ele>272.4</ele></trkpt>
      <trkpt lat="50.143558" lon="18.57444"><ele>272.4</ele></trkpt>
      <trkpt lat="50.143583" lon="18.57443"><ele>272.6</ele></trkpt>
      <trkpt lat="50.143618" lon="18.574415"><ele>272.8</ele></trkpt>
      <trkpt lat="50.143643" lon="18.574397"><ele>273.0</ele></trkpt>
      <trkpt lat="50.143677" lon="18.57438"><ele>273.0</ele></trkpt>
      <trkpt lat="50.143698" lon="18.574365"><ele>273.0</ele></trkpt>
      <trkpt lat="50.143723" lon="18.574347"><ele>273.2</ele></trkpt>
      <trkpt lat="50.143753" lon="18.574327"><ele>273.2</ele></trkpt>
      <trkpt lat="50.143782" lon="18.574313"><ele>273.2</ele></trkpt>
      <trkpt lat="50.143807" lon="18.5743"><ele>273.2</ele></trkpt>
      <trkpt lat="50.14383" lon="18.574287"><ele>273.2</ele></trkpt>
      <trkpt lat="50.143848" lon="18.574278"><ele>273.2</ele></trkpt>
      <trkpt lat="50.143875" lon="18.574272"><ele>273.2</ele></trkpt>
      <trkpt lat="50.143893" lon="18.574263"><ele>273.2</ele></trkpt>
      <trkpt lat="50.143913" lon="18.574253"><ele>273.2</ele></trkpt>
      <trkpt lat="50.143938" lon="18.574243"><ele>273.0</ele></trkpt>
      <trkpt lat="50.143967" lon="18.574232"><ele>273.0</ele></trkpt>
      <trkpt lat="50.143993" lon="18.574222"><ele>272.8</ele></trkpt>
      <trkpt lat="50.144022" lon="18.574208"><ele>272.8</ele></trkpt>
      <trkpt lat="50.144057" lon="18.574192"><ele>272.6</ele></trkpt>
      <trkpt lat="50.144085" lon="18.574175"><ele>272.4</ele></trkpt>
      <trkpt lat="50.144108" lon="18.574168"><ele>272.2</ele></trkpt>
      <trkpt lat="50.14413" lon="18.574155"><ele>271.8</ele></trkpt>
      <trkpt lat="50.144157" lon="18.57414"><ele>271.4</ele></trkpt>
      <trkpt lat="50.144195" lon="18.574115"><ele>270.8</ele></trkpt>
      <trkpt lat="50.144217" lon="18.574103"><ele>270.6</ele></trkpt>
      <trkpt lat="50.14424" lon="18.574088"><ele>270.4</ele></trkpt>
      <trkpt lat="50.144272" lon="18.57407"><ele>270.2</ele></trkpt>
      <trkpt lat="50.144307" lon="18.574048"><ele>270.0</ele></trkpt>
      <trkpt lat="50.144345" lon="18.574033"><ele>269.8</ele></trkpt>
      <trkpt lat="50.144383" lon="18.574022"><ele>269.6</ele></trkpt>
      <trkpt lat="50.144408" lon="18.57401"><ele>269.4</ele></trkpt>
      <trkpt lat="50.144428" lon="18.574003"><ele>269.0</ele></trkpt>
      <trkpt lat="50.144453" lon="18.573993"><ele>268.6</ele></trkpt>
      <trkpt lat="50.144482" lon="18.573985"><ele>268.0</ele></trkpt>
      <trkpt lat="50.144505" lon="18.573978"><ele>267.2</ele></trkpt>
      <trkpt lat="50.144523" lon="18.57397"><ele>267.0</ele></trkpt>
      <trkpt lat="50.144553" lon="18.573962"><ele>267.0</ele></trkpt>
      <trkpt lat="50.144582" lon="18.573957"><ele>266.8</ele></trkpt>
      <trkpt lat="50.14461" lon="18.57395"><ele>266.8</ele></trkpt>
      <trkpt lat="50.144642" lon="18.573942"><ele>266.6</ele></trkpt>
      <trkpt lat="50.144675" lon="18.57393"><ele>266.6</ele></trkpt>
      <trkpt lat="50.144717" lon="18.573915"><ele>266.6</ele></trkpt>
      <trkpt lat="50.144752" lon="18.573902"><ele>266.6</ele></trkpt>
      <trkpt lat="50.14479" lon="18.573887"><ele>266.6</ele></trkpt>
      <trkpt lat="50.144825" lon="18.573877"><ele>266.6</ele></trkpt>
      <trkpt lat="50.14486" lon="18.573863"><ele>266.6</ele></trkpt>
      <trkpt lat="50.144892" lon="18.573842"><ele>266.6</ele></trkpt>
      <trkpt lat="50.14493" lon="18.573823"><ele>266.6</ele></trkpt>
      <trkpt lat="50.144965" lon="18.573807"><ele>266.6</ele></trkpt>
      <trkpt lat="50.144995" lon="18.573788"><ele>266.6</ele></trkpt>
      <trkpt lat="50.14503" lon="18.573773"><ele>266.6</ele></trkpt>
      <trkpt lat="50.145058" lon="18.573757"><ele>266.6</ele></trkpt>
      <trkpt lat="50.145087" lon="18.573743"><ele>266.6</ele></trkpt>
      <trkpt lat="50.145125" lon="18.573732"><ele>266.6</ele></trkpt>
      <trkpt lat="50.145167" lon="18.573718"><ele>266.6</ele></trkpt>
      <trkpt lat="50.145205" lon="18.573698"><ele>266.6</ele></trkpt>
      <trkpt lat="50.14524" lon="18.573685"><ele>266.4</ele></trkpt>
      <trkpt lat="50.14528" lon="18.573667"><ele>266.4</ele></trkpt>
      <trkpt lat="50.145312" lon="18.573645"><ele>266.4</ele></trkpt>
      <trkpt lat="50.145347" lon="18.573627"><ele>266.4</ele></trkpt>
      <trkpt lat="50.145378" lon="18.573615"><ele>266.4</ele></trkpt>
      <trkpt lat="50.14541" lon="18.573603"><ele>266.2</ele></trkpt>
      <trkpt lat="50.14544" lon="18.573593"><ele>266.2</ele></trkpt>
      <trkpt lat="50.145472" lon="18.573573"><ele>266.2</ele></trkpt>
      <trkpt lat="50.145503" lon="18.57355"><ele>266.2</ele></trkpt>
      <trkpt lat="50.145538" lon="18.573525"><ele>266.0</ele></trkpt>
      <trkpt lat="50.145567" lon="18.573507"><ele>266.0</ele></trkpt>
      <trkpt lat="50.145602" lon="18.573495"><ele>265.8</ele></trkpt>
      <trkpt lat="50.145638" lon="18.573487"><ele>265.8</ele></trkpt>
      <trkpt lat="50.145667" lon="18.573478"><ele>265.6</ele></trkpt>
      <trkpt lat="50.145702" lon="18.573468"><ele>265.6</ele></trkpt>
      <trkpt lat="50.145737" lon="18.573463"><ele>265.4</ele></trkpt>
      <trkpt lat="50.145768" lon="18.573455"><ele>265.4</ele></trkpt>
      <trkpt lat="50.145803" lon="18.57345"><ele>265.4</ele></trkpt>
      <trkpt lat="50.145842" lon="18.57344"><ele>265.4</ele></trkpt>
      <trkpt lat="50.14588" lon="18.57342"><ele>265.4</ele></trkpt>
      <trkpt lat="50.145918" lon="18.573407"><ele>265.4</ele></trkpt>
      <trkpt lat="50.145958" lon="18.573402"><ele>265.4</ele></trkpt>
      <trkpt lat="50.145987" lon="18.573398"><ele>265.4</ele></trkpt>
      <trkpt lat="50.146018" lon="18.57339"><ele>265.4</ele></trkpt>
      <trkpt lat="50.146053" lon="18.573375"><ele>265.4</ele></trkpt>
      <trkpt lat="50.146082" lon="18.57336"><ele>265.4</ele></trkpt>
      <trkpt lat="50.146118" lon="18.573345"><ele>265.4</ele></trkpt>
      <trkpt lat="50.146147" lon="18.573335"><ele>265.6</ele></trkpt>
      <trkpt lat="50.146178" lon="18.573323"><ele>265.6</ele></trkpt>
      <trkpt lat="50.146213" lon="18.57331"><ele>265.6</ele></trkpt>
      <trkpt lat="50.14624" lon="18.573298"><ele>265.8</ele></trkpt>
      <trkpt lat="50.146272" lon="18.573288"><ele>265.8</ele></trkpt>
      <trkpt lat="50.1463" lon="18.573277"><ele>266.0</ele></trkpt>
      <trkpt lat="50.146332" lon="18.573262"><ele>266.0</ele></trkpt>
      <trkpt lat="50.146355" lon="18.57325"><ele>266.2</ele></trkpt>
      <trkpt lat="50.146377" lon="18.57324"><ele>266.2</ele></trkpt>
      <trkpt lat="50.1464" lon="18.57323"><ele>266.4</ele></trkpt>
      <trkpt lat="50.146422" lon="18.57322"><ele>266.6</ele></trkpt>
      <trkpt lat="50.146443" lon="18.573217"><ele>266.8</ele></trkpt>
      <trkpt lat="50.14647" lon="18.573207"><ele>267.0</ele></trkpt>
      <trkpt lat="50.146495" lon="18.573195"><ele>267.2</ele></trkpt>
      <trkpt lat="50.146518" lon="18.573182"><ele>267.4</ele></trkpt>
      <trkpt lat="50.146553" lon="18.573165"><ele>267.6</ele></trkpt>
      <trkpt lat="50.146582" lon="18.573147"><ele>267.8</ele></trkpt>
      <trkpt lat="50.14661" lon="18.573127"><ele>268.0</ele></trkpt>
      <trkpt lat="50.14664" lon="18.573113"><ele>268.2</ele></trkpt>
      <trkpt lat="50.146672" lon="18.573098"><ele>268.4</ele></trkpt>
      <trkpt lat="50.146697" lon="18.57308"><ele>268.6</ele></trkpt>
      <trkpt lat="50.14672" lon="18.573068"><ele>268.8</ele></trkpt>
      <trkpt lat="50.146752" lon="18.573047"><ele>269.0</ele></trkpt>
      <trkpt lat="50.14678" lon="18.57303"><ele>269.2</ele></trkpt>
      <trkpt lat="50.146812" lon="18.573012"><ele>269.4</ele></trkpt>
      <trkpt lat="50.146847" lon="18.573"><ele>269.6</ele></trkpt>
      <trkpt lat="50.146873" lon="18.572992"><ele>269.8</ele></trkpt>
      <trkpt lat="50.146898" lon="18.57298"><ele>270.0</ele></trkpt>
      <trkpt lat="50.146927" lon="18.572967"><ele>270.2</ele></trkpt>
      <trkpt lat="50.146953" lon="18.572952"><ele>270.4</ele></trkpt>
      <trkpt lat="50.146992" lon="18.572937"><ele>270.6</ele></trkpt>
      <trkpt lat="50.14702" lon="18.572918"><ele>270.8</ele></trkpt>
      <trkpt lat="50.147052" lon="18.572898"><ele>271.2</ele></trkpt>
      <trkpt lat="50.147078" lon="18.572878"><ele>271.2</ele></trkpt>
      <trkpt lat="50.147097" lon="18.572858"><ele>271.6</ele></trkpt>
      <trkpt lat="50.14712" lon="18.572848"><ele>271.6</ele></trkpt>
      <trkpt lat="50.147138" lon="18.572838"><ele>272.0</ele></trkpt>
      <trkpt lat="50.147163" lon="18.572828"><ele>272.2</ele></trkpt>
      <trkpt lat="50.147187" lon="18.57282"><ele>272.2</ele></trkpt>
      <trkpt lat="50.147208" lon="18.572813"><ele>272.4</ele></trkpt>
      <trkpt lat="50.147235" lon="18.572812"><ele>272.8</ele></trkpt>
      <trkpt lat="50.147267" lon="18.57281"><ele>273.0</ele></trkpt>
      <trkpt lat="50.147292" lon="18.572803"><ele>273.0</ele></trkpt>
      <trkpt lat="50.147318" lon="18.5728"><ele>273.2</ele></trkpt>
      <trkpt lat="50.147353" lon="18.572792"><ele>273.4</ele></trkpt>
      <trkpt lat="50.147385" lon="18.572782"><ele>273.6</ele></trkpt>
      <trkpt lat="50.14741" lon="18.572768"><ele>273.8</ele></trkpt>
      <trkpt lat="50.147442" lon="18.572755"><ele>274.0</ele></trkpt>
      <trkpt lat="50.147468" lon="18.572743"><ele>274.0</ele></trkpt>
      <trkpt lat="50.147493" lon="18.57273"><ele>274.2</ele></trkpt>
      <trkpt lat="50.147522" lon="18.57272"><ele>274.4</ele></trkpt>
      <trkpt lat="50.147545" lon="18.572705"><ele>274.6</ele></trkpt>
      <trkpt lat="50.14757" lon="18.572685"><ele>274.8</ele></trkpt>
      <trkpt lat="50.147597" lon="18.57267"><ele>274.8</ele></trkpt>
      <trkpt lat="50.147632" lon="18.572653"><ele>274.8</ele></trkpt>
      <trkpt lat="50.147663" lon="18.572642"><ele>275.0</ele></trkpt>
      <trkpt lat="50.147688" lon="18.572632"><ele>275.2</ele></trkpt>
      <trkpt lat="50.147715" lon="18.57262"><ele>275.2</ele></trkpt>
      <trkpt lat="50.14774" lon="18.572608"><ele>275.4</ele></trkpt>
      <trkpt lat="50.14776" lon="18.572597"><ele>275.4</ele></trkpt>
      <trkpt lat="50.147782" lon="18.572587"><ele>275.6</ele></trkpt>
      <trkpt lat="50.1478" lon="18.57258"><ele>275.8</ele></trkpt>
      <trkpt lat="50.14782" lon="18.57257"><ele>275.8</ele></trkpt>
      <trkpt lat="50.14784" lon="18.572552"><ele>276.0</ele></trkpt>
      <trkpt lat="50.147862" lon="18.572537"><ele>276.2</ele></trkpt>
      <trkpt lat="50.147887" lon="18.572525"><ele>276.2</ele></trkpt>
      <trkpt lat="50.14791" lon="18.572515"><ele>276.4</ele></trkpt>
      <trkpt lat="50.147942" lon="18.572503"><ele>276.4</ele></trkpt>
      <trkpt lat="50.147967" lon="18.572492"><ele>276.6</ele></trkpt>
      <trkpt lat="50.14799" lon="18.57248"><ele>276.8</ele></trkpt>
      <trkpt lat="50.148012" lon="18.572465"><ele>277.0</ele></trkpt>
      <trkpt lat="50.148032" lon="18.572455"><ele>277.0</ele></trkpt>
      <trkpt lat="50.148057" lon="18.57245"><ele>277.2</ele></trkpt>
      <trkpt lat="50.14808" lon="18.572443"><ele>277.4</ele></trkpt>
      <trkpt lat="50.148102" lon="18.572435"><ele>277.4</ele></trkpt>
      <trkpt lat="50.148127" lon="18.572422"><ele>277.6</ele></trkpt>
      <trkpt lat="50.14815" lon="18.572407"><ele>277.6</ele></trkpt>
      <trkpt lat="50.148172" lon="18.572395"><ele>277.8</ele></trkpt>
      <trkpt lat="50.148198" lon="18.572385"><ele>277.8</ele></trkpt>
      <trkpt lat="50.14822" lon="18.572373"><ele>278.0</ele></trkpt>
      <trkpt lat="50.148242" lon="18.572367"><ele>278.0</ele></trkpt>
      <trkpt lat="50.148265" lon="18.572358"><ele>278.2</ele></trkpt>
      <trkpt lat="50.148287" lon="18.572348"><ele>278.2</ele></trkpt>
      <trkpt lat="50.148317" lon="18.572343"><ele>278.4</ele></trkpt>
      <trkpt lat="50.148345" lon="18.572333"><ele>278.4</ele></trkpt>
      <trkpt lat="50.148367" lon="18.57232"><ele>278.6</ele></trkpt>
      <trkpt lat="50.14839" lon="18.572307"><ele>278.6</ele></trkpt>
      <trkpt lat="50.148415" lon="18.572293"><ele>278.6</ele></trkpt>
      <trkpt lat="50.148435" lon="18.572278"><ele>278.6</ele></trkpt>
      <trkpt lat="50.148457" lon="18.572262"><ele>278.6</ele></trkpt>
      <trkpt lat="50.148477" lon="18.572245"><ele>278.6</ele></trkpt>
      <trkpt lat="50.148498" lon="18.572237"><ele>278.6</ele></trkpt>
      <trkpt lat="50.148518" lon="18.572227"><ele>278.6</ele></trkpt>
      <trkpt lat="50.148537" lon="18.572215"><ele>278.6</ele></trkpt>
      <trkpt lat="50.148557" lon="18.572205"><ele>278.6</ele></trkpt>
      <trkpt lat="50.148595" lon="18.572193"><ele>278.6</ele></trkpt>
      <trkpt lat="50.148617" lon="18.572187"><ele>278.6</ele></trkpt>
      <trkpt lat="50.14864" lon="18.572183"><ele>278.6</ele></trkpt>
      <trkpt lat="50.148658" lon="18.572175"><ele>278.8</ele></trkpt>
      <trkpt lat="50.14868" lon="18.572167"><ele>278.8</ele></trkpt>
      <trkpt lat="50.148707" lon="18.572158"><ele>278.8</ele></trkpt>
      <trkpt lat="50.148732" lon="18.572147"><ele>278.8</ele></trkpt>
      <trkpt lat="50.148758" lon="18.572137"><ele>278.8</ele></trkpt>
      <trkpt lat="50.148787" lon="18.572132"><ele>278.8</ele></trkpt>
      <trkpt lat="50.148818" lon="18.572122"><ele>278.8</ele></trkpt>
      <trkpt lat="50.148843" lon="18.572113"><ele>278.8</ele></trkpt>
      <trkpt lat="50.148877" lon="18.5721"><ele>278.8</ele></trkpt>
      <trkpt lat="50.148902" lon="18.572083"><ele>278.8</ele></trkpt>
      <trkpt lat="50.148927" lon="18.572068"><ele>278.8</ele></trkpt>
      <trkpt lat="50.148953" lon="18.572053"><ele>278.8</ele></trkpt>
      <trkpt lat="50.148978" lon="18.572037"><ele>279.0</ele></trkpt>
      <trkpt lat="50.149003" lon="18.572025"><ele>279.0</ele></trkpt>
      <trkpt lat="50.149027" lon="18.572015"><ele>279.0</ele></trkpt>
      <trkpt lat="50.149055" lon="18.572002"><ele>279.2</ele></trkpt>
      <trkpt lat="50.14908" lon="18.57199"><ele>279.2</ele></trkpt>
      <trkpt lat="50.14911" lon="18.571975"><ele>279.2</ele></trkpt>
      <trkpt lat="50.149135" lon="18.571963"><ele>279.2</ele></trkpt>
      <trkpt lat="50.14916" lon="18.571955"><ele>279.4</ele></trkpt>
      <trkpt lat="50.149193" lon="18.571943"><ele>279.4</ele></trkpt>
      <trkpt lat="50.149222" lon="18.571928"><ele>279.4</ele></trkpt>
      <trkpt lat="50.149253" lon="18.571917"><ele>279.6</ele></trkpt>
      <trkpt lat="50.149277" lon="18.571905"><ele>279.6</ele></trkpt>
      <trkpt lat="50.149298" lon="18.57189"><ele>279.6</ele></trkpt>
      <trkpt lat="50.14932" lon="18.571878"><ele>279.8</ele></trkpt>
      <trkpt lat="50.14935" lon="18.57186"><ele>279.8</ele></trkpt>
      <trkpt lat="50.149382" lon="18.571845"><ele>280.0</ele></trkpt>
      <trkpt lat="50.14941" lon="18.571828"><ele>280.0</ele></trkpt>
      <trkpt lat="50.149442" lon="18.57181"><ele>280.2</ele></trkpt>
      <trkpt lat="50.149472" lon="18.571797"><ele>280.2</ele></trkpt>
      <trkpt lat="50.1495" lon="18.571788"><ele>280.4</ele></trkpt>
      <trkpt lat="50.149528" lon="18.571772"><ele>280.4</ele></trkpt>
      <trkpt lat="50.149555" lon="18.57176"><ele>280.4</ele></trkpt>
      <trkpt lat="50.14958" lon="18.571752"><ele>280.6</ele></trkpt>
      <trkpt lat="50.149602" lon="18.571745"><ele>280.6</ele></trkpt>
      <trkpt lat="50.149628" lon="18.571735"><ele>280.8</ele></trkpt>
      <trkpt lat="50.14965" lon="18.571725"><ele>280.8</ele></trkpt>
      <trkpt lat="50.149677" lon="18.571715"><ele>280.8</ele></trkpt>
      <trkpt lat="50.149712" lon="18.571705"><ele>280.8</ele></trkpt>
      <trkpt lat="50.14975" lon="18.571688"><ele>281.0</ele></trkpt>
      <trkpt lat="50.149778" lon="18.57168"><ele>281.0</ele></trkpt>
      <trkpt lat="50.149813" lon="18.57166"><ele>281.0</ele></trkpt>
      <trkpt lat="50.149855" lon="18.571647"><ele>280.8</ele></trkpt>
      <trkpt lat="50.149897" lon="18.571632"><ele>280.6</ele></trkpt>
      <trkpt lat="50.149932" lon="18.571615"><ele>280.6</ele></trkpt>
      <trkpt lat="50.149967" lon="18.571602"><ele>280.4</ele></trkpt>
      <trkpt lat="50.15" lon="18.571593"><ele>280.2</ele></trkpt>
      <trkpt lat="50.150038" lon="18.571588"><ele>280.0</ele></trkpt>
      <trkpt lat="50.150073" lon="18.571588"><ele>279.6</ele></trkpt>
      <trkpt lat="50.150112" lon="18.57158"><ele>279.4</ele></trkpt>
      <trkpt lat="50.150153" lon="18.571567"><ele>279.2</ele></trkpt>
      <trkpt lat="50.150188" lon="18.571542"><ele>279.0</ele></trkpt>
      <trkpt lat="50.150223" lon="18.571522"><ele>278.8</ele></trkpt>
      <trkpt lat="50.150262" lon="18.571502"><ele>278.6</ele></trkpt>
      <trkpt lat="50.15029" lon="18.571482"><ele>278.4</ele></trkpt>
      <trkpt lat="50.150322" lon="18.571463"><ele>278.0</ele></trkpt>
      <trkpt lat="50.150348" lon="18.571447"><ele>277.8</ele></trkpt>
      <trkpt lat="50.150387" lon="18.571435"><ele>277.6</ele></trkpt>
      <trkpt lat="50.150422" lon="18.571422"><ele>277.2</ele></trkpt>
      <trkpt lat="50.15045" lon="18.571408"><ele>277.0</ele></trkpt>
      <trkpt lat="50.150488" lon="18.571393"><ele>276.8</ele></trkpt>
      <trkpt lat="50.15053" lon="18.571382"><ele>276.6</ele></trkpt>
      <trkpt lat="50.150568" lon="18.571367"><ele>276.2</ele></trkpt>
      <trkpt lat="50.150607" lon="18.571348"><ele>276.2</ele></trkpt>
      <trkpt lat="50.150645" lon="18.571327"><ele>276.0</ele></trkpt>
      <trkpt lat="50.150687" lon="18.571302"><ele>275.6</ele></trkpt>
      <trkpt lat="50.150728" lon="18.57128"><ele>275.4</ele></trkpt>
      <trkpt lat="50.150767" lon="18.571258"><ele>275.2</ele></trkpt>
      <trkpt lat="50.150805" lon="18.571237"><ele>275.0</ele></trkpt>
      <trkpt lat="50.150843" lon="18.57122"><ele>274.8</ele></trkpt>
      <trkpt lat="50.150882" lon="18.5712"><ele>274.8</ele></trkpt>
      <trkpt lat="50.150912" lon="18.57118"><ele>274.6</ele></trkpt>
      <trkpt lat="50.15095" lon="18.571157"><ele>274.4</ele></trkpt>
      <trkpt lat="50.150982" lon="18.57114"><ele>274.4</ele></trkpt>
      <trkpt lat="50.15102" lon="18.571123"><ele>274.2</ele></trkpt>
      <trkpt lat="50.151052" lon="18.571107"><ele>274.0</ele></trkpt>
      <trkpt lat="50.151083" lon="18.571092"><ele>274.0</ele></trkpt>
      <trkpt lat="50.151122" lon="18.57108"><ele>273.8</ele></trkpt>
      <trkpt lat="50.151167" lon="18.57107"><ele>273.6</ele></trkpt>
      <trkpt lat="50.151215" lon="18.571052"><ele>273.4</ele></trkpt>
      <trkpt lat="50.151257" lon="18.571038"><ele>273.2</ele></trkpt>
      <trkpt lat="50.151302" lon="18.571015"><ele>273.2</ele></trkpt>
      <trkpt lat="50.151343" lon="18.570992"><ele>273.0</ele></trkpt>
      <trkpt lat="50.151382" lon="18.570965"><ele>272.8</ele></trkpt>
      <trkpt lat="50.151417" lon="18.570943"><ele>272.6</ele></trkpt>
      <trkpt lat="50.151448" lon="18.57092"><ele>272.6</ele></trkpt>
      <trkpt lat="50.151483" lon="18.570903"><ele>272.4</ele></trkpt>
      <trkpt lat="50.151518" lon="18.570887"><ele>272.2</ele></trkpt>
      <trkpt lat="50.151548" lon="18.570875"><ele>272.2</ele></trkpt>
      <trkpt lat="50.15158" lon="18.570867"><ele>272.0</ele></trkpt>
      <trkpt lat="50.151605" lon="18.570858"><ele>272.0</ele></trkpt>
      <trkpt lat="50.151635" lon="18.570847"><ele>271.8</ele></trkpt>
      <trkpt lat="50.151657" lon="18.570832"><ele>271.8</ele></trkpt>
      <trkpt lat="50.15168" lon="18.570817"><ele>271.6</ele></trkpt>
      <trkpt lat="50.151702" lon="18.5708"><ele>271.6</ele></trkpt>
      <trkpt lat="50.151723" lon="18.570778"><ele>271.6</ele></trkpt>
      <trkpt lat="50.151747" lon="18.57076"><ele>271.6</ele></trkpt>
      <trkpt lat="50.151772" lon="18.570747"><ele>271.6</ele></trkpt>
      <trkpt lat="50.151798" lon="18.570747"><ele>271.6</ele></trkpt>
      <trkpt lat="50.15182" lon="18.570755"><ele>271.6</ele></trkpt>
      <trkpt lat="50.15184" lon="18.570757"><ele>271.6</ele></trkpt>
      <trkpt lat="50.151862" lon="18.57075"><ele>271.6</ele></trkpt>
      <trkpt lat="50.15189" lon="18.570742"><ele>271.6</ele></trkpt>
      <trkpt lat="50.151917" lon="18.570733"><ele>271.6</ele></trkpt>
      <trkpt lat="50.151942" lon="18.570723"><ele>271.6</ele></trkpt>
      <trkpt lat="50.15197" lon="18.570718"><ele>271.8</ele></trkpt>
      <trkpt lat="50.15199" lon="18.570708"><ele>271.8</ele></trkpt>
      <trkpt lat="50.152015" lon="18.5707"><ele>271.8</ele></trkpt>
      <trkpt lat="50.15204" lon="18.570695"><ele>272.0</ele></trkpt>
      <trkpt lat="50.152073" lon="18.570685"><ele>272.0</ele></trkpt>
      <trkpt lat="50.152102" lon="18.570668"><ele>272.2</ele></trkpt>
      <trkpt lat="50.15213" lon="18.57066"><ele>272.2</ele></trkpt>
      <trkpt lat="50.152168" lon="18.570652"><ele>272.2</ele></trkpt>
      <trkpt lat="50.152207" lon="18.570635"><ele>272.4</ele></trkpt>
      <trkpt lat="50.152252" lon="18.570615"><ele>272.4</ele></trkpt>
      <trkpt lat="50.152293" lon="18.5706"><ele>272.6</ele></trkpt>
      <trkpt lat="50.152335" lon="18.570587"><ele>272.6</ele></trkpt>
      <trkpt lat="50.152373" lon="18.57057"><ele>272.8</ele></trkpt>
      <trkpt lat="50.152412" lon="18.570557"><ele>272.8</ele></trkpt>
      <trkpt lat="50.152457" lon="18.570537"><ele>272.8</ele></trkpt>
      <trkpt lat="50.152488" lon="18.570515"><ele>272.8</ele></trkpt>
      <trkpt lat="50.15252" lon="18.570497"><ele>272.8</ele></trkpt>
      <trkpt lat="50.152557" lon="18.570483"><ele>272.8</ele></trkpt>
      <trkpt lat="50.152592" lon="18.570467"><ele>272.8</ele></trkpt>
      <trkpt lat="50.152617" lon="18.570443"><ele>273.0</ele></trkpt>
      <trkpt lat="50.152648" lon="18.570428"><ele>273.0</ele></trkpt>
      <trkpt lat="50.152683" lon="18.57041"><ele>273.0</ele></trkpt>
      <trkpt lat="50.152713" lon="18.570398"><ele>273.0</ele></trkpt>
      <trkpt lat="50.152738" lon="18.570385"><ele>273.0</ele></trkpt>
      <trkpt lat="50.152773" lon="18.570375"><ele>273.0</ele></trkpt>
      <trkpt lat="50.1528" lon="18.57036"><ele>273.0</ele></trkpt>
      <trkpt lat="50.152832" lon="18.57035"><ele>273.0</ele></trkpt>
      <trkpt lat="50.152857" lon="18.570332"><ele>273.0</ele></trkpt>
      <trkpt lat="50.152895" lon="18.570317"><ele>273.0</ele></trkpt>
      <trkpt lat="50.15293" lon="18.570298"><ele>273.0</ele></trkpt>
      <trkpt lat="50.152968" lon="18.570278"><ele>273.0</ele></trkpt>
      <trkpt lat="50.15301" lon="18.570258"><ele>273.2</ele></trkpt>
      <trkpt lat="50.153045" lon="18.570233"><ele>273.0</ele></trkpt>
      <trkpt lat="50.153078" lon="18.570217"><ele>273.0</ele></trkpt>
      <trkpt lat="50.153103" lon="18.5702"><ele>273.0</ele></trkpt>
      <trkpt lat="50.153125" lon="18.570187"><ele>273.0</ele></trkpt>
      <trkpt lat="50.15316" lon="18.57017"><ele>272.8</ele></trkpt>
      <trkpt lat="50.153187" lon="18.570165"><ele>272.8</ele></trkpt>
      <trkpt lat="50.153208" lon="18.570162"><ele>272.8</ele></trkpt>
      <trkpt lat="50.153232" lon="18.57016"><ele>272.6</ele></trkpt>
      <trkpt lat="50.153277" lon="18.570152"><ele>272.6</ele></trkpt>
      <trkpt lat="50.153302" lon="18.570148"><ele>272.6</ele></trkpt>
      <trkpt lat="50.15333" lon="18.570138"><ele>272.6</ele></trkpt>
      <trkpt lat="50.153362" lon="18.570127"><ele>272.6</ele></trkpt>
      <trkpt lat="50.153392" lon="18.570118"><ele>272.6</ele></trkpt>
      <trkpt lat="50.153423" lon="18.570107"><ele>272.8</ele></trkpt>
      <trkpt lat="50.153452" lon="18.570093"><ele>272.8</ele></trkpt>
      <trkpt lat="50.153483" lon="18.570082"><ele>273.0</ele></trkpt>
      <trkpt lat="50.153513" lon="18.570073"><ele>273.0</ele></trkpt>
      <trkpt lat="50.153545" lon="18.570062"><ele>273.2</ele></trkpt>
      <trkpt lat="50.153573" lon="18.570047"><ele>273.2</ele></trkpt>
      <trkpt lat="50.153602" lon="18.570025"><ele>273.2</ele></trkpt>
      <trkpt lat="50.15364" lon="18.570012"><ele>273.2</ele></trkpt>
      <trkpt lat="50.153673" lon="18.569998"><ele>273.4</ele></trkpt>
      <trkpt lat="50.153712" lon="18.569982"><ele>273.4</ele></trkpt>
      <trkpt lat="50.153747" lon="18.569968"><ele>273.4</ele></trkpt>
      <trkpt lat="50.153782" lon="18.569953"><ele>273.6</ele></trkpt>
      <trkpt lat="50.15381" lon="18.569933"><ele>273.6</ele></trkpt>
      <trkpt lat="50.153845" lon="18.56992"><ele>273.6</ele></trkpt>
      <trkpt lat="50.153878" lon="18.569913"><ele>273.6</ele></trkpt>
      <trkpt lat="50.153907" lon="18.569903"><ele>273.8</ele></trkpt>
      <trkpt lat="50.153935" lon="18.569893"><ele>273.8</ele></trkpt>
      <trkpt lat="50.15396" lon="18.569882"><ele>274.0</ele></trkpt>
      <trkpt lat="50.154015" lon="18.569853"><ele>274.0</ele></trkpt>
      <trkpt lat="50.154043" lon="18.569835"><ele>274.2</ele></trkpt>
      <trkpt lat="50.154067" lon="18.569815"><ele>274.2</ele></trkpt>
      <trkpt lat="50.154095" lon="18.5698"><ele>274.2</ele></trkpt>
      <trkpt lat="50.154123" lon="18.569782"><ele>274.4</ele></trkpt>
      <trkpt lat="50.15416" lon="18.569772"><ele>274.4</ele></trkpt>
      <trkpt lat="50.154188" lon="18.56976"><ele>274.4</ele></trkpt>
      <trkpt lat="50.15422" lon="18.569743"><ele>274.4</ele></trkpt>
      <trkpt lat="50.154248" lon="18.569722"><ele>274.4</ele></trkpt>
      <trkpt lat="50.15428" lon="18.569705"><ele>274.4</ele></trkpt>
      <trkpt lat="50.154317" lon="18.569693"><ele>274.2</ele></trkpt>
      <trkpt lat="50.154338" lon="18.56968"><ele>274.2</ele></trkpt>
      <trkpt lat="50.15436" lon="18.569675"><ele>274.0</ele></trkpt>
      <trkpt lat="50.154393" lon="18.569665"><ele>274.0</ele></trkpt>
      <trkpt lat="50.154422" lon="18.56965"><ele>273.8</ele></trkpt>
      <trkpt lat="50.154457" lon="18.569627"><ele>273.8</ele></trkpt>
      <trkpt lat="50.154492" lon="18.569612"><ele>273.6</ele></trkpt>
      <trkpt lat="50.154518" lon="18.5696"><ele>273.6</ele></trkpt>
      <trkpt lat="50.154543" lon="18.569583"><ele>273.4</ele></trkpt>
      <trkpt lat="50.154572" lon="18.569565"><ele>273.4</ele></trkpt>
      <trkpt lat="50.154595" lon="18.569545"><ele>273.2</ele></trkpt>
      <trkpt lat="50.15462" lon="18.56953"><ele>273.2</ele></trkpt>
      <trkpt lat="50.154642" lon="18.569503"><ele>273.2</ele></trkpt>
      <trkpt lat="50.154672" lon="18.569483"><ele>273.2</ele></trkpt>
      <trkpt lat="50.154693" lon="18.569467"><ele>273.0</ele></trkpt>
      <trkpt lat="50.154722" lon="18.569455"><ele>273.0</ele></trkpt>
      <trkpt lat="50.154745" lon="18.569443"><ele>273.0</ele></trkpt>
      <trkpt lat="50.154802" lon="18.569413"><ele>272.8</ele></trkpt>
      <trkpt lat="50.154838" lon="18.569403"><ele>272.8</ele></trkpt>
      <trkpt lat="50.15487" lon="18.569393"><ele>272.6</ele></trkpt>
      <trkpt lat="50.154898" lon="18.569387"><ele>272.4</ele></trkpt>
      <trkpt lat="50.15494" lon="18.569373"><ele>272.4</ele></trkpt>
      <trkpt lat="50.154982" lon="18.569355"><ele>272.2</ele></trkpt>
      <trkpt lat="50.155037" lon="18.569338"><ele>272.0</ele></trkpt>
      <trkpt lat="50.155078" lon="18.569323"><ele>271.8</ele></trkpt>
      <trkpt lat="50.155113" lon="18.569315"><ele>271.6</ele></trkpt>
      <trkpt lat="50.155177" lon="18.569283"><ele>271.6</ele></trkpt>
      <trkpt lat="50.155208" lon="18.569273"><ele>271.4</ele></trkpt>
      <trkpt lat="50.155247" lon="18.56926"><ele>271.4</ele></trkpt>
      <trkpt lat="50.155285" lon="18.569253"><ele>271.4</ele></trkpt>
      <trkpt lat="50.155312" lon="18.569248"><ele>271.4</ele></trkpt>
      <trkpt lat="50.155337" lon="18.569245"><ele>271.4</ele></trkpt>
      <trkpt lat="50.155368" lon="18.569242"><ele>271.4</ele></trkpt>
      <trkpt lat="50.155395" lon="18.569237"><ele>271.4</ele></trkpt>
      <trkpt lat="50.155427" lon="18.569225"><ele>271.4</ele></trkpt>
      <trkpt lat="50.155452" lon="18.569205"><ele>271.6</ele></trkpt>
      <trkpt lat="50.155483" lon="18.569195"><ele>271.6</ele></trkpt>
      <trkpt lat="50.15551" lon="18.569185"><ele>271.8</ele></trkpt>
      <trkpt lat="50.155535" lon="18.56917"><ele>271.8</ele></trkpt>
      <trkpt lat="50.155563" lon="18.569157"><ele>272.0</ele></trkpt>
      <trkpt lat="50.15559" lon="18.56914"><ele>272.0</ele></trkpt>
      <trkpt lat="50.155615" lon="18.569125"><ele>272.2</ele></trkpt>
      <trkpt lat="50.155638" lon="18.56912"><ele>272.4</ele></trkpt>
      <trkpt lat="50.155663" lon="18.569108"><ele>272.6</ele></trkpt>
      <trkpt lat="50.155685" lon="18.569097"><ele>272.6</ele></trkpt>
      <trkpt lat="50.155715" lon="18.569087"><ele>272.8</ele></trkpt>
      <trkpt lat="50.155743" lon="18.569078"><ele>273.0</ele></trkpt>
      <trkpt lat="50.155768" lon="18.569068"><ele>273.0</ele></trkpt>
      <trkpt lat="50.155788" lon="18.569057"><ele>273.2</ele></trkpt>
      <trkpt lat="50.15581" lon="18.569045"><ele>273.4</ele></trkpt>
      <trkpt lat="50.155848" lon="18.56902"><ele>273.8</ele></trkpt>
      <trkpt lat="50.155872" lon="18.569005"><ele>274.0</ele></trkpt>
      <trkpt lat="50.15589" lon="18.568992"><ele>274.2</ele></trkpt>
      <trkpt lat="50.155913" lon="18.568982"><ele>274.4</ele></trkpt>
      <trkpt lat="50.155932" lon="18.568968"><ele>274.4</ele></trkpt>
      <trkpt lat="50.155955" lon="18.56896"><ele>274.6</ele></trkpt>
      <trkpt lat="50.155973" lon="18.568955"><ele>274.8</ele></trkpt>
      <trkpt lat="50.155997" lon="18.568947"><ele>275.0</ele></trkpt>
      <trkpt lat="50.156025" lon="18.568938"><ele>275.0</ele></trkpt>
      <trkpt lat="50.15605" lon="18.56893"><ele>275.2</ele></trkpt>
      <trkpt lat="50.156077" lon="18.56892"><ele>275.2</ele></trkpt>
      <trkpt lat="50.156105" lon="18.568908"><ele>275.4</ele></trkpt>
      <trkpt lat="50.156133" lon="18.568898"><ele>275.4</ele></trkpt>
      <trkpt lat="50.156162" lon="18.56889"><ele>275.4</ele></trkpt>
      <trkpt lat="50.156185" lon="18.568885"><ele>275.6</ele></trkpt>
      <trkpt lat="50.156213" lon="18.568872"><ele>275.6</ele></trkpt>
      <trkpt lat="50.156242" lon="18.56886"><ele>275.6</ele></trkpt>
      <trkpt lat="50.156265" lon="18.568848"><ele>275.6</ele></trkpt>
      <trkpt lat="50.15629" lon="18.568837"><ele>275.6</ele></trkpt>
      <trkpt lat="50.15632" lon="18.56882"><ele>275.6</ele></trkpt>
      <trkpt lat="50.156342" lon="18.568805"><ele>275.6</ele></trkpt>
      <trkpt lat="50.15637" lon="18.568793"><ele>275.6</ele></trkpt>
      <trkpt lat="50.1564" lon="18.568788"><ele>275.6</ele></trkpt>
      <trkpt lat="50.156428" lon="18.568777"><ele>275.6</ele></trkpt>
      <trkpt lat="50.15646" lon="18.568762"><ele>275.8</ele></trkpt>
      <trkpt lat="50.156488" lon="18.568752"><ele>275.8</ele></trkpt>
      <trkpt lat="50.15655" lon="18.568733"><ele>275.8</ele></trkpt>
      <trkpt lat="50.156585" lon="18.568723"><ele>276.0</ele></trkpt>
      <trkpt lat="50.15662" lon="18.568712"><ele>276.0</ele></trkpt>
      <trkpt lat="50.156648" lon="18.568697"><ele>276.0</ele></trkpt>
      <trkpt lat="50.15668" lon="18.568683"><ele>276.2</ele></trkpt>
      <trkpt lat="50.15671" lon="18.568672"><ele>276.2</ele></trkpt>
      <trkpt lat="50.156742" lon="18.568653"><ele>276.4</ele></trkpt>
      <trkpt lat="50.156777" lon="18.568638"><ele>276.4</ele></trkpt>
      <trkpt lat="50.156805" lon="18.568627"><ele>276.6</ele></trkpt>
      <trkpt lat="50.156843" lon="18.568612"><ele>276.6</ele></trkpt>
      <trkpt lat="50.156877" lon="18.568598"><ele>276.8</ele></trkpt>
      <trkpt lat="50.156905" lon="18.568588"><ele>276.8</ele></trkpt>
      <trkpt lat="50.15694" lon="18.568573"><ele>277.0</ele></trkpt>
      <trkpt lat="50.156978" lon="18.56856"><ele>277.2</ele></trkpt>
      <trkpt lat="50.157013" lon="18.568543"><ele>277.2</ele></trkpt>
      <trkpt lat="50.157045" lon="18.568528"><ele>277.4</ele></trkpt>
      <trkpt lat="50.157078" lon="18.568518"><ele>277.4</ele></trkpt>
      <trkpt lat="50.157113" lon="18.568508"><ele>277.6</ele></trkpt>
      <trkpt lat="50.157145" lon="18.568495"><ele>277.8</ele></trkpt>
      <trkpt lat="50.15718" lon="18.56848"><ele>277.8</ele></trkpt>
      <trkpt lat="50.157215" lon="18.56847"><ele>277.8</ele></trkpt>
      <trkpt lat="50.157253" lon="18.56845"><ele>278.0</ele></trkpt>
      <trkpt lat="50.157295" lon="18.568423"><ele>278.0</ele></trkpt>
      <trkpt lat="50.157337" lon="18.568403"><ele>278.0</ele></trkpt>
      <trkpt lat="50.157382" lon="18.568387"><ele>278.0</ele></trkpt>
      <trkpt lat="50.157423" lon="18.568368"><ele>277.8</ele></trkpt>
      <trkpt lat="50.157465" lon="18.568343"><ele>277.8</ele></trkpt>
      <trkpt lat="50.15751" lon="18.56832"><ele>277.8</ele></trkpt>
      <trkpt lat="50.157545" lon="18.568302"><ele>277.6</ele></trkpt>
      <trkpt lat="50.15759" lon="18.568283"><ele>277.4</ele></trkpt>
      <trkpt lat="50.157638" lon="18.568267"><ele>277.2</ele></trkpt>
      <trkpt lat="50.15768" lon="18.568252"><ele>277.0</ele></trkpt>
      <trkpt lat="50.157723" lon="18.568237"><ele>276.8</ele></trkpt>
      <trkpt lat="50.157768" lon="18.56822"><ele>276.6</ele></trkpt>
      <trkpt lat="50.15781" lon="18.568198"><ele>276.4</ele></trkpt>
      <trkpt lat="50.157852" lon="18.568183"><ele>276.0</ele></trkpt>
      <trkpt lat="50.157897" lon="18.568167"><ele>275.8</ele></trkpt>
      <trkpt lat="50.157942" lon="18.56816"><ele>275.6</ele></trkpt>
      <trkpt lat="50.15799" lon="18.568147"><ele>275.2</ele></trkpt>
      <trkpt lat="50.158035" lon="18.568133"><ele>275.0</ele></trkpt>
      <trkpt lat="50.158077" lon="18.568118"><ele>274.6</ele></trkpt>
      <trkpt lat="50.15812" lon="18.568105"><ele>274.2</ele></trkpt>
      <trkpt lat="50.158165" lon="18.568087"><ele>274.0</ele></trkpt>
      <trkpt lat="50.158207" lon="18.568068"><ele>273.6</ele></trkpt>
      <trkpt lat="50.158245" lon="18.568048"><ele>273.4</ele></trkpt>
      <trkpt lat="50.158283" lon="18.568037"><ele>273.0</ele></trkpt>
      <trkpt lat="50.158317" lon="18.568015"><ele>272.8</ele></trkpt>
      <trkpt lat="50.158355" lon="18.567997"><ele>272.6</ele></trkpt>
      <trkpt lat="50.15839" lon="18.567982"><ele>272.2</ele></trkpt>
      <trkpt lat="50.158425" lon="18.567962"><ele>272.0</ele></trkpt>
      <trkpt lat="50.15847" lon="18.567933"><ele>271.8</ele></trkpt>
      <trkpt lat="50.158515" lon="18.567908"><ele>271.4</ele></trkpt>
      <trkpt lat="50.158562" lon="18.567882"><ele>271.0</ele></trkpt>
      <trkpt lat="50.158607" lon="18.567853"><ele>270.8</ele></trkpt>
      <trkpt lat="50.158652" lon="18.567827"><ele>270.4</ele></trkpt>
      <trkpt lat="50.158697" lon="18.567802"><ele>270.0</ele></trkpt>
      <trkpt lat="50.158745" lon="18.56777"><ele>269.6</ele></trkpt>
      <trkpt lat="50.158793" lon="18.567745"><ele>269.2</ele></trkpt>
      <trkpt lat="50.158853" lon="18.567715"><ele>268.6</ele></trkpt>
      <trkpt lat="50.158905" lon="18.56768"><ele>268.2</ele></trkpt>
      <trkpt lat="50.158947" lon="18.567655"><ele>267.8</ele></trkpt>
      <trkpt lat="50.158992" lon="18.56763"><ele>267.4</ele></trkpt>
      <trkpt lat="50.15904" lon="18.567607"><ele>267.0</ele></trkpt>
      <trkpt lat="50.159083" lon="18.567585"><ele>266.6</ele></trkpt>
      <trkpt lat="50.159125" lon="18.567567"><ele>266.2</ele></trkpt>
      <trkpt lat="50.159163" lon="18.567558"><ele>265.8</ele></trkpt>
      <trkpt lat="50.159193" lon="18.567547"><ele>265.4</ele></trkpt>
      <trkpt lat="50.159225" lon="18.567528"><ele>265.0</ele></trkpt>
      <trkpt lat="50.159267" lon="18.567515"><ele>264.6</ele></trkpt>
      <trkpt lat="50.159302" lon="18.5675"><ele>264.2</ele></trkpt>
      <trkpt lat="50.15934" lon="18.567492"><ele>263.8</ele></trkpt>
      <trkpt lat="50.159365" lon="18.567485"><ele>263.4</ele></trkpt>
      <trkpt lat="50.15941" lon="18.56746"><ele>263.0</ele></trkpt>
      <trkpt lat="50.159448" lon="18.567433"><ele>262.6</ele></trkpt>
      <trkpt lat="50.159487" lon="18.56741"><ele>262.0</ele></trkpt>
      <trkpt lat="50.159522" lon="18.567393"><ele>261.4</ele></trkpt>
      <trkpt lat="50.159558" lon="18.567373"><ele>261.0</ele></trkpt>
      <trkpt lat="50.1596" lon="18.567353"><ele>260.4</ele></trkpt>
      <trkpt lat="50.15964" lon="18.567328"><ele>259.8</ele></trkpt>
      <trkpt lat="50.159682" lon="18.567313"><ele>259.4</ele></trkpt>
      <trkpt lat="50.159723" lon="18.567298"><ele>259.0</ele></trkpt>
      <trkpt lat="50.159757" lon="18.56728"><ele>258.4</ele></trkpt>
      <trkpt lat="50.159782" lon="18.567262"><ele>258.0</ele></trkpt>
      <trkpt lat="50.159813" lon="18.56725"><ele>257.8</ele></trkpt>
      <trkpt lat="50.15984" lon="18.567243"><ele>257.4</ele></trkpt>
      <trkpt lat="50.159862" lon="18.567233"><ele>257.0</ele></trkpt>
      <trkpt lat="50.159887" lon="18.567222"><ele>256.8</ele></trkpt>
      <trkpt lat="50.159907" lon="18.567213"><ele>256.4</ele></trkpt>
      <trkpt lat="50.159928" lon="18.5672"><ele>255.8</ele></trkpt>
      <trkpt lat="50.159958" lon="18.567183"><ele>255.2</ele></trkpt>
      <trkpt lat="50.159977" lon="18.567178"><ele>250.4</ele></trkpt>
      <trkpt lat="50.160012" lon="18.567153"><ele>250.4</ele></trkpt>
      <trkpt lat="50.16004" lon="18.567133"><ele>250.4</ele></trkpt>
      <trkpt lat="50.16008" lon="18.56712"><ele>250.4</ele></trkpt>
      <trkpt lat="50.160112" lon="18.567103"><ele>250.6</ele></trkpt>
      <trkpt lat="50.16014" lon="18.567088"><ele>250.8</ele></trkpt>
      <trkpt lat="50.160172" lon="18.567078"><ele>251.0</ele></trkpt>
      <trkpt lat="50.160198" lon="18.567073"><ele>251.4</ele></trkpt>
      <trkpt lat="50.160223" lon="18.567065"><ele>251.8</ele></trkpt>
      <trkpt lat="50.160245" lon="18.56706"><ele>252.0</ele></trkpt>
      <trkpt lat="50.160272" lon="18.56705"><ele>252.4</ele></trkpt>
      <trkpt lat="50.160297" lon="18.567042"><ele>252.8</ele></trkpt>
      <trkpt lat="50.160322" lon="18.567035"><ele>253.2</ele></trkpt>
      <trkpt lat="50.160345" lon="18.567023"><ele>253.6</ele></trkpt>
      <trkpt lat="50.160363" lon="18.567013"><ele>254.0</ele></trkpt>
      <trkpt lat="50.160383" lon="18.567005"><ele>254.4</ele></trkpt>
      <trkpt lat="50.160422" lon="18.566992"><ele>255.0</ele></trkpt>
      <trkpt lat="50.16045" lon="18.566985"><ele>255.4</ele></trkpt>
      <trkpt lat="50.16047" lon="18.566973"><ele>255.8</ele></trkpt>
      <trkpt lat="50.160492" lon="18.566962"><ele>256.0</ele></trkpt>
      <trkpt lat="50.160515" lon="18.566953"><ele>256.4</ele></trkpt>
      <trkpt lat="50.160537" lon="18.566943"><ele>256.8</ele></trkpt>
      <trkpt lat="50.16056" lon="18.56693"><ele>257.0</ele></trkpt>
      <trkpt lat="50.160588" lon="18.566913"><ele>257.4</ele></trkpt>
      <trkpt lat="50.160613" lon="18.566905"><ele>257.6</ele></trkpt>
      <trkpt lat="50.160637" lon="18.5669"><ele>258.0</ele></trkpt>
      <trkpt lat="50.160658" lon="18.566892"><ele>258.4</ele></trkpt>
      <trkpt lat="50.160678" lon="18.566882"><ele>258.6</ele></trkpt>
      <trkpt lat="50.160697" lon="18.566867"><ele>259.0</ele></trkpt>
      <trkpt lat="50.160722" lon="18.566857"><ele>259.2</ele></trkpt>
      <trkpt lat="50.160748" lon="18.566852"><ele>259.6</ele></trkpt>
      <trkpt lat="50.160777" lon="18.56684"><ele>260.0</ele></trkpt>
      <trkpt lat="50.160802" lon="18.56683"><ele>260.4</ele></trkpt>
      <trkpt lat="50.160832" lon="18.566823"><ele>260.8</ele></trkpt>
      <trkpt lat="50.160853" lon="18.566812"><ele>261.0</ele></trkpt>
      <trkpt lat="50.16088" lon="18.5668"><ele>261.4</ele></trkpt>
      <trkpt lat="50.160912" lon="18.566792"><ele>261.6</ele></trkpt>
      <trkpt lat="50.16094" lon="18.566767"><ele>262.0</ele></trkpt>
      <trkpt lat="50.160975" lon="18.566752"><ele>262.0</ele></trkpt>
      <trkpt lat="50.161007" lon="18.566737"><ele>262.2</ele></trkpt>
      <trkpt lat="50.161033" lon="18.566725"><ele>262.6</ele></trkpt>
      <trkpt lat="50.161058" lon="18.566713"><ele>262.6</ele></trkpt>
      <trkpt lat="50.161083" lon="18.566698"><ele>262.8</ele></trkpt>
      <trkpt lat="50.16111" lon="18.56669"><ele>263.0</ele></trkpt>
      <trkpt lat="50.161135" lon="18.56668"><ele>263.0</ele></trkpt>
      <trkpt lat="50.161163" lon="18.566672"><ele>263.2</ele></trkpt>
      <trkpt lat="50.16119" lon="18.566665"><ele>263.2</ele></trkpt>
      <trkpt lat="50.161218" lon="18.566655"><ele>263.0</ele></trkpt>
      <trkpt lat="50.161247" lon="18.566645"><ele>263.0</ele></trkpt>
      <trkpt lat="50.161273" lon="18.56664"><ele>262.8</ele></trkpt>
      <trkpt lat="50.161312" lon="18.56664"><ele>262.8</ele></trkpt>
      <trkpt lat="50.161353" lon="18.566643"><ele>262.6</ele></trkpt>
      <trkpt lat="50.161392" lon="18.566662"><ele>262.4</ele></trkpt>
      <trkpt lat="50.161427" lon="18.56669"><ele>262.2</ele></trkpt>
      <trkpt lat="50.161452" lon="18.56672"><ele>262.2</ele></trkpt>
      <trkpt lat="50.161478" lon="18.566763"><ele>262.0</ele></trkpt>
      <trkpt lat="50.161497" lon="18.566813"><ele>261.8</ele></trkpt>
      <trkpt lat="50.161513" lon="18.566865"><ele>261.6</ele></trkpt>
      <trkpt lat="50.161532" lon="18.566913"><ele>261.4</ele></trkpt>
      <trkpt lat="50.161548" lon="18.566957"><ele>261.2</ele></trkpt>
      <trkpt lat="50.161555" lon="18.567"><ele>261.0</ele></trkpt>
      <trkpt lat="50.16156" lon="18.56704"><ele>260.8</ele></trkpt>
      <trkpt lat="50.161567" lon="18.56708"><ele>260.4</ele></trkpt>
      <trkpt lat="50.16157" lon="18.56712"><ele>260.4</ele></trkpt>
      <trkpt lat="50.161577" lon="18.56716"><ele>260.0</ele></trkpt>
      <trkpt lat="50.161587" lon="18.5672"><ele>260.0</ele></trkpt>
      <trkpt lat="50.161593" lon="18.56724"><ele>259.8</ele></trkpt>
      <trkpt lat="50.161602" lon="18.56727"><ele>259.6</ele></trkpt>
      <trkpt lat="50.161608" lon="18.5673"><ele>259.6</ele></trkpt>
      <trkpt lat="50.161615" lon="18.567327"><ele>259.2</ele></trkpt>
      <trkpt lat="50.161625" lon="18.56736"><ele>259.4</ele></trkpt>
      <trkpt lat="50.161632" lon="18.5674"><ele>259.2</ele></trkpt>
      <trkpt lat="50.16164" lon="18.56744"><ele>259.0</ele></trkpt>
      <trkpt lat="50.16165" lon="18.567485"><ele>259.0</ele></trkpt>
      <trkpt lat="50.161663" lon="18.567538"><ele>258.8</ele></trkpt>
      <trkpt lat="50.161673" lon="18.567587"><ele>258.8</ele></trkpt>
      <trkpt lat="50.161677" lon="18.567632"><ele>258.8</ele></trkpt>
      <trkpt lat="50.161688" lon="18.567687"><ele>258.6</ele></trkpt>
      <trkpt lat="50.161705" lon="18.56774"><ele>258.6</ele></trkpt>
      <trkpt lat="50.16172" lon="18.567788"><ele>258.6</ele></trkpt>
      <trkpt lat="50.161733" lon="18.567837"><ele>258.6</ele></trkpt>
      <trkpt lat="50.16175" lon="18.567888"><ele>258.4</ele></trkpt>
      <trkpt lat="50.16176" lon="18.567937"><ele>258.4</ele></trkpt>
      <trkpt lat="50.161765" lon="18.567988"><ele>258.4</ele></trkpt>
      <trkpt lat="50.161768" lon="18.56804"><ele>258.4</ele></trkpt>
      <trkpt lat="50.161782" lon="18.568092"><ele>258.4</ele></trkpt>
      <trkpt lat="50.161795" lon="18.568137"><ele>258.2</ele></trkpt>
      <trkpt lat="50.161803" lon="18.56818"><ele>258.2</ele></trkpt>
      <trkpt lat="50.161813" lon="18.568215"><ele>258.2</ele></trkpt>
      <trkpt lat="50.161823" lon="18.568255"><ele>258.2</ele></trkpt>
      <trkpt lat="50.16183" lon="18.568305"><ele>258.0</ele></trkpt>
      <trkpt lat="50.16184" lon="18.568355"><ele>258.0</ele></trkpt>
      <trkpt lat="50.161845" lon="18.568402"><ele>258.0</ele></trkpt>
      <trkpt lat="50.161852" lon="18.568458"><ele>257.8</ele></trkpt>
      <trkpt lat="50.161862" lon="18.568503"><ele>257.8</ele></trkpt>
      <trkpt lat="50.161865" lon="18.56855"><ele>257.8</ele></trkpt>
      <trkpt lat="50.161875" lon="18.5686"><ele>257.6</ele></trkpt>
      <trkpt lat="50.161887" lon="18.56865"><ele>257.6</ele></trkpt>
      <trkpt lat="50.1619" lon="18.568702"><ele>257.6</ele></trkpt>
      <trkpt lat="50.161907" lon="18.568752"><ele>257.6</ele></trkpt>
      <trkpt lat="50.16192" lon="18.568797"><ele>257.4</ele></trkpt>
      <trkpt lat="50.161925" lon="18.568845"><ele>257.4</ele></trkpt>
      <trkpt lat="50.161932" lon="18.568888"><ele>257.4</ele></trkpt>
      <trkpt lat="50.161942" lon="18.568942"><ele>257.4</ele></trkpt>
      <trkpt lat="50.161952" lon="18.568992"><ele>257.4</ele></trkpt>
      <trkpt lat="50.16196" lon="18.569043"><ele>257.4</ele></trkpt>
      <trkpt lat="50.161967" lon="18.569087"><ele>257.6</ele></trkpt>
      <trkpt lat="50.161973" lon="18.569128"><ele>257.8</ele></trkpt>
      <trkpt lat="50.161983" lon="18.569173"><ele>258.0</ele></trkpt>
      <trkpt lat="50.16199" lon="18.569213"><ele>258.4</ele></trkpt>
      <trkpt lat="50.162" lon="18.569257"><ele>258.6</ele></trkpt>
      <trkpt lat="50.162005" lon="18.569303"><ele>258.8</ele></trkpt>
      <trkpt lat="50.162012" lon="18.56935"><ele>259.2</ele></trkpt>
      <trkpt lat="50.162025" lon="18.569403"><ele>259.4</ele></trkpt>
      <trkpt lat="50.162028" lon="18.569452"><ele>259.8</ele></trkpt>
      <trkpt lat="50.16204" lon="18.569495"><ele>260.0</ele></trkpt>
      <trkpt lat="50.162047" lon="18.569548"><ele>260.2</ele></trkpt>
      <trkpt lat="50.16206" lon="18.569598"><ele>260.6</ele></trkpt>
      <trkpt lat="50.162067" lon="18.569645"><ele>260.8</ele></trkpt>
      <trkpt lat="50.16207" lon="18.56969"><ele>261.0</ele></trkpt>
      <trkpt lat="50.16208" lon="18.569735"><ele>261.2</ele></trkpt>
      <trkpt lat="50.16208" lon="18.569778"><ele>261.4</ele></trkpt>
      <trkpt lat="50.162082" lon="18.569828"><ele>261.6</ele></trkpt>
      <trkpt lat="50.162088" lon="18.569883"><ele>261.8</ele></trkpt>
      <trkpt lat="50.162098" lon="18.569942"><ele>262.0</ele></trkpt>
      <trkpt lat="50.162105" lon="18.569993"><ele>262.2</ele></trkpt>
      <trkpt lat="50.162112" lon="18.57004"><ele>262.4</ele></trkpt>
      <trkpt lat="50.162123" lon="18.570087"><ele>262.4</ele></trkpt>
      <trkpt lat="50.162137" lon="18.57013"><ele>262.4</ele></trkpt>
      <trkpt lat="50.162147" lon="18.570188"><ele>262.6</ele></trkpt>
      <trkpt lat="50.16216" lon="18.570242"><ele>262.6</ele></trkpt>
      <trkpt lat="50.162165" lon="18.570292"><ele>262.6</ele></trkpt>
      <trkpt lat="50.162178" lon="18.570338"><ele>262.6</ele></trkpt>
      <trkpt lat="50.162192" lon="18.57039"><ele>262.8</ele></trkpt>
      <trkpt lat="50.162207" lon="18.570443"><ele>262.8</ele></trkpt>
      <trkpt lat="50.16222" lon="18.57049"><ele>262.8</ele></trkpt>
      <trkpt lat="50.162227" lon="18.570538"><ele>262.6</ele></trkpt>
      <trkpt lat="50.162237" lon="18.57059"><ele>262.6</ele></trkpt>
      <trkpt lat="50.162242" lon="18.570643"><ele>262.6</ele></trkpt>
      <trkpt lat="50.162248" lon="18.5707"><ele>262.4</ele></trkpt>
      <trkpt lat="50.162258" lon="18.570763"><ele>262.2</ele></trkpt>
      <trkpt lat="50.162268" lon="18.570825"><ele>262.2</ele></trkpt>
      <trkpt lat="50.162278" lon="18.570878"><ele>262.2</ele></trkpt>
      <trkpt lat="50.162283" lon="18.570933"><ele>262.0</ele></trkpt>
      <trkpt lat="50.16229" lon="18.570998"><ele>262.0</ele></trkpt>
      <trkpt lat="50.162303" lon="18.57106"><ele>261.8</ele></trkpt>
      <trkpt lat="50.162317" lon="18.571122"><ele>261.8</ele></trkpt>
      <trkpt lat="50.162335" lon="18.571183"><ele>261.8</ele></trkpt>
      <trkpt lat="50.162348" lon="18.57124"><ele>261.8</ele></trkpt>
      <trkpt lat="50.16236" lon="18.571298"><ele>261.8</ele></trkpt>
      <trkpt lat="50.16237" lon="18.571355"><ele>261.8</ele></trkpt>
      <trkpt lat="50.16238" lon="18.571412"><ele>261.8</ele></trkpt>
      <trkpt lat="50.162387" lon="18.571468"><ele>261.8</ele></trkpt>
      <trkpt lat="50.162397" lon="18.57152"><ele>261.8</ele></trkpt>
      <trkpt lat="50.162402" lon="18.57157"><ele>261.8</ele></trkpt>
      <trkpt lat="50.162408" lon="18.571618"><ele>261.8</ele></trkpt>
      <trkpt lat="50.162422" lon="18.571658"><ele>262.0</ele></trkpt>
      <trkpt lat="50.162428" lon="18.571697"><ele>262.0</ele></trkpt>
      <trkpt lat="50.16244" lon="18.571732"><ele>262.0</ele></trkpt>
      <trkpt lat="50.16245" lon="18.571775"><ele>261.8</ele></trkpt>
      <trkpt lat="50.16246" lon="18.571818"><ele>261.8</ele></trkpt>
      <trkpt lat="50.162463" lon="18.57186"><ele>261.8</ele></trkpt>
      <trkpt lat="50.162467" lon="18.5719"><ele>261.8</ele></trkpt>
      <trkpt lat="50.162467" lon="18.571943"><ele>261.8</ele></trkpt>
      <trkpt lat="50.16247" lon="18.571988"><ele>261.8</ele></trkpt>
      <trkpt lat="50.16248" lon="18.57204"><ele>261.8</ele></trkpt>
      <trkpt lat="50.162485" lon="18.572083"><ele>261.8</ele></trkpt>
      <trkpt lat="50.162498" lon="18.572127"><ele>261.8</ele></trkpt>
      <trkpt lat="50.162515" lon="18.572175"><ele>261.8</ele></trkpt>
      <trkpt lat="50.162527" lon="18.572227"><ele>261.8</ele></trkpt>
      <trkpt lat="50.16254" lon="18.57228"><ele>261.8</ele></trkpt>
      <trkpt lat="50.16255" lon="18.572335"><ele>261.8</ele></trkpt>
      <trkpt lat="50.162562" lon="18.572395"><ele>261.8</ele></trkpt>
      <trkpt lat="50.162568" lon="18.572453"><ele>261.6</ele></trkpt>
      <trkpt lat="50.162588" lon="18.572515"><ele>261.6</ele></trkpt>
      <trkpt lat="50.162607" lon="18.572573"><ele>261.4</ele></trkpt>
      <trkpt lat="50.16262" lon="18.572637"><ele>261.4</ele></trkpt>
      <trkpt lat="50.16263" lon="18.572698"><ele>261.2</ele></trkpt>
      <trkpt lat="50.162645" lon="18.572755"><ele>261.2</ele></trkpt>
      <trkpt lat="50.162658" lon="18.572817"><ele>261.0</ele></trkpt>
      <trkpt lat="50.162668" lon="18.572878"><ele>260.8</ele></trkpt>
      <trkpt lat="50.16268" lon="18.572937"><ele>260.6</ele></trkpt>
      <trkpt lat="50.162693" lon="18.572993"><ele>260.6</ele></trkpt>
      <trkpt lat="50.1627" lon="18.573052"><ele>260.4</ele></trkpt>
      <trkpt lat="50.162707" lon="18.573107"><ele>260.4</ele></trkpt>
      <trkpt lat="50.162717" lon="18.573158"><ele>260.2</ele></trkpt>
      <trkpt lat="50.162722" lon="18.573218"><ele>260.0</ele></trkpt>
      <trkpt lat="50.162728" lon="18.573275"><ele>260.0</ele></trkpt>
      <trkpt lat="50.162745" lon="18.573323"><ele>260.0</ele></trkpt>
      <trkpt lat="50.162758" lon="18.573375"><ele>260.0</ele></trkpt>
      <trkpt lat="50.16276" lon="18.573428"><ele>259.8</ele></trkpt>
      <trkpt lat="50.162773" lon="18.573483"><ele>259.8</ele></trkpt>
      <trkpt lat="50.162777" lon="18.573542"><ele>259.8</ele></trkpt>
      <trkpt lat="50.162783" lon="18.5736"><ele>259.8</ele></trkpt>
      <trkpt lat="50.162793" lon="18.573653"><ele>259.6</ele></trkpt>
      <trkpt lat="50.1628" lon="18.573707"><ele>259.4</ele></trkpt>
      <trkpt lat="50.162805" lon="18.573758"><ele>259.4</ele></trkpt>
      <trkpt lat="50.162818" lon="18.573813"><ele>259.2</ele></trkpt>
      <trkpt lat="50.162828" lon="18.573875"><ele>259.0</ele></trkpt>
      <trkpt lat="50.16284" lon="18.57393"><ele>259.0</ele></trkpt>
      <trkpt lat="50.162847" lon="18.573983"><ele>258.8</ele></trkpt>
      <trkpt lat="50.16286" lon="18.574043"><ele>258.6</ele></trkpt>
      <trkpt lat="50.162873" lon="18.574102"><ele>258.6</ele></trkpt>
      <trkpt lat="50.162882" lon="18.574158"><ele>258.6</ele></trkpt>
      <trkpt lat="50.162895" lon="18.574212"><ele>258.6</ele></trkpt>
      <trkpt lat="50.162905" lon="18.574262"><ele>258.4</ele></trkpt>
      <trkpt lat="50.16292" lon="18.57431"><ele>258.4</ele></trkpt>
      <trkpt lat="50.162937" lon="18.574353"><ele>258.4</ele></trkpt>
      <trkpt lat="50.162943" lon="18.5744"><ele>258.2</ele></trkpt>
      <trkpt lat="50.162958" lon="18.574447"><ele>258.2</ele></trkpt>
      <trkpt lat="50.162965" lon="18.574497"><ele>258.2</ele></trkpt>
      <trkpt lat="50.162975" lon="18.574545"><ele>258.2</ele></trkpt>
      <trkpt lat="50.162982" lon="18.574595"><ele>258.2</ele></trkpt>
      <trkpt lat="50.162992" lon="18.574638"><ele>258.4</ele></trkpt>
      <trkpt lat="50.162998" lon="18.574683"><ele>258.4</ele></trkpt>
      <trkpt lat="50.16301" lon="18.574735"><ele>258.6</ele></trkpt>
      <trkpt lat="50.163017" lon="18.574788"><ele>258.6</ele></trkpt>
      <trkpt lat="50.163023" lon="18.57484"><ele>258.8</ele></trkpt>
      <trkpt lat="50.163037" lon="18.574887"><ele>259.0</ele></trkpt>
      <trkpt lat="50.16304" lon="18.574932"><ele>259.0</ele></trkpt>
      <trkpt lat="50.163052" lon="18.574973"><ele>259.2</ele></trkpt>
      <trkpt lat="50.163058" lon="18.575017"><ele>259.4</ele></trkpt>
      <trkpt lat="50.163065" lon="18.575065"><ele>259.4</ele></trkpt>
      <trkpt lat="50.163078" lon="18.575108"><ele>259.6</ele></trkpt>
      <trkpt lat="50.16308" lon="18.575157"><ele>259.8</ele></trkpt>
      <trkpt lat="50.163083" lon="18.575203"><ele>260.0</ele></trkpt>
      <trkpt lat="50.163093" lon="18.575252"><ele>260.2</ele></trkpt>
      <trkpt lat="50.163103" lon="18.5753"><ele>260.2</ele></trkpt>
      <trkpt lat="50.163117" lon="18.57535"><ele>260.4</ele></trkpt>
      <trkpt lat="50.163125" lon="18.5754"><ele>260.6</ele></trkpt>
      <trkpt lat="50.163135" lon="18.575452"><ele>260.8</ele></trkpt>
      <trkpt lat="50.163145" lon="18.575503"><ele>261.0</ele></trkpt>
      <trkpt lat="50.163158" lon="18.575555"><ele>261.0</ele></trkpt>
      <trkpt lat="50.16317" lon="18.575608"><ele>261.2</ele></trkpt>
      <trkpt lat="50.16318" lon="18.57566"><ele>261.2</ele></trkpt>
      <trkpt lat="50.16319" lon="18.575712"><ele>261.2</ele></trkpt>
      <trkpt lat="50.1632" lon="18.575765"><ele>261.2</ele></trkpt>
      <trkpt lat="50.163212" lon="18.575818"><ele>261.4</ele></trkpt>
      <trkpt lat="50.163218" lon="18.575877"><ele>261.4</ele></trkpt>
      <trkpt lat="50.163225" lon="18.575932"><ele>261.4</ele></trkpt>
      <trkpt lat="50.163238" lon="18.57599"><ele>261.4</ele></trkpt>
      <trkpt lat="50.163243" lon="18.576043"><ele>261.2</ele></trkpt>
      <trkpt lat="50.163253" lon="18.576097"><ele>261.2</ele></trkpt>
      <trkpt lat="50.163263" lon="18.57615"><ele>261.2</ele></trkpt>
      <trkpt lat="50.163273" lon="18.5762"><ele>261.0</ele></trkpt>
      <trkpt lat="50.163282" lon="18.576255"><ele>261.0</ele></trkpt>
      <trkpt lat="50.163292" lon="18.576307"><ele>260.8</ele></trkpt>
      <trkpt lat="50.163302" lon="18.57636"><ele>260.6</ele></trkpt>
      <trkpt lat="50.163315" lon="18.576412"><ele>260.4</ele></trkpt>
      <trkpt lat="50.16332" lon="18.576465"><ele>260.2</ele></trkpt>
      <trkpt lat="50.163333" lon="18.576515"><ele>260.0</ele></trkpt>
      <trkpt lat="50.16334" lon="18.576563"><ele>259.8</ele></trkpt>
      <trkpt lat="50.163353" lon="18.576617"><ele>259.6</ele></trkpt>
      <trkpt lat="50.16336" lon="18.576672"><ele>259.2</ele></trkpt>
      <trkpt lat="50.163368" lon="18.576722"><ele>259.2</ele></trkpt>
      <trkpt lat="50.163378" lon="18.576783"><ele>258.8</ele></trkpt>
      <trkpt lat="50.163392" lon="18.57685"><ele>258.6</ele></trkpt>
      <trkpt lat="50.1634" lon="18.576918"><ele>258.4</ele></trkpt>
      <trkpt lat="50.16341" lon="18.576985"><ele>258.2</ele></trkpt>
      <trkpt lat="50.16342" lon="18.57705"><ele>258.0</ele></trkpt>
      <trkpt lat="50.16343" lon="18.57711"><ele>257.8</ele></trkpt>
      <trkpt lat="50.163437" lon="18.57716"><ele>257.6</ele></trkpt>
      <trkpt lat="50.163442" lon="18.577207"><ele>257.6</ele></trkpt>
      <trkpt lat="50.163452" lon="18.577252"><ele>257.4</ele></trkpt>
      <trkpt lat="50.163452" lon="18.577295"><ele>257.2</ele></trkpt>
      <trkpt lat="50.163458" lon="18.57733"><ele>257.0</ele></trkpt>
      <trkpt lat="50.163472" lon="18.577365"><ele>257.0</ele></trkpt>
      <trkpt lat="50.163478" lon="18.5774"><ele>257.0</ele></trkpt>
      <trkpt lat="50.16349" lon="18.577445"><ele>256.8</ele></trkpt>
      <trkpt lat="50.1635" lon="18.577498"><ele>256.6</ele></trkpt>
      <trkpt lat="50.163513" lon="18.57755"><ele>256.6</ele></trkpt>
      <trkpt lat="50.163528" lon="18.577608"><ele>256.4</ele></trkpt>
      <trkpt lat="50.163538" lon="18.577665"><ele>256.4</ele></trkpt>
      <trkpt lat="50.163555" lon="18.577713"><ele>256.2</ele></trkpt>
      <trkpt lat="50.16356" lon="18.577762"><ele>256.2</ele></trkpt>
      <trkpt lat="50.16357" lon="18.577813"><ele>256.2</ele></trkpt>
      <trkpt lat="50.16358" lon="18.577858"><ele>256.2</ele></trkpt>
      <trkpt lat="50.16359" lon="18.577898"><ele>256.2</ele></trkpt>
      <trkpt lat="50.1636" lon="18.577937"><ele>256.2</ele></trkpt>
      <trkpt lat="50.163615" lon="18.577972"><ele>256.2</ele></trkpt>
      <trkpt lat="50.163635" lon="18.57801"><ele>256.2</ele></trkpt>
      <trkpt lat="50.16366" lon="18.578038"><ele>256.2</ele></trkpt>
      <trkpt lat="50.163692" lon="18.578067"><ele>256.4</ele></trkpt>
      <trkpt lat="50.163727" lon="18.578093"><ele>256.4</ele></trkpt>
      <trkpt lat="50.16376" lon="18.578115"><ele>256.4</ele></trkpt>
      <trkpt lat="50.163795" lon="18.578135"><ele>256.4</ele></trkpt>
      <trkpt lat="50.163827" lon="18.57816"><ele>256.4</ele></trkpt>
      <trkpt lat="50.163855" lon="18.578183"><ele>256.4</ele></trkpt>
      <trkpt lat="50.16389" lon="18.578205"><ele>256.4</ele></trkpt>
      <trkpt lat="50.16392" lon="18.578233"><ele>256.4</ele></trkpt>
      <trkpt lat="50.163952" lon="18.578262"><ele>256.4</ele></trkpt>
      <trkpt lat="50.16399" lon="18.578288"><ele>256.4</ele></trkpt>
      <trkpt lat="50.164025" lon="18.578315"><ele>256.4</ele></trkpt>
      <trkpt lat="50.164063" lon="18.578342"><ele>256.4</ele></trkpt>
      <trkpt lat="50.164098" lon="18.578368"><ele>256.4</ele></trkpt>
      <trkpt lat="50.164133" lon="18.578395"><ele>256.2</ele></trkpt>
      <trkpt lat="50.164162" lon="18.578418"><ele>256.2</ele></trkpt>
      <trkpt lat="50.164192" lon="18.578438"><ele>256.2</ele></trkpt>
      <trkpt lat="50.16423" lon="18.578462"><ele>256.2</ele></trkpt>
      <trkpt lat="50.164272" lon="18.578483"><ele>256.0</ele></trkpt>
      <trkpt lat="50.164317" lon="18.57851"><ele>256.0</ele></trkpt>
      <trkpt lat="50.164363" lon="18.578533"><ele>256.0</ele></trkpt>
      <trkpt lat="50.164405" lon="18.578563"><ele>256.0</ele></trkpt>
      <trkpt lat="50.16445" lon="18.578593"><ele>256.2</ele></trkpt>
      <trkpt lat="50.164492" lon="18.578622"><ele>256.2</ele></trkpt>
      <trkpt lat="50.164533" lon="18.578647"><ele>256.2</ele></trkpt>
      <trkpt lat="50.164568" lon="18.578672"><ele>256.2</ele></trkpt>
      <trkpt lat="50.164607" lon="18.578692"><ele>256.4</ele></trkpt>
      <trkpt lat="50.16464" lon="18.578712"><ele>256.4</ele></trkpt>
      <trkpt lat="50.164672" lon="18.578728"><ele>256.4</ele></trkpt>
      <trkpt lat="50.16471" lon="18.578752"><ele>256.4</ele></trkpt>
      <trkpt lat="50.164745" lon="18.578778"><ele>256.6</ele></trkpt>
      <trkpt lat="50.164783" lon="18.57881"><ele>256.6</ele></trkpt>
      <trkpt lat="50.164822" lon="18.57884"><ele>256.8</ele></trkpt>
      <trkpt lat="50.164853" lon="18.57887"><ele>256.8</ele></trkpt>
      <trkpt lat="50.164888" lon="18.578895"><ele>257.0</ele></trkpt>
      <trkpt lat="50.164927" lon="18.578918"><ele>257.2</ele></trkpt>
      <trkpt lat="50.164965" lon="18.578937"><ele>257.2</ele></trkpt>
      <trkpt lat="50.16501" lon="18.578957"><ele>257.4</ele></trkpt>
      <trkpt lat="50.165052" lon="18.57898"><ele>257.6</ele></trkpt>
      <trkpt lat="50.16509" lon="18.57901"><ele>257.8</ele></trkpt>
      <trkpt lat="50.165128" lon="18.579042"><ele>258.0</ele></trkpt>
      <trkpt lat="50.165163" lon="18.57907"><ele>258.2</ele></trkpt>
      <trkpt lat="50.1652" lon="18.579095"><ele>258.4</ele></trkpt>
      <trkpt lat="50.165235" lon="18.579117"><ele>258.6</ele></trkpt>
      <trkpt lat="50.16527" lon="18.579133"><ele>258.8</ele></trkpt>
      <trkpt lat="50.165305" lon="18.579148"><ele>259.0</ele></trkpt>
      <trkpt lat="50.165347" lon="18.579168"><ele>259.4</ele></trkpt>
      <trkpt lat="50.165385" lon="18.579188"><ele>259.6</ele></trkpt>
      <trkpt lat="50.16542" lon="18.579208"><ele>259.8</ele></trkpt>
      <trkpt lat="50.165455" lon="18.579222"><ele>260.0</ele></trkpt>
      <trkpt lat="50.165493" lon="18.579232"><ele>260.2</ele></trkpt>
      <trkpt lat="50.165525" lon="18.57924"><ele>260.4</ele></trkpt>
      <trkpt lat="50.16556" lon="18.579248"><ele>260.6</ele></trkpt>
      <trkpt lat="50.1656" lon="18.579255"><ele>260.8</ele></trkpt>
      <trkpt lat="50.165638" lon="18.579257"><ele>261.2</ele></trkpt>
      <trkpt lat="50.165667" lon="18.579257"><ele>261.2</ele></trkpt>
      <trkpt lat="50.165698" lon="18.579257"><ele>261.4</ele></trkpt>
      <trkpt lat="50.165727" lon="18.579253"><ele>261.6</ele></trkpt>
      <trkpt lat="50.16576" lon="18.579247"><ele>261.8</ele></trkpt>
      <trkpt lat="50.165795" lon="18.579242"><ele>262.0</ele></trkpt>
      <trkpt lat="50.165827" lon="18.579238"><ele>262.2</ele></trkpt>
      <trkpt lat="50.165862" lon="18.579232"><ele>262.4</ele></trkpt>
      <trkpt lat="50.165903" lon="18.579227"><ele>262.6</ele></trkpt>
      <trkpt lat="50.165942" lon="18.579222"><ele>262.8</ele></trkpt>
      <trkpt lat="50.165983" lon="18.579215"><ele>263.0</ele></trkpt>
      <trkpt lat="50.166022" lon="18.579207"><ele>263.2</ele></trkpt>
      <trkpt lat="50.166063" lon="18.5792"><ele>263.4</ele></trkpt>
      <trkpt lat="50.166102" lon="18.579192"><ele>263.8</ele></trkpt>
      <trkpt lat="50.166143" lon="18.579177"><ele>264.0</ele></trkpt>
      <trkpt lat="50.166182" lon="18.579168"><ele>264.2</ele></trkpt>
      <trkpt lat="50.166213" lon="18.579167"><ele>264.4</ele></trkpt>
      <trkpt lat="50.166248" lon="18.579162"><ele>264.6</ele></trkpt>
      <trkpt lat="50.16628" lon="18.57915"><ele>264.8</ele></trkpt>
      <trkpt lat="50.166317" lon="18.579135"><ele>265.0</ele></trkpt>
      <trkpt lat="50.166355" lon="18.579122"><ele>265.2</ele></trkpt>
      <trkpt lat="50.166393" lon="18.579115"><ele>265.4</ele></trkpt>
      <trkpt lat="50.166422" lon="18.579105"><ele>265.4</ele></trkpt>
      <trkpt lat="50.166457" lon="18.579097"><ele>265.6</ele></trkpt>
      <trkpt lat="50.166492" lon="18.579092"><ele>265.8</ele></trkpt>
      <trkpt lat="50.166527" lon="18.579077"><ele>265.8</ele></trkpt>
      <trkpt lat="50.16656" lon="18.579058"><ele>266.0</ele></trkpt>
      <trkpt lat="50.166592" lon="18.579042"><ele>266.0</ele></trkpt>
      <trkpt lat="50.166617" lon="18.579027"><ele>266.0</ele></trkpt>
      <trkpt lat="50.166648" lon="18.579013"><ele>266.2</ele></trkpt>
      <trkpt lat="50.16668" lon="18.579"><ele>266.2</ele></trkpt>
      <trkpt lat="50.166717" lon="18.578983"><ele>266.4</ele></trkpt>
      <trkpt lat="50.166752" lon="18.578965"><ele>266.4</ele></trkpt>
      <trkpt lat="50.16678" lon="18.578948"><ele>266.6</ele></trkpt>
      <trkpt lat="50.166812" lon="18.578935"><ele>266.6</ele></trkpt>
      <trkpt lat="50.166843" lon="18.57892"><ele>266.6</ele></trkpt>
      <trkpt lat="50.166873" lon="18.57892"><ele>266.8</ele></trkpt>
      <trkpt lat="50.166905" lon="18.578918"><ele>266.8</ele></trkpt>
      <trkpt lat="50.166933" lon="18.578923"><ele>266.8</ele></trkpt>
      <trkpt lat="50.166972" lon="18.578937"><ele>267.0</ele></trkpt>
      <trkpt lat="50.167007" lon="18.578947"><ele>267.0</ele></trkpt>
      <trkpt lat="50.167042" lon="18.57896"><ele>267.0</ele></trkpt>
      <trkpt lat="50.167078" lon="18.57897"><ele>267.0</ele></trkpt>
      <trkpt lat="50.167113" lon="18.578987"><ele>267.0</ele></trkpt>
      <trkpt lat="50.167152" lon="18.578998"><ele>266.8</ele></trkpt>
      <trkpt lat="50.167187" lon="18.579008"><ele>266.8</ele></trkpt>
      <trkpt lat="50.167222" lon="18.579018"><ele>266.6</ele></trkpt>
      <trkpt lat="50.167253" lon="18.579035"><ele>266.6</ele></trkpt>
      <trkpt lat="50.167288" lon="18.579055"><ele>266.4</ele></trkpt>
      <trkpt lat="50.167327" lon="18.579077"><ele>266.4</ele></trkpt>
      <trkpt lat="50.167365" lon="18.579097"><ele>266.2</ele></trkpt>
      <trkpt lat="50.16741" lon="18.57912"><ele>266.0</ele></trkpt>
      <trkpt lat="50.167448" lon="18.579145"><ele>265.8</ele></trkpt>
      <trkpt lat="50.167483" lon="18.579172"><ele>265.6</ele></trkpt>
      <trkpt lat="50.167513" lon="18.579193"><ele>265.4</ele></trkpt>
      <trkpt lat="50.167548" lon="18.579213"><ele>265.2</ele></trkpt>
      <trkpt lat="50.16758" lon="18.579233"><ele>265.0</ele></trkpt>
      <trkpt lat="50.167612" lon="18.579257"><ele>264.8</ele></trkpt>
      <trkpt lat="50.167647" lon="18.579282"><ele>264.6</ele></trkpt>
      <trkpt lat="50.167688" lon="18.579305"><ele>264.2</ele></trkpt>
      <trkpt lat="50.167727" lon="18.579327"><ele>264.0</ele></trkpt>
      <trkpt lat="50.167762" lon="18.579355"><ele>263.8</ele></trkpt>
      <trkpt lat="50.1678" lon="18.57938"><ele>263.4</ele></trkpt>
      <trkpt lat="50.16784" lon="18.579405"><ele>263.0</ele></trkpt>
      <trkpt lat="50.167878" lon="18.579433"><ele>262.8</ele></trkpt>
      <trkpt lat="50.167917" lon="18.579452"><ele>262.4</ele></trkpt>
      <trkpt lat="50.167952" lon="18.579473"><ele>262.0</ele></trkpt>
      <trkpt lat="50.16799" lon="18.57949"><ele>261.6</ele></trkpt>
      <trkpt lat="50.168025" lon="18.579507"><ele>261.2</ele></trkpt>
      <trkpt lat="50.168063" lon="18.579528"><ele>261.0</ele></trkpt>
      <trkpt lat="50.168102" lon="18.579543"><ele>260.6</ele></trkpt>
      <trkpt lat="50.168143" lon="18.57956"><ele>260.0</ele></trkpt>
      <trkpt lat="50.168185" lon="18.57957"><ele>259.6</ele></trkpt>
      <trkpt lat="50.168227" lon="18.579583"><ele>259.2</ele></trkpt>
      <trkpt lat="50.168268" lon="18.579595"><ele>259.0</ele></trkpt>
      <trkpt lat="50.168307" lon="18.579608"><ele>258.4</ele></trkpt>
      <trkpt lat="50.168348" lon="18.579622"><ele>258.0</ele></trkpt>
      <trkpt lat="50.168393" lon="18.579635"><ele>257.6</ele></trkpt>
      <trkpt lat="50.168435" lon="18.579645"><ele>257.4</ele></trkpt>
      <trkpt lat="50.168477" lon="18.579662"><ele>257.0</ele></trkpt>
      <trkpt lat="50.16852" lon="18.579677"><ele>256.6</ele></trkpt>
      <trkpt lat="50.16856" lon="18.579695"><ele>256.0</ele></trkpt>
      <trkpt lat="50.168592" lon="18.57972"><ele>256.0</ele></trkpt>
      <trkpt lat="50.16862" lon="18.579743"><ele>255.8</ele></trkpt>
      <trkpt lat="50.168655" lon="18.579763"><ele>255.4</ele></trkpt>
      <trkpt lat="50.16869" lon="18.579785"><ele>255.2</ele></trkpt>
      <trkpt lat="50.168725" lon="18.579813"><ele>255.0</ele></trkpt>
      <trkpt lat="50.168763" lon="18.579842"><ele>254.6</ele></trkpt>
      <trkpt lat="50.168802" lon="18.579872"><ele>254.2</ele></trkpt>
      <trkpt lat="50.168838" lon="18.579902"><ele>254.0</ele></trkpt>
      <trkpt lat="50.168873" lon="18.579933"><ele>253.6</ele></trkpt>
      <trkpt lat="50.168905" lon="18.57997"><ele>253.4</ele></trkpt>
      <trkpt lat="50.16894" lon="18.580008"><ele>253.2</ele></trkpt>
      <trkpt lat="50.168975" lon="18.580047"><ele>252.6</ele></trkpt>
      <trkpt lat="50.16901" lon="18.580087"><ele>252.4</ele></trkpt>
      <trkpt lat="50.16904" lon="18.580128"><ele>252.2</ele></trkpt>
      <trkpt lat="50.169075" lon="18.580172"><ele>251.8</ele></trkpt>
      <trkpt lat="50.16911" lon="18.580218"><ele>251.6</ele></trkpt>
      <trkpt lat="50.169142" lon="18.580265"><ele>251.2</ele></trkpt>
      <trkpt lat="50.16918" lon="18.580312"><ele>251.0</ele></trkpt>
      <trkpt lat="50.169212" lon="18.58036"><ele>250.8</ele></trkpt>
      <trkpt lat="50.16924" lon="18.58041"><ele>250.6</ele></trkpt>
      <trkpt lat="50.169273" lon="18.58046"><ele>250.4</ele></trkpt>
      <trkpt lat="50.169308" lon="18.580513"><ele>250.2</ele></trkpt>
      <trkpt lat="50.16934" lon="18.580562"><ele>250.0</ele></trkpt>
      <trkpt lat="50.169375" lon="18.580605"><ele>250.0</ele></trkpt>
      <trkpt lat="50.16941" lon="18.580647"><ele>249.8</ele></trkpt>
      <trkpt lat="50.169445" lon="18.580688"><ele>249.6</ele></trkpt>
      <trkpt lat="50.16948" lon="18.580732"><ele>249.4</ele></trkpt>
      <trkpt lat="50.169525" lon="18.580773"><ele>249.2</ele></trkpt>
      <trkpt lat="50.169563" lon="18.580817"><ele>249.2</ele></trkpt>
      <trkpt lat="50.1696" lon="18.580865"><ele>249.0</ele></trkpt>
      <trkpt lat="50.169643" lon="18.58091"><ele>248.8</ele></trkpt>
      <trkpt lat="50.169677" lon="18.580952"><ele>248.6</ele></trkpt>
      <trkpt lat="50.169715" lon="18.580992"><ele>248.6</ele></trkpt>
      <trkpt lat="50.169753" lon="18.581027"><ele>248.4</ele></trkpt>
      <trkpt lat="50.169792" lon="18.581065"><ele>248.2</ele></trkpt>
      <trkpt lat="50.16983" lon="18.581105"><ele>248.2</ele></trkpt>
      <trkpt lat="50.169868" lon="18.581152"><ele>248.2</ele></trkpt>
      <trkpt lat="50.169907" lon="18.581195"><ele>248.2</ele></trkpt>
      <trkpt lat="50.169945" lon="18.58124"><ele>248.2</ele></trkpt>
      <trkpt lat="50.169983" lon="18.581282"><ele>248.2</ele></trkpt>
      <trkpt lat="50.170022" lon="18.581327"><ele>248.2</ele></trkpt>
      <trkpt lat="50.17006" lon="18.581367"><ele>248.4</ele></trkpt>
      <trkpt lat="50.170095" lon="18.581407"><ele>248.6</ele></trkpt>
      <trkpt lat="50.17013" lon="18.581447"><ele>248.6</ele></trkpt>
      <trkpt lat="50.170168" lon="18.581487"><ele>248.8</ele></trkpt>
      <trkpt lat="50.170207" lon="18.581528"><ele>249.0</ele></trkpt>
      <trkpt lat="50.170245" lon="18.58157"><ele>249.0</ele></trkpt>
      <trkpt lat="50.170283" lon="18.581612"><ele>249.2</ele></trkpt>
      <trkpt lat="50.170322" lon="18.581657"><ele>249.4</ele></trkpt>
      <trkpt lat="50.170363" lon="18.581702"><ele>249.6</ele></trkpt>
      <trkpt lat="50.170402" lon="18.581747"><ele>249.8</ele></trkpt>
      <trkpt lat="50.17044" lon="18.58179"><ele>250.0</ele></trkpt>
      <trkpt lat="50.17048" lon="18.58183"><ele>250.2</ele></trkpt>
      <trkpt lat="50.170512" lon="18.581873"><ele>250.4</ele></trkpt>
      <trkpt lat="50.170553" lon="18.581915"><ele>250.6</ele></trkpt>
      <trkpt lat="50.170592" lon="18.581957"><ele>250.8</ele></trkpt>
      <trkpt lat="50.170627" lon="18.581995"><ele>250.8</ele></trkpt>
      <trkpt lat="50.170662" lon="18.582035"><ele>251.0</ele></trkpt>
      <trkpt lat="50.170697" lon="18.582073"><ele>251.2</ele></trkpt>
      <trkpt lat="50.170728" lon="18.582112"><ele>251.4</ele></trkpt>
      <trkpt lat="50.170763" lon="18.582148"><ele>251.6</ele></trkpt>
      <trkpt lat="50.1708" lon="18.582188"><ele>251.8</ele></trkpt>
      <trkpt lat="50.170832" lon="18.582233"><ele>252.0</ele></trkpt>
      <trkpt lat="50.17087" lon="18.582273"><ele>252.0</ele></trkpt>
      <trkpt lat="50.170905" lon="18.582315"><ele>252.2</ele></trkpt>
      <trkpt lat="50.170943" lon="18.582357"><ele>252.4</ele></trkpt>
      <trkpt lat="50.170978" lon="18.582397"><ele>252.6</ele></trkpt>
      <trkpt lat="50.171017" lon="18.582438"><ele>252.8</ele></trkpt>
      <trkpt lat="50.171058" lon="18.582482"><ele>252.8</ele></trkpt>
      <trkpt lat="50.1711" lon="18.58253"><ele>252.8</ele></trkpt>
      <trkpt lat="50.171142" lon="18.582573"><ele>253.0</ele></trkpt>
      <trkpt lat="50.17118" lon="18.58262"><ele>253.0</ele></trkpt>
      <trkpt lat="50.171222" lon="18.582662"><ele>253.0</ele></trkpt>
      <trkpt lat="50.171267" lon="18.582707"><ele>253.0</ele></trkpt>
      <trkpt lat="50.171305" lon="18.582752"><ele>253.2</ele></trkpt>
      <trkpt lat="50.171353" lon="18.582797"><ele>253.0</ele></trkpt>
      <trkpt lat="50.171395" lon="18.58284"><ele>253.2</ele></trkpt>
      <trkpt lat="50.171437" lon="18.582882"><ele>253.2</ele></trkpt>
      <trkpt lat="50.171475" lon="18.582925"><ele>253.2</ele></trkpt>
      <trkpt lat="50.171517" lon="18.582965"><ele>253.2</ele></trkpt>
      <trkpt lat="50.171555" lon="18.583005"><ele>253.0</ele></trkpt>
      <trkpt lat="50.171593" lon="18.583045"><ele>253.0</ele></trkpt>
      <trkpt lat="50.171632" lon="18.583085"><ele>253.0</ele></trkpt>
      <trkpt lat="50.171673" lon="18.583123"><ele>253.0</ele></trkpt>
      <trkpt lat="50.171712" lon="18.583163"><ele>252.8</ele></trkpt>
      <trkpt lat="50.171743" lon="18.5832"><ele>252.8</ele></trkpt>
      <trkpt lat="50.171782" lon="18.583243"><ele>252.8</ele></trkpt>
      <trkpt lat="50.171817" lon="18.583285"><ele>252.6</ele></trkpt>
      <trkpt lat="50.171852" lon="18.583328"><ele>252.6</ele></trkpt>
      <trkpt lat="50.17188" lon="18.583375"><ele>252.6</ele></trkpt>
      <trkpt lat="50.171913" lon="18.583422"><ele>252.6</ele></trkpt>
      <trkpt lat="50.171948" lon="18.583463"><ele>252.4</ele></trkpt>
      <trkpt lat="50.17198" lon="18.583502"><ele>252.4</ele></trkpt>
      <trkpt lat="50.172018" lon="18.583533"><ele>252.4</ele></trkpt>
      <trkpt lat="50.172053" lon="18.583565"><ele>252.2</ele></trkpt>
      <trkpt lat="50.172092" lon="18.583587"><ele>252.2</ele></trkpt>
      <trkpt lat="50.17213" lon="18.583603"><ele>252.2</ele></trkpt>
      <trkpt lat="50.172172" lon="18.583617"><ele>252.2</ele></trkpt>
      <trkpt lat="50.172213" lon="18.583625"><ele>252.0</ele></trkpt>
      <trkpt lat="50.172255" lon="18.583625"><ele>252.0</ele></trkpt>
      <trkpt lat="50.1723" lon="18.58362"><ele>252.0</ele></trkpt>
      <trkpt lat="50.172338" lon="18.583603"><ele>252.0</ele></trkpt>
      <trkpt lat="50.17238" lon="18.583583"><ele>252.0</ele></trkpt>
      <trkpt lat="50.172418" lon="18.583557"><ele>252.0</ele></trkpt>
      <trkpt lat="50.172457" lon="18.58353"><ele>252.0</ele></trkpt>
      <trkpt lat="50.172498" lon="18.583508"><ele>251.8</ele></trkpt>
      <trkpt lat="50.172543" lon="18.583497"><ele>251.8</ele></trkpt>
      <trkpt lat="50.172585" lon="18.583483"><ele>251.8</ele></trkpt>
      <trkpt lat="50.172627" lon="18.583472"><ele>251.8</ele></trkpt>
      <trkpt lat="50.172665" lon="18.583455"><ele>251.8</ele></trkpt>
      <trkpt lat="50.172707" lon="18.583442"><ele>251.8</ele></trkpt>
      <trkpt lat="50.172748" lon="18.583438"><ele>251.8</ele></trkpt>
      <trkpt lat="50.17279" lon="18.583437"><ele>252.0</ele></trkpt>
      <trkpt lat="50.172832" lon="18.58344"><ele>252.0</ele></trkpt>
      <trkpt lat="50.17287" lon="18.583448"><ele>252.0</ele></trkpt>
      <trkpt lat="50.172912" lon="18.583465"><ele>252.0</ele></trkpt>
      <trkpt lat="50.17295" lon="18.58348"><ele>252.0</ele></trkpt>
      <trkpt lat="50.172985" lon="18.583503"><ele>252.0</ele></trkpt>
      <trkpt lat="50.173023" lon="18.58353"><ele>252.0</ele></trkpt>
      <trkpt lat="50.173055" lon="18.58356"><ele>252.2</ele></trkpt>
      <trkpt lat="50.17309" lon="18.583592"><ele>252.2</ele></trkpt>
      <trkpt lat="50.173118" lon="18.583625"><ele>252.2</ele></trkpt>
      <trkpt lat="50.173148" lon="18.583663"><ele>252.4</ele></trkpt>
      <trkpt lat="50.173173" lon="18.583695"><ele>252.4</ele></trkpt>
      <trkpt lat="50.173202" lon="18.583732"><ele>252.4</ele></trkpt>
      <trkpt lat="50.173228" lon="18.583763"><ele>252.6</ele></trkpt>
      <trkpt lat="50.17326" lon="18.583797"><ele>252.6</ele></trkpt>
      <trkpt lat="50.173285" lon="18.583827"><ele>252.8</ele></trkpt>
      <trkpt lat="50.173312" lon="18.583862"><ele>253.0</ele></trkpt>
      <trkpt lat="50.17334" lon="18.583892"><ele>253.0</ele></trkpt>
      <trkpt lat="50.173365" lon="18.583923"><ele>253.2</ele></trkpt>
      <trkpt lat="50.173388" lon="18.583955"><ele>253.2</ele></trkpt>
      <trkpt lat="50.17342" lon="18.583982"><ele>253.4</ele></trkpt>
      <trkpt lat="50.173445" lon="18.584008"><ele>253.6</ele></trkpt>
      <trkpt lat="50.173472" lon="18.58404"><ele>253.6</ele></trkpt>
      <trkpt lat="50.173503" lon="18.584075"><ele>253.8</ele></trkpt>
      <trkpt lat="50.173528" lon="18.584112"><ele>254.0</ele></trkpt>
      <trkpt lat="50.17356" lon="18.584147"><ele>254.2</ele></trkpt>
      <trkpt lat="50.17359" lon="18.584177"><ele>254.2</ele></trkpt>
      <trkpt lat="50.173628" lon="18.584207"><ele>254.4</ele></trkpt>
      <trkpt lat="50.17366" lon="18.584245"><ele>254.6</ele></trkpt>
      <trkpt lat="50.173695" lon="18.584282"><ele>254.6</ele></trkpt>
      <trkpt lat="50.173723" lon="18.58432"><ele>254.8</ele></trkpt>
      <trkpt lat="50.173757" lon="18.58436"><ele>254.8</ele></trkpt>
      <trkpt lat="50.173785" lon="18.584402"><ele>255.0</ele></trkpt>
      <trkpt lat="50.173813" lon="18.584447"><ele>255.2</ele></trkpt>
      <trkpt lat="50.17384" lon="18.584487"><ele>255.2</ele></trkpt>
      <trkpt lat="50.173868" lon="18.58452"><ele>255.4</ele></trkpt>
      <trkpt lat="50.173903" lon="18.584552"><ele>255.4</ele></trkpt>
      <trkpt lat="50.173935" lon="18.584585"><ele>255.6</ele></trkpt>
      <trkpt lat="50.173963" lon="18.584617"><ele>255.6</ele></trkpt>
      <trkpt lat="50.173993" lon="18.584653"><ele>255.8</ele></trkpt>
      <trkpt lat="50.174018" lon="18.584683"><ele>255.8</ele></trkpt>
      <trkpt lat="50.174047" lon="18.584715"><ele>255.8</ele></trkpt>
      <trkpt lat="50.17408" lon="18.584747"><ele>256.0</ele></trkpt>
      <trkpt lat="50.174112" lon="18.584782"><ele>256.0</ele></trkpt>
      <trkpt lat="50.17414" lon="18.584817"><ele>256.0</ele></trkpt>
      <trkpt lat="50.174165" lon="18.584857"><ele>256.2</ele></trkpt>
      <trkpt lat="50.174195" lon="18.584897"><ele>256.2</ele></trkpt>
      <trkpt lat="50.174217" lon="18.584937"><ele>256.2</ele></trkpt>
      <trkpt lat="50.17424" lon="18.58498"><ele>256.2</ele></trkpt>
      <trkpt lat="50.174265" lon="18.585022"><ele>256.2</ele></trkpt>
      <trkpt lat="50.174293" lon="18.585065"><ele>256.2</ele></trkpt>
      <trkpt lat="50.174317" lon="18.585112"><ele>256.2</ele></trkpt>
      <trkpt lat="50.174338" lon="18.58516"><ele>256.2</ele></trkpt>
      <trkpt lat="50.17436" lon="18.585202"><ele>256.2</ele></trkpt>
      <trkpt lat="50.174383" lon="18.585245"><ele>256.2</ele></trkpt>
      <trkpt lat="50.174412" lon="18.58529"><ele>256.0</ele></trkpt>
      <trkpt lat="50.174438" lon="18.585335"><ele>256.0</ele></trkpt>
      <trkpt lat="50.174463" lon="18.585382"><ele>256.0</ele></trkpt>
      <trkpt lat="50.174492" lon="18.585425"><ele>255.8</ele></trkpt>
      <trkpt lat="50.174515" lon="18.585472"><ele>255.8</ele></trkpt>
      <trkpt lat="50.174533" lon="18.585512"><ele>255.8</ele></trkpt>
      <trkpt lat="50.174553" lon="18.585552"><ele>255.6</ele></trkpt>
      <trkpt lat="50.174572" lon="18.585593"><ele>255.6</ele></trkpt>
      <trkpt lat="50.174592" lon="18.58564"><ele>255.4</ele></trkpt>
      <trkpt lat="50.17461" lon="18.58569"><ele>255.2</ele></trkpt>
      <trkpt lat="50.174633" lon="18.585738"><ele>255.2</ele></trkpt>
      <trkpt lat="50.174658" lon="18.585785"><ele>255.0</ele></trkpt>
      <trkpt lat="50.17468" lon="18.585832"><ele>255.0</ele></trkpt>
      <trkpt lat="50.17471" lon="18.585883"><ele>254.8</ele></trkpt>
      <trkpt lat="50.174738" lon="18.585938"><ele>254.6</ele></trkpt>
      <trkpt lat="50.174767" lon="18.585995"><ele>254.6</ele></trkpt>
      <trkpt lat="50.174793" lon="18.586045"><ele>254.4</ele></trkpt>
      <trkpt lat="50.174815" lon="18.5861"><ele>254.2</ele></trkpt>
      <trkpt lat="50.17484" lon="18.586155"><ele>254.2</ele></trkpt>
      <trkpt lat="50.174867" lon="18.586208"><ele>254.0</ele></trkpt>
      <trkpt lat="50.174888" lon="18.586253"><ele>253.8</ele></trkpt>
      <trkpt lat="50.174915" lon="18.586295"><ele>253.6</ele></trkpt>
      <trkpt lat="50.174937" lon="18.586342"><ele>253.4</ele></trkpt>
      <trkpt lat="50.17496" lon="18.586388"><ele>253.4</ele></trkpt>
      <trkpt lat="50.174982" lon="18.586438"><ele>253.2</ele></trkpt>
      <trkpt lat="50.17501" lon="18.586485"><ele>253.2</ele></trkpt>
      <trkpt lat="50.175033" lon="18.58654"><ele>253.0</ele></trkpt>
      <trkpt lat="50.175055" lon="18.586595"><ele>252.8</ele></trkpt>
      <trkpt lat="50.175078" lon="18.586648"><ele>252.8</ele></trkpt>
      <trkpt lat="50.175107" lon="18.586698"><ele>252.8</ele></trkpt>
      <trkpt lat="50.175132" lon="18.586745"><ele>252.8</ele></trkpt>
      <trkpt lat="50.175163" lon="18.586795"><ele>252.6</ele></trkpt>
      <trkpt lat="50.175187" lon="18.586842"><ele>252.6</ele></trkpt>
      <trkpt lat="50.175212" lon="18.586892"><ele>252.6</ele></trkpt>
      <trkpt lat="50.175235" lon="18.58694"><ele>252.6</ele></trkpt>
      <trkpt lat="50.175263" lon="18.586987"><ele>252.6</ele></trkpt>
      <trkpt lat="50.175288" lon="18.587033"><ele>252.6</ele></trkpt>
      <trkpt lat="50.175315" lon="18.58708"><ele>252.6</ele></trkpt>
      <trkpt lat="50.175343" lon="18.587127"><ele>252.4</ele></trkpt>
      <trkpt lat="50.175368" lon="18.587175"><ele>252.6</ele></trkpt>
      <trkpt lat="50.175392" lon="18.58722"><ele>252.4</ele></trkpt>
      <trkpt lat="50.175417" lon="18.587268"><ele>252.6</ele></trkpt>
      <trkpt lat="50.175445" lon="18.587315"><ele>252.6</ele></trkpt>
      <trkpt lat="50.175468" lon="18.58736"><ele>252.6</ele></trkpt>
      <trkpt lat="50.175493" lon="18.587405"><ele>252.6</ele></trkpt>
      <trkpt lat="50.175517" lon="18.587455"><ele>252.6</ele></trkpt>
      <trkpt lat="50.175542" lon="18.587503"><ele>252.6</ele></trkpt>
      <trkpt lat="50.175567" lon="18.58755"><ele>252.6</ele></trkpt>
      <trkpt lat="50.175597" lon="18.5876"><ele>252.6</ele></trkpt>
      <trkpt lat="50.175625" lon="18.587648"><ele>252.8</ele></trkpt>
      <trkpt lat="50.175653" lon="18.587702"><ele>252.8</ele></trkpt>
      <trkpt lat="50.175682" lon="18.587753"><ele>252.8</ele></trkpt>
      <trkpt lat="50.175708" lon="18.587803"><ele>253.0</ele></trkpt>
      <trkpt lat="50.175733" lon="18.587853"><ele>253.0</ele></trkpt>
      <trkpt lat="50.175757" lon="18.587903"><ele>253.2</ele></trkpt>
      <trkpt lat="50.175785" lon="18.587952"><ele>253.2</ele></trkpt>
      <trkpt lat="50.175803" lon="18.588"><ele>253.4</ele></trkpt>
      <trkpt lat="50.175827" lon="18.588048"><ele>253.4</ele></trkpt>
      <trkpt lat="50.175852" lon="18.588095"><ele>253.6</ele></trkpt>
      <trkpt lat="50.175875" lon="18.58814"><ele>253.6</ele></trkpt>
      <trkpt lat="50.1759" lon="18.588182"><ele>253.8</ele></trkpt>
      <trkpt lat="50.175922" lon="18.588222"><ele>253.8</ele></trkpt>
      <trkpt lat="50.175942" lon="18.58826"><ele>254.0</ele></trkpt>
      <trkpt lat="50.17596" lon="18.588302"><ele>254.2</ele></trkpt>
      <trkpt lat="50.175983" lon="18.588342"><ele>254.2</ele></trkpt>
      <trkpt lat="50.176002" lon="18.588382"><ele>254.4</ele></trkpt>
      <trkpt lat="50.176025" lon="18.588423"><ele>254.6</ele></trkpt>
      <trkpt lat="50.176047" lon="18.588468"><ele>254.6</ele></trkpt>
      <trkpt lat="50.176063" lon="18.58851"><ele>254.8</ele></trkpt>
      <trkpt lat="50.176085" lon="18.588548"><ele>254.8</ele></trkpt>
      <trkpt lat="50.176105" lon="18.588585"><ele>255.0</ele></trkpt>
      <trkpt lat="50.17613" lon="18.58862"><ele>255.2</ele></trkpt>
      <trkpt lat="50.17616" lon="18.588657"><ele>255.2</ele></trkpt>
      <trkpt lat="50.176185" lon="18.588693"><ele>255.4</ele></trkpt>
      <trkpt lat="50.176217" lon="18.588725"><ele>255.4</ele></trkpt>
      <trkpt lat="50.176242" lon="18.58876"><ele>255.6</ele></trkpt>
      <trkpt lat="50.176268" lon="18.58879"><ele>255.8</ele></trkpt>
      <trkpt lat="50.1763" lon="18.588818"><ele>255.8</ele></trkpt>
      <trkpt lat="50.176328" lon="18.588847"><ele>256.0</ele></trkpt>
      <trkpt lat="50.17636" lon="18.588875"><ele>256.0</ele></trkpt>
      <trkpt lat="50.176387" lon="18.588905"><ele>256.0</ele></trkpt>
      <trkpt lat="50.176415" lon="18.588932"><ele>256.2</ele></trkpt>
      <trkpt lat="50.176443" lon="18.588957"><ele>256.4</ele></trkpt>
      <trkpt lat="50.17648" lon="18.588983"><ele>256.4</ele></trkpt>
      <trkpt lat="50.176508" lon="18.589007"><ele>256.6</ele></trkpt>
      <trkpt lat="50.176543" lon="18.589032"><ele>256.6</ele></trkpt>
      <trkpt lat="50.176575" lon="18.589053"><ele>256.6</ele></trkpt>
      <trkpt lat="50.176603" lon="18.58908"><ele>256.8</ele></trkpt>
      <trkpt lat="50.176637" lon="18.589108"><ele>256.8</ele></trkpt>
      <trkpt lat="50.176662" lon="18.589138"><ele>256.8</ele></trkpt>
      <trkpt lat="50.176687" lon="18.589172"><ele>256.8</ele></trkpt>
      <trkpt lat="50.176717" lon="18.589202"><ele>257.0</ele></trkpt>
      <trkpt lat="50.176742" lon="18.589235"><ele>257.0</ele></trkpt>
      <trkpt lat="50.176767" lon="18.58927"><ele>257.0</ele></trkpt>
      <trkpt lat="50.176793" lon="18.589305"><ele>257.0</ele></trkpt>
      <trkpt lat="50.176818" lon="18.58934"><ele>257.0</ele></trkpt>
      <trkpt lat="50.176843" lon="18.589373"><ele>257.0</ele></trkpt>
      <trkpt lat="50.176867" lon="18.58941"><ele>257.0</ele></trkpt>
      <trkpt lat="50.176895" lon="18.58945"><ele>257.0</ele></trkpt>
      <trkpt lat="50.176918" lon="18.58949"><ele>257.0</ele></trkpt>
      <trkpt lat="50.17694" lon="18.58953"><ele>257.0</ele></trkpt>
      <trkpt lat="50.176962" lon="18.589568"><ele>257.0</ele></trkpt>
      <trkpt lat="50.176985" lon="18.589608"><ele>257.0</ele></trkpt>
      <trkpt lat="50.177013" lon="18.589647"><ele>257.0</ele></trkpt>
      <trkpt lat="50.17704" lon="18.589682"><ele>257.0</ele></trkpt>
      <trkpt lat="50.177065" lon="18.58972"><ele>257.0</ele></trkpt>
      <trkpt lat="50.177093" lon="18.58976"><ele>257.0</ele></trkpt>
      <trkpt lat="50.177117" lon="18.5898"><ele>257.0</ele></trkpt>
      <trkpt lat="50.177142" lon="18.58984"><ele>257.0</ele></trkpt>
      <trkpt lat="50.17717" lon="18.589885"><ele>257.0</ele></trkpt>
      <trkpt lat="50.1772" lon="18.589932"><ele>256.8</ele></trkpt>
      <trkpt lat="50.177232" lon="18.589982"><ele>256.8</ele></trkpt>
      <trkpt lat="50.177263" lon="18.590032"><ele>256.8</ele></trkpt>
      <trkpt lat="50.177295" lon="18.59008"><ele>256.8</ele></trkpt>
      <trkpt lat="50.17733" lon="18.590128"><ele>256.8</ele></trkpt>
      <trkpt lat="50.17736" lon="18.590177"><ele>256.6</ele></trkpt>
      <trkpt lat="50.177395" lon="18.590225"><ele>256.6</ele></trkpt>
      <trkpt lat="50.17742" lon="18.59027"><ele>256.6</ele></trkpt>
      <trkpt lat="50.177455" lon="18.590317"><ele>256.6</ele></trkpt>
      <trkpt lat="50.177487" lon="18.590358"><ele>256.4</ele></trkpt>
      <trkpt lat="50.177517" lon="18.590403"><ele>256.4</ele></trkpt>
      <trkpt lat="50.177548" lon="18.590453"><ele>256.4</ele></trkpt>
      <trkpt lat="50.17758" lon="18.590503"><ele>256.4</ele></trkpt>
      <trkpt lat="50.177615" lon="18.590555"><ele>256.2</ele></trkpt>
      <trkpt lat="50.177647" lon="18.590607"><ele>256.2</ele></trkpt>
      <trkpt lat="50.17768" lon="18.590657"><ele>256.2</ele></trkpt>
      <trkpt lat="50.177715" lon="18.590707"><ele>256.2</ele></trkpt>
      <trkpt lat="50.177747" lon="18.590757"><ele>256.0</ele></trkpt>
      <trkpt lat="50.177775" lon="18.590802"><ele>256.0</ele></trkpt>
      <trkpt lat="50.177807" lon="18.59085"><ele>256.0</ele></trkpt>
      <trkpt lat="50.177837" lon="18.590895"><ele>256.0</ele></trkpt>
      <trkpt lat="50.177872" lon="18.590943"><ele>256.0</ele></trkpt>
      <trkpt lat="50.1779" lon="18.590995"><ele>256.0</ele></trkpt>
      <trkpt lat="50.177935" lon="18.591043"><ele>255.8</ele></trkpt>
      <trkpt lat="50.17797" lon="18.591097"><ele>255.8</ele></trkpt>
      <trkpt lat="50.178005" lon="18.591148"><ele>255.8</ele></trkpt>
      <trkpt lat="50.178035" lon="18.591198"><ele>255.8</ele></trkpt>
      <trkpt lat="50.17807" lon="18.591248"><ele>255.8</ele></trkpt>
      <trkpt lat="50.178098" lon="18.5913"><ele>255.8</ele></trkpt>
      <trkpt lat="50.17813" lon="18.591352"><ele>255.8</ele></trkpt>
      <trkpt lat="50.178162" lon="18.591402"><ele>255.6</ele></trkpt>
      <trkpt lat="50.178195" lon="18.591457"><ele>255.6</ele></trkpt>
      <trkpt lat="50.17823" lon="18.59151"><ele>255.6</ele></trkpt>
      <trkpt lat="50.178265" lon="18.591563"><ele>255.6</ele></trkpt>
      <trkpt lat="50.178293" lon="18.591615"><ele>255.6</ele></trkpt>
      <trkpt lat="50.178325" lon="18.591665"><ele>255.6</ele></trkpt>
      <trkpt lat="50.178358" lon="18.591717"><ele>255.6</ele></trkpt>
      <trkpt lat="50.178393" lon="18.591765"><ele>255.4</ele></trkpt>
      <trkpt lat="50.178428" lon="18.591818"><ele>255.4</ele></trkpt>
      <trkpt lat="50.178463" lon="18.591875"><ele>255.4</ele></trkpt>
      <trkpt lat="50.178492" lon="18.591927"><ele>255.4</ele></trkpt>
      <trkpt lat="50.178527" lon="18.591983"><ele>255.4</ele></trkpt>
      <trkpt lat="50.178562" lon="18.592037"><ele>255.4</ele></trkpt>
      <trkpt lat="50.178595" lon="18.592092"><ele>255.4</ele></trkpt>
      <trkpt lat="50.17863" lon="18.592145"><ele>255.2</ele></trkpt>
      <trkpt lat="50.178665" lon="18.592197"><ele>255.2</ele></trkpt>
      <trkpt lat="50.1787" lon="18.59225"><ele>255.2</ele></trkpt>
      <trkpt lat="50.178732" lon="18.592303"><ele>255.2</ele></trkpt>
      <trkpt lat="50.178767" lon="18.592358"><ele>255.2</ele></trkpt>
      <trkpt lat="50.178805" lon="18.5924"><ele>255.2</ele></trkpt>
      <trkpt lat="50.178843" lon="18.59244"><ele>255.2</ele></trkpt>
      <trkpt lat="50.178882" lon="18.592478"><ele>255.2</ele></trkpt>
      <trkpt lat="50.178923" lon="18.592513"><ele>255.2</ele></trkpt>
      <trkpt lat="50.178965" lon="18.592547"><ele>255.2</ele></trkpt>
      <trkpt lat="50.179007" lon="18.592572"><ele>255.2</ele></trkpt>
      <trkpt lat="50.179058" lon="18.5926"><ele>255.0</ele></trkpt>
      <trkpt lat="50.179103" lon="18.592623"><ele>255.0</ele></trkpt>
      <trkpt lat="50.179148" lon="18.592647"><ele>255.0</ele></trkpt>
      <trkpt lat="50.179197" lon="18.592673"><ele>255.0</ele></trkpt>
      <trkpt lat="50.17924" lon="18.5927"><ele>255.0</ele></trkpt>
      <trkpt lat="50.179285" lon="18.59273"><ele>255.0</ele></trkpt>
      <trkpt lat="50.179337" lon="18.592758"><ele>255.0</ele></trkpt>
      <trkpt lat="50.179378" lon="18.592787"><ele>255.0</ele></trkpt>
      <trkpt lat="50.179427" lon="18.592815"><ele>255.0</ele></trkpt>
      <trkpt lat="50.179468" lon="18.592843"><ele>255.0</ele></trkpt>
      <trkpt lat="50.179517" lon="18.592868"><ele>255.0</ele></trkpt>
      <trkpt lat="50.179555" lon="18.592888"><ele>255.0</ele></trkpt>
      <trkpt lat="50.179593" lon="18.592912"><ele>255.0</ele></trkpt>
      <trkpt lat="50.179635" lon="18.592935"><ele>255.0</ele></trkpt>
      <trkpt lat="50.17968" lon="18.592955"><ele>255.0</ele></trkpt>
      <trkpt lat="50.17972" lon="18.592977"><ele>255.0</ele></trkpt>
      <trkpt lat="50.179765" lon="18.593"><ele>255.0</ele></trkpt>
      <trkpt lat="50.179813" lon="18.593028"><ele>254.8</ele></trkpt>
      <trkpt lat="50.179855" lon="18.59305"><ele>254.8</ele></trkpt>
      <trkpt lat="50.179897" lon="18.593075"><ele>254.8</ele></trkpt>
      <trkpt lat="50.179942" lon="18.593097"><ele>254.8</ele></trkpt>
      <trkpt lat="50.179983" lon="18.593122"><ele>254.6</ele></trkpt>
      <trkpt lat="50.180025" lon="18.593145"><ele>254.6</ele></trkpt>
      <trkpt lat="50.18007" lon="18.593163"><ele>254.6</ele></trkpt>
      <trkpt lat="50.180112" lon="18.593187"><ele>254.4</ele></trkpt>
      <trkpt lat="50.180153" lon="18.593207"><ele>254.4</ele></trkpt>
      <trkpt lat="50.180195" lon="18.593225"><ele>254.4</ele></trkpt>
      <trkpt lat="50.180237" lon="18.593242"><ele>254.2</ele></trkpt>
      <trkpt lat="50.180278" lon="18.593263"><ele>254.0</ele></trkpt>
      <trkpt lat="50.18032" lon="18.593283"><ele>254.0</ele></trkpt>
      <trkpt lat="50.18036" lon="18.593307"><ele>254.0</ele></trkpt>
      <trkpt lat="50.180408" lon="18.593323"><ele>253.8</ele></trkpt>
      <trkpt lat="50.18045" lon="18.593343"><ele>253.6</ele></trkpt>
      <trkpt lat="50.180495" lon="18.59336"><ele>253.6</ele></trkpt>
      <trkpt lat="50.180537" lon="18.593373"><ele>253.4</ele></trkpt>
      <trkpt lat="50.180582" lon="18.593387"><ele>253.4</ele></trkpt>
      <trkpt lat="50.18063" lon="18.5934"><ele>253.4</ele></trkpt>
      <trkpt lat="50.180678" lon="18.593415"><ele>253.2</ele></trkpt>
      <trkpt lat="50.180732" lon="18.593425"><ele>253.2</ele></trkpt>
      <trkpt lat="50.18078" lon="18.593428"><ele>253.2</ele></trkpt>
      <trkpt lat="50.180832" lon="18.593428"><ele>253.0</ele></trkpt>
      <trkpt lat="50.18088" lon="18.593425"><ele>253.0</ele></trkpt>
      <trkpt lat="50.18093" lon="18.593417"><ele>253.0</ele></trkpt>
      <trkpt lat="50.180975" lon="18.593405"><ele>252.8</ele></trkpt>
      <trkpt lat="50.181027" lon="18.593388"><ele>252.8</ele></trkpt>
      <trkpt lat="50.181075" lon="18.593372"><ele>252.8</ele></trkpt>
      <trkpt lat="50.181122" lon="18.593347"><ele>252.8</ele></trkpt>
      <trkpt lat="50.18117" lon="18.593322"><ele>252.6</ele></trkpt>
      <trkpt lat="50.181215" lon="18.593297"><ele>252.6</ele></trkpt>
      <trkpt lat="50.181263" lon="18.593273"><ele>252.6</ele></trkpt>
      <trkpt lat="50.181305" lon="18.593253"><ele>252.4</ele></trkpt>
      <trkpt lat="50.181347" lon="18.593235"><ele>252.4</ele></trkpt>
      <trkpt lat="50.181385" lon="18.593215"><ele>252.4</ele></trkpt>
      <trkpt lat="50.18142" lon="18.593193"><ele>252.2</ele></trkpt>
      <trkpt lat="50.181452" lon="18.593167"><ele>252.2</ele></trkpt>
      <trkpt lat="50.18149" lon="18.59315"><ele>252.2</ele></trkpt>
      <trkpt lat="50.181532" lon="18.59314"><ele>252.0</ele></trkpt>
      <trkpt lat="50.18157" lon="18.593118"><ele>252.0</ele></trkpt>
      <trkpt lat="50.181608" lon="18.593088"><ele>251.8</ele></trkpt>
      <trkpt lat="50.181647" lon="18.593063"><ele>251.8</ele></trkpt>
      <trkpt lat="50.181685" lon="18.593047"><ele>251.8</ele></trkpt>
      <trkpt lat="50.181727" lon="18.593038"><ele>251.8</ele></trkpt>
      <trkpt lat="50.181768" lon="18.593028"><ele>251.8</ele></trkpt>
      <trkpt lat="50.181817" lon="18.593025"><ele>251.6</ele></trkpt>
      <trkpt lat="50.181862" lon="18.593025"><ele>251.6</ele></trkpt>
      <trkpt lat="50.181903" lon="18.593028"><ele>251.6</ele></trkpt>
      <trkpt lat="50.181948" lon="18.593038"><ele>251.6</ele></trkpt>
      <trkpt lat="50.18199" lon="18.593043"><ele>251.6</ele></trkpt>
      <trkpt lat="50.182038" lon="18.593055"><ele>251.6</ele></trkpt>
      <trkpt lat="50.182082" lon="18.59307"><ele>251.6</ele></trkpt>
      <trkpt lat="50.182123" lon="18.593095"><ele>251.8</ele></trkpt>
      <trkpt lat="50.182165" lon="18.593122"><ele>251.8</ele></trkpt>
      <trkpt lat="50.182213" lon="18.593147"><ele>251.8</ele></trkpt>
      <trkpt lat="50.182255" lon="18.593167"><ele>251.8</ele></trkpt>
      <trkpt lat="50.182293" lon="18.593187"><ele>252.0</ele></trkpt>
      <trkpt lat="50.182335" lon="18.593203"><ele>252.0</ele></trkpt>
      <trkpt lat="50.182377" lon="18.593228"><ele>252.0</ele></trkpt>
      <trkpt lat="50.182408" lon="18.593262"><ele>252.0</ele></trkpt>
      <trkpt lat="50.182443" lon="18.593293"><ele>252.2</ele></trkpt>
      <trkpt lat="50.18248" lon="18.593322"><ele>252.2</ele></trkpt>
      <trkpt lat="50.182508" lon="18.593357"><ele>252.2</ele></trkpt>
      <trkpt lat="50.182543" lon="18.593398"><ele>252.2</ele></trkpt>
      <trkpt lat="50.182582" lon="18.593442"><ele>252.4</ele></trkpt>
      <trkpt lat="50.182613" lon="18.59348"><ele>252.4</ele></trkpt>
      <trkpt lat="50.182642" lon="18.593523"><ele>252.4</ele></trkpt>
      <trkpt lat="50.182672" lon="18.593568"><ele>252.6</ele></trkpt>
      <trkpt lat="50.182703" lon="18.593612"><ele>252.6</ele></trkpt>
      <trkpt lat="50.182738" lon="18.593655"><ele>252.6</ele></trkpt>
      <trkpt lat="50.182773" lon="18.593698"><ele>252.6</ele></trkpt>
      <trkpt lat="50.182812" lon="18.593742"><ele>252.6</ele></trkpt>
      <trkpt lat="50.18285" lon="18.593788"><ele>252.6</ele></trkpt>
      <trkpt lat="50.182882" lon="18.593832"><ele>252.6</ele></trkpt>
      <trkpt lat="50.182918" lon="18.593875"><ele>252.6</ele></trkpt>
      <trkpt lat="50.182953" lon="18.593918"><ele>252.6</ele></trkpt>
      <trkpt lat="50.182982" lon="18.593955"><ele>252.6</ele></trkpt>
      <trkpt lat="50.183017" lon="18.59399"><ele>252.4</ele></trkpt>
      <trkpt lat="50.183052" lon="18.594007"><ele>252.4</ele></trkpt>
      <trkpt lat="50.18309" lon="18.594027"><ele>252.4</ele></trkpt>
      <trkpt lat="50.183122" lon="18.59405"><ele>252.4</ele></trkpt>
      <trkpt lat="50.183158" lon="18.594067"><ele>252.2</ele></trkpt>
      <trkpt lat="50.183193" lon="18.594073"><ele>252.2</ele></trkpt>
      <trkpt lat="50.183235" lon="18.594067"><ele>252.2</ele></trkpt>
      <trkpt lat="50.183273" lon="18.594058"><ele>252.0</ele></trkpt>
      <trkpt lat="50.183312" lon="18.594053"><ele>252.0</ele></trkpt>
      <trkpt lat="50.183353" lon="18.59405"><ele>251.8</ele></trkpt>
      <trkpt lat="50.183392" lon="18.59404"><ele>251.6</ele></trkpt>
      <trkpt lat="50.183433" lon="18.59403"><ele>251.6</ele></trkpt>
      <trkpt lat="50.183475" lon="18.594017"><ele>251.4</ele></trkpt>
      <trkpt lat="50.183517" lon="18.594003"><ele>251.2</ele></trkpt>
      <trkpt lat="50.183555" lon="18.593997"><ele>251.0</ele></trkpt>
      <trkpt lat="50.183593" lon="18.593977"><ele>251.0</ele></trkpt>
      <trkpt lat="50.183632" lon="18.59396"><ele>250.8</ele></trkpt>
      <trkpt lat="50.18367" lon="18.593953"><ele>250.6</ele></trkpt>
      <trkpt lat="50.183708" lon="18.59395"><ele>250.4</ele></trkpt>
      <trkpt lat="50.183747" lon="18.59395"><ele>250.2</ele></trkpt>
      <trkpt lat="50.183785" lon="18.593955"><ele>250.0</ele></trkpt>
      <trkpt lat="50.183823" lon="18.593962"><ele>249.8</ele></trkpt>
      <trkpt lat="50.183858" lon="18.59397"><ele>249.6</ele></trkpt>
      <trkpt lat="50.183897" lon="18.59398"><ele>249.4</ele></trkpt>
      <trkpt lat="50.183935" lon="18.593997"><ele>249.2</ele></trkpt>
      <trkpt lat="50.18397" lon="18.59402"><ele>249.0</ele></trkpt>
      <trkpt lat="50.184005" lon="18.594042"><ele>248.8</ele></trkpt>
      <trkpt lat="50.18404" lon="18.594067"><ele>248.6</ele></trkpt>
      <trkpt lat="50.184077" lon="18.5941"><ele>248.4</ele></trkpt>
      <trkpt lat="50.184108" lon="18.594138"><ele>248.2</ele></trkpt>
      <trkpt lat="50.184143" lon="18.594185"><ele>248.0</ele></trkpt>
      <trkpt lat="50.184172" lon="18.59423"><ele>247.8</ele></trkpt>
      <trkpt lat="50.184203" lon="18.594272"><ele>247.6</ele></trkpt>
      <trkpt lat="50.18424" lon="18.59431"><ele>247.4</ele></trkpt>
      <trkpt lat="50.184265" lon="18.59435"><ele>247.4</ele></trkpt>
      <trkpt lat="50.184293" lon="18.594398"><ele>247.2</ele></trkpt>
      <trkpt lat="50.184322" lon="18.594445"><ele>247.0</ele></trkpt>
      <trkpt lat="50.184348" lon="18.594493"><ele>247.0</ele></trkpt>
      <trkpt lat="50.184373" lon="18.594543"><ele>246.8</ele></trkpt>
      <trkpt lat="50.184402" lon="18.594597"><ele>246.6</ele></trkpt>
      <trkpt lat="50.184428" lon="18.594652"><ele>246.6</ele></trkpt>
      <trkpt lat="50.184453" lon="18.594703"><ele>246.4</ele></trkpt>
      <trkpt lat="50.184485" lon="18.594753"><ele>246.4</ele></trkpt>
      <trkpt lat="50.184518" lon="18.594798"><ele>246.2</ele></trkpt>
      <trkpt lat="50.184547" lon="18.594843"><ele>246.2</ele></trkpt>
      <trkpt lat="50.184578" lon="18.594892"><ele>246.0</ele></trkpt>
      <trkpt lat="50.18461" lon="18.594933"><ele>246.0</ele></trkpt>
      <trkpt lat="50.184645" lon="18.594967"><ele>246.0</ele></trkpt>
      <trkpt lat="50.184683" lon="18.594997"><ele>246.0</ele></trkpt>
      <trkpt lat="50.18472" lon="18.59502"><ele>245.8</ele></trkpt>
      <trkpt lat="50.184752" lon="18.595037"><ele>245.8</ele></trkpt>
      <trkpt lat="50.184787" lon="18.59505"><ele>245.8</ele></trkpt>
      <trkpt lat="50.184825" lon="18.59506"><ele>245.6</ele></trkpt>
      <trkpt lat="50.184863" lon="18.595063"><ele>245.6</ele></trkpt>
      <trkpt lat="50.184905" lon="18.595062"><ele>245.6</ele></trkpt>
      <trkpt lat="50.184943" lon="18.595063"><ele>245.6</ele></trkpt>
      <trkpt lat="50.184985" lon="18.595063"><ele>245.6</ele></trkpt>
      <trkpt lat="50.185027" lon="18.59507"><ele>245.6</ele></trkpt>
      <trkpt lat="50.185065" lon="18.59508"><ele>245.6</ele></trkpt>
      <trkpt lat="50.185103" lon="18.59509"><ele>245.6</ele></trkpt>
      <trkpt lat="50.185142" lon="18.595108"><ele>245.4</ele></trkpt>
      <trkpt lat="50.185177" lon="18.59513"><ele>245.4</ele></trkpt>
      <trkpt lat="50.185215" lon="18.59516"><ele>245.4</ele></trkpt>
      <trkpt lat="50.185247" lon="18.595192"><ele>245.4</ele></trkpt>
      <trkpt lat="50.185282" lon="18.595222"><ele>245.2</ele></trkpt>
      <trkpt lat="50.18532" lon="18.595253"><ele>245.2</ele></trkpt>
      <trkpt lat="50.18536" lon="18.595288"><ele>245.2</ele></trkpt>
      <trkpt lat="50.185398" lon="18.595318"><ele>245.0</ele></trkpt>
      <trkpt lat="50.185437" lon="18.595352"><ele>245.0</ele></trkpt>
      <trkpt lat="50.185465" lon="18.595393"><ele>244.8</ele></trkpt>
      <trkpt lat="50.1855" lon="18.595432"><ele>244.8</ele></trkpt>
      <trkpt lat="50.185525" lon="18.595473"><ele>244.8</ele></trkpt>
      <trkpt lat="50.185555" lon="18.59552"><ele>244.6</ele></trkpt>
      <trkpt lat="50.185583" lon="18.595565"><ele>244.6</ele></trkpt>
      <trkpt lat="50.185618" lon="18.595615"><ele>244.6</ele></trkpt>
      <trkpt lat="50.185653" lon="18.59566"><ele>244.4</ele></trkpt>
      <trkpt lat="50.185688" lon="18.595708"><ele>244.4</ele></trkpt>
      <trkpt lat="50.18572" lon="18.595755"><ele>244.2</ele></trkpt>
      <trkpt lat="50.18576" lon="18.5958"><ele>244.2</ele></trkpt>
      <trkpt lat="50.185795" lon="18.595843"><ele>244.0</ele></trkpt>
      <trkpt lat="50.185833" lon="18.595885"><ele>243.8</ele></trkpt>
      <trkpt lat="50.185872" lon="18.595925"><ele>243.8</ele></trkpt>
      <trkpt lat="50.18591" lon="18.595965"><ele>243.6</ele></trkpt>
      <trkpt lat="50.185948" lon="18.596007"><ele>243.4</ele></trkpt>
      <trkpt lat="50.185993" lon="18.596047"><ele>243.4</ele></trkpt>
      <trkpt lat="50.18604" lon="18.596092"><ele>243.2</ele></trkpt>
      <trkpt lat="50.186088" lon="18.596133"><ele>243.2</ele></trkpt>
      <trkpt lat="50.186137" lon="18.596173"><ele>243.0</ele></trkpt>
      <trkpt lat="50.186182" lon="18.5962"><ele>243.0</ele></trkpt>
      <trkpt lat="50.186233" lon="18.596225"><ele>242.8</ele></trkpt>
      <trkpt lat="50.186278" lon="18.59625"><ele>242.6</ele></trkpt>
      <trkpt lat="50.186325" lon="18.59627"><ele>242.6</ele></trkpt>
      <trkpt lat="50.18637" lon="18.59629"><ele>242.4</ele></trkpt>
      <trkpt lat="50.186415" lon="18.596305"><ele>242.4</ele></trkpt>
      <trkpt lat="50.186457" lon="18.59632"><ele>242.4</ele></trkpt>
      <trkpt lat="50.186498" lon="18.596335"><ele>242.4</ele></trkpt>
      <trkpt lat="50.186537" lon="18.596352"><ele>242.2</ele></trkpt>
      <trkpt lat="50.186575" lon="18.596365"><ele>242.2</ele></trkpt>
      <trkpt lat="50.18661" lon="18.596382"><ele>242.2</ele></trkpt>
      <trkpt lat="50.186642" lon="18.596393"><ele>242.2</ele></trkpt>
      <trkpt lat="50.186675" lon="18.596397"><ele>242.2</ele></trkpt>
      <trkpt lat="50.18671" lon="18.596408"><ele>242.2</ele></trkpt>
      <trkpt lat="50.186742" lon="18.59642"><ele>242.2</ele></trkpt>
      <trkpt lat="50.186773" lon="18.596432"><ele>242.2</ele></trkpt>
      <trkpt lat="50.186805" lon="18.59644"><ele>242.2</ele></trkpt>
      <trkpt lat="50.18684" lon="18.596445"><ele>242.4</ele></trkpt>
      <trkpt lat="50.186873" lon="18.596452"><ele>242.4</ele></trkpt>
      <trkpt lat="50.186908" lon="18.596463"><ele>242.4</ele></trkpt>
      <trkpt lat="50.186943" lon="18.596472"><ele>242.6</ele></trkpt>
      <trkpt lat="50.186975" lon="18.596477"><ele>242.6</ele></trkpt>
      <trkpt lat="50.18701" lon="18.59648"><ele>242.6</ele></trkpt>
      <trkpt lat="50.187048" lon="18.59648"><ele>242.8</ele></trkpt>
      <trkpt lat="50.187083" lon="18.59648"><ele>242.8</ele></trkpt>
      <trkpt lat="50.18712" lon="18.59647"><ele>243.0</ele></trkpt>
      <trkpt lat="50.187152" lon="18.59645"><ele>243.0</ele></trkpt>
      <trkpt lat="50.187183" lon="18.596425"><ele>243.2</ele></trkpt>
      <trkpt lat="50.187208" lon="18.596397"><ele>243.2</ele></trkpt>
      <trkpt lat="50.18724" lon="18.59636"><ele>243.4</ele></trkpt>
      <trkpt lat="50.18726" lon="18.596318"><ele>243.6</ele></trkpt>
      <trkpt lat="50.18728" lon="18.596277"><ele>243.6</ele></trkpt>
      <trkpt lat="50.187302" lon="18.596235"><ele>243.6</ele></trkpt>
      <trkpt lat="50.18732" lon="18.596192"><ele>243.8</ele></trkpt>
      <trkpt lat="50.18734" lon="18.596147"><ele>243.8</ele></trkpt>
      <trkpt lat="50.187358" lon="18.596102"><ele>243.8</ele></trkpt>
      <trkpt lat="50.187372" lon="18.596055"><ele>244.0</ele></trkpt>
      <trkpt lat="50.187392" lon="18.596008"><ele>244.0</ele></trkpt>
      <trkpt lat="50.187407" lon="18.59596"><ele>244.2</ele></trkpt>
      <trkpt lat="50.18742" lon="18.59591"><ele>244.2</ele></trkpt>
      <trkpt lat="50.18744" lon="18.595865"><ele>244.2</ele></trkpt>
      <trkpt lat="50.187458" lon="18.595818"><ele>244.2</ele></trkpt>
      <trkpt lat="50.187472" lon="18.595775"><ele>244.4</ele></trkpt>
      <trkpt lat="50.187487" lon="18.595728"><ele>244.4</ele></trkpt>
      <trkpt lat="50.187507" lon="18.595683"><ele>244.4</ele></trkpt>
      <trkpt lat="50.187525" lon="18.59564"><ele>244.4</ele></trkpt>
      <trkpt lat="50.187545" lon="18.595597"><ele>244.6</ele></trkpt>
      <trkpt lat="50.187563" lon="18.595553"><ele>244.6</ele></trkpt>
      <trkpt lat="50.18758" lon="18.595512"><ele>244.6</ele></trkpt>
      <trkpt lat="50.1876" lon="18.595467"><ele>244.8</ele></trkpt>
      <trkpt lat="50.187615" lon="18.595422"><ele>244.8</ele></trkpt>
      <trkpt lat="50.187628" lon="18.59538"><ele>244.8</ele></trkpt>
      <trkpt lat="50.187638" lon="18.59534"><ele>245.0</ele></trkpt>
      <trkpt lat="50.187638" lon="18.595302"><ele>245.0</ele></trkpt>
      <trkpt lat="50.187628" lon="18.595263"><ele>245.0</ele></trkpt>
      <trkpt lat="50.187615" lon="18.59523"><ele>245.2</ele></trkpt>
      <trkpt lat="50.187597" lon="18.595193"><ele>245.2</ele></trkpt>
      <trkpt lat="50.187577" lon="18.59516"><ele>245.2</ele></trkpt>
      <trkpt lat="50.187558" lon="18.595123"><ele>245.2</ele></trkpt>
      <trkpt lat="50.187532" lon="18.595092"><ele>245.2</ele></trkpt>
      <trkpt lat="50.18751" lon="18.595063"><ele>245.2</ele></trkpt>
      <trkpt lat="50.18749" lon="18.595035"><ele>245.2</ele></trkpt>
      <trkpt lat="50.187472" lon="18.595003"><ele>245.0</ele></trkpt>
      <trkpt lat="50.187452" lon="18.594973"><ele>245.0</ele></trkpt>
      <trkpt lat="50.187433" lon="18.594945"><ele>245.0</ele></trkpt>
      <trkpt lat="50.187417" lon="18.59492"><ele>245.0</ele></trkpt>
      <trkpt lat="50.1874" lon="18.59489"><ele>245.0</ele></trkpt>
      <trkpt lat="50.187382" lon="18.594862"><ele>245.0</ele></trkpt>
      <trkpt lat="50.187365" lon="18.594835"><ele>245.0</ele></trkpt>
      <trkpt lat="50.18735" lon="18.594812"><ele>245.0</ele></trkpt>
      <trkpt lat="50.18733" lon="18.594778"><ele>245.0</ele></trkpt>
    </trkseg>
  </trk>
</gpx>
